사고번호,사고일시,요일,시군구,사고내용,사망자수,중상자수,경상자수,부상신고자수,사고유형,법규위반,노면상태,기상상태,도로형태,가해운전자 차종,가해운전자 성별,가해운전자 연령,가해운전자 상해정도,피해운전자 차종,피해운전자 성별,피해운전자 연령,피해운전자 상해정도
2016011300100166,2016년 1월 13일 09시,수요일,인천광역시 계양구 목상동,경상사고,0,0,1,0,차대차 - 측면충돌,신호위반,건조,맑음,교차로 - 교차로안,승용,남,73세,상해없음,승용,남,46세,경상
2016011300100167,2016년 1월 13일 09시,수요일,인천광역시 연수구 연수동,경상사고,0,0,1,0,차량단독 - 기타,기타,건조,맑음,단일로 - 기타,승합,남,60세,상해없음,,,,
2016011300100194,2016년 1월 13일 10시,수요일,인천광역시 남구 숭의동,경상사고,0,0,5,0,차대차 - 측면직각충돌,안전거리미확보,건조,맑음,교차로 - 교차로안,승용,여,39세,상해없음,승용,여,28세,경상
2016011300100241,2016년 1월 13일 12시,수요일,인천광역시 부평구 부개동,중상사고,0,1,0,0,차대사람 - 길가장자리구역통행중,안전운전불이행,건조,맑음,단일로 - 기타,승용,여,46세,상해없음,보행자,여,32세,중상
2016011300100288,2016년 1월 13일 14시,수요일,인천광역시 중구 운서동,중상사고,0,1,0,0,차대차 - 정면충돌,신호위반,습기,눈,교차로 - 교차로안,승용,여,37세,상해없음,승용,여,53세,중상
2016011300100289,2016년 1월 13일 14시,수요일,인천광역시 중구 신흥동3가,경상사고,0,0,2,0,차대차 - 정면충돌,안전운전불이행,습기,눈,단일로 - 기타,화물,남,63세,경상,승용,남,29세,경상
2016011300100291,2016년 1월 13일 14시,수요일,인천광역시 남동구 간석동,경상사고,0,0,1,0,차대사람 - 기타,기타,건조,맑음,교차로 - 교차로부근,화물,남,53세,상해없음,보행자,남,46세,경상
2016011300100292,2016년 1월 13일 14시,수요일,인천광역시 부평구 부평동,부상신고사고,0,0,0,1,차대사람 - 기타,안전운전불이행,건조,맑음,교차로 - 교차로안,승용,여,35세,상해없음,보행자,남,53세,부상신고
2016011300100293,2016년 1월 13일 14시,수요일,인천광역시 부평구 구산동,경상사고,0,0,1,0,차대차 - 추돌,안전거리미확보,건조,맑음,단일로 - 기타,승용,남,47세,상해없음,승용,여,62세,경상
2016011300100316,2016년 1월 13일 15시,수요일,인천광역시 중구 신흥동3가,경상사고,0,0,3,0,차대차 - 측면충돌,안전운전불이행,습기,눈,교차로 - 교차로부근,화물,남,55세,상해없음,승용,여,43세,경상
2016011300100317,2016년 1월 13일 15시,수요일,인천광역시 남구 문학동,경상사고,0,0,1,0,차대차 - 추돌,안전운전불이행,적설,눈,단일로 - 기타,승용,남,58세,상해없음,승용,여,30세,경상
2016011300100318,2016년 1월 13일 15시,수요일,인천광역시 남동구 논현동,중상사고,0,1,0,0,차대차 - 측면직각충돌,안전운전불이행,적설,눈,교차로 - 교차로안,화물,남,50세,상해없음,자전거,남,71세,중상
2016011300100319,2016년 1월 13일 15시,수요일,인천광역시 남동구 구월동,경상사고,0,0,1,0,차대차 - 측면직각충돌,교차로운행방법위반,건조,맑음,교차로 - 교차로안,승용,남,22세,상해없음,승용,여,59세,경상
2016011300100320,2016년 1월 13일 15시,수요일,인천광역시 서구 경서동,경상사고,0,0,1,0,차대차 - 추돌,안전운전불이행,적설,눈,단일로 - 기타,화물,남,52세,상해없음,승용,남,43세,경상
2016011300100321,2016년 1월 13일 15시,수요일,인천광역시 부평구 갈산동,경상사고,0,0,1,0,차대사람 - 횡단중,보행자보호의무위반,건조,맑음,교차로 - 교차로부근,승합,여,58세,상해없음,보행자,여,8세,경상
2016011300100355,2016년 1월 13일 16시,수요일,인천광역시 중구 운서동,경상사고,0,0,1,0,차대차 - 측면충돌,안전운전불이행,결빙,눈,단일로 - 기타,승용,남,24세,상해없음,승용,여,35세,경상
2016011300100356,2016년 1월 13일 16시,수요일,인천광역시 서구 석남동,경상사고,0,0,1,0,차대차 - 측면충돌,안전운전불이행,건조,맑음,단일로 - 기타,승용,남,21세,상해없음,원동기,남,41세,경상
2016011300100357,2016년 1월 13일 16시,수요일,인천광역시 연수구 송도동,경상사고,0,0,1,0,차대차 - 기타,안전운전불이행,결빙,눈,교차로 - 교차로안,승용,남,27세,상해없음,승용,여,49세,경상
2016011300100406,2016년 1월 13일 17시,수요일,인천광역시 남동구 장수동,경상사고,0,0,1,0,차대차 - 측면직각충돌,중앙선침범,건조,맑음,단일로 - 기타,승용,남,36세,상해없음,승용,남,39세,경상
2016011300100407,2016년 1월 13일 17시,수요일,인천광역시 서구 가좌동,경상사고,0,0,1,0,차대차 - 측면직각충돌,안전운전불이행,적설,눈,미분류 - 미분류,승용,남,28세,상해없음,승용,여,40세,경상
2016011300100451,2016년 1월 13일 18시,수요일,인천광역시 남동구 구월동,중상사고,0,1,0,0,차대사람 - 기타,안전운전불이행,건조,맑음,단일로 - 기타,승용,남,52세,상해없음,보행자,여,71세,중상
2016011300100452,2016년 1월 13일 18시,수요일,인천광역시 서구 연희동,경상사고,0,0,2,0,차대차 - 추돌,안전운전불이행,적설,눈,단일로 - 기타,승용,남,56세,상해없음,승용,여,42세,상해없음
2016011300100495,2016년 1월 13일 19시,수요일,인천광역시 남구 주안동,경상사고,0,0,1,0,차대사람 - 횡단중,안전운전불이행,건조,맑음,교차로 - 교차로부근,승용,남,65세,상해없음,보행자,여,33세,경상
2016011300100525,2016년 1월 13일 20시,수요일,인천광역시 동구 화평동,경상사고,0,0,2,0,차대사람 - 횡단중,보행자보호의무위반,결빙,흐림,단일로 - 횡단보도상,화물,남,29세,상해없음,보행자,남,50세,경상
2016011300100550,2016년 1월 13일 21시,수요일,인천광역시 부평구 부평동,경상사고,0,0,1,0,차대차 - 측면직각충돌,안전거리미확보,습기,흐림,단일로 - 기타,승용,남,63세,상해없음,승용,남,42세,경상
2016011300100576,2016년 1월 13일 22시,수요일,인천광역시 부평구 부개동,경상사고,0,0,1,0,차대차 - 측면직각충돌,신호위반,습기,흐림,교차로 - 교차로안,승용,남,27세,상해없음,승용,남,33세,경상
2016011400100014,2016년 1월 14일 00시,목요일,인천광역시 연수구 동춘동,중상사고,0,2,0,0,차대사람 - 기타,안전운전불이행,습기,맑음,단일로 - 기타,승용,남,41세,상해없음,보행자,남,31세,중상
2016011400100026,2016년 1월 14일 01시,목요일,인천광역시 서구 불로동,경상사고,0,0,1,0,차대차 - 추돌,신호위반,건조,맑음,교차로 - 교차로안,승용,여,56세,상해없음,승용,남,22세,경상
2016011400100044,2016년 1월 14일 03시,목요일,인천광역시 부평구 부평동,경상사고,0,0,2,0,차대차 - 추돌,안전운전불이행,건조,맑음,교차로 - 교차로부근,승용,남,25세,상해없음,승용,남,54세,경상
2016011400100063,2016년 1월 14일 05시,목요일,인천광역시 남구 도화동,중상사고,0,1,0,0,차대사람 - 횡단중,안전운전불이행,건조,맑음,단일로 - 횡단보도부근,승용,남,54세,상해없음,보행자,남,61세,중상
2016011400100088,2016년 1월 14일 06시,목요일,인천광역시 남구 도화동,중상사고,0,1,0,0,차대차 - 측면직각충돌,신호위반,건조,맑음,교차로 - 교차로안,승용,남,66세,상해없음,승용,남,66세,중상
2016011400100157,2016년 1월 14일 08시,목요일,인천광역시 남구 주안동,경상사고,0,0,1,0,차대차 - 측면직각충돌,안전운전불이행,건조,맑음,교차로 - 교차로부근,승용,여,29세,상해없음,승용,여,43세,경상
2016011400100185,2016년 1월 14일 09시,목요일,인천광역시 남동구 구월동,경상사고,0,0,1,0,차대차 - 측면직각충돌,교차로운행방법위반,건조,맑음,교차로 - 교차로안,승용,남,36세,상해없음,승용,남,52세,경상
2016011400100265,2016년 1월 14일 12시,목요일,인천광역시 남구 도화동,경상사고,0,0,1,0,차대차 - 측면충돌,안전운전불이행,건조,맑음,교차로 - 교차로부근,승용,남,62세,상해없음,원동기,남,57세,경상
2016011400100266,2016년 1월 14일 12시,목요일,인천광역시 서구 석남동,중상사고,0,1,0,0,차대사람 - 기타,안전운전불이행,습기,맑음,단일로 - 기타,승합,남,40세,상해없음,보행자,남,49세,중상
2016011400100267,2016년 1월 14일 12시,목요일,인천광역시 부평구 구산동,경상사고,0,0,1,0,차대차 - 추돌,안전운전불이행,건조,맑음,단일로 - 기타,승용,여,53세,상해없음,승용,남,38세,경상
2016011400100300,2016년 1월 14일 13시,목요일,인천광역시 남구 도화동,경상사고,0,0,2,0,차대차 - 추돌,안전운전불이행,건조,맑음,교차로 - 교차로부근,이륜,남,21세,상해없음,화물,남,46세,경상
2016011400100352,2016년 1월 14일 15시,목요일,인천광역시 부평구 십정동,경상사고,0,0,1,0,차대차 - 측면충돌,교차로운행방법위반,건조,맑음,교차로 - 교차로부근,이륜,남,41세,경상,화물,남,44세,상해없음
2016011400100379,2016년 1월 14일 16시,목요일,인천광역시 서구 당하동,부상신고사고,0,0,0,1,차대차 - 기타,안전운전불이행,결빙,맑음,단일로 - 기타,승용,여,50세,기타불명,이륜,남,44세,부상신고
2016011400100380,2016년 1월 14일 16시,목요일,인천광역시 연수구 연수동,중상사고,0,1,0,0,차대사람 - 횡단중,안전운전불이행,건조,맑음,단일로 - 횡단보도상,승용,남,53세,상해없음,보행자,남,22세,중상
2016011400100408,2016년 1월 14일 17시,목요일,인천광역시 동구 송림동,경상사고,0,0,2,1,차대차 - 측면직각충돌,안전거리미확보,결빙,흐림,단일로 - 기타,승용,남,62세,부상신고,화물,남,59세,경상
2016011400100409,2016년 1월 14일 17시,목요일,인천광역시 부평구 산곡동,부상신고사고,0,0,0,1,차대차 - 측면충돌,중앙선침범,건조,맑음,단일로 - 기타,이륜,남,16세,부상신고,승용,남,64세,상해없음
2016011400100444,2016년 1월 14일 18시,목요일,인천광역시 남동구 서창동,경상사고,0,0,1,0,차대사람 - 횡단중,보행자보호의무위반,건조,맑음,단일로 - 횡단보도상,이륜,남,41세,상해없음,보행자,남,36세,경상
2016011400100445,2016년 1월 14일 18시,목요일,인천광역시 계양구 계산동,부상신고사고,0,0,0,1,차대사람 - 횡단중,안전운전불이행,건조,맑음,단일로 - 기타,이륜,남,47세,상해없음,보행자,남,24세,부상신고
2016011400100446,2016년 1월 14일 18시,목요일,인천광역시 계양구 계산동,부상신고사고,0,0,0,1,차대사람 - 차도통행중,안전운전불이행,건조,맑음,교차로 - 교차로부근,승용,남,59세,기타불명,보행자,남,34세,부상신고
2016011400100483,2016년 1월 14일 19시,목요일,인천광역시 남구 도화동,경상사고,0,0,1,0,차대차 - 기타,안전운전불이행,건조,맑음,교차로 - 교차로안,승용,남,54세,상해없음,승용,남,45세,상해없음
2016011400100484,2016년 1월 14일 19시,목요일,인천광역시 남구 용현동,경상사고,0,0,1,0,차대차 - 추돌,안전운전불이행,습기,눈,단일로 - 기타,승용,남,28세,상해없음,승용,여,38세,경상
2016011400100485,2016년 1월 14일 19시,목요일,인천광역시 부평구 십정동,경상사고,0,0,1,0,차대사람 - 기타,안전운전불이행,건조,맑음,단일로 - 기타,기타불명,기타불명,기타불명,기타불명,보행자,남,61세,경상
2016011400100511,2016년 1월 14일 20시,목요일,인천광역시 서구 왕길동,경상사고,0,0,1,0,차대차 - 측면충돌,신호위반,건조,맑음,교차로 - 교차로안,승용,남,34세,상해없음,승용,남,32세,경상
2016011400100546,2016년 1월 14일 21시,목요일,인천광역시 서구 백석동,경상사고,0,0,1,0,차대차 - 정면충돌,중앙선침범,건조,맑음,단일로 - 기타,승용,여,40세,상해없음,승용,여,43세,경상
2016011400100574,2016년 1월 14일 22시,목요일,인천광역시 남동구 구월동,경상사고,0,0,1,0,차대사람 - 횡단중,신호위반,습기,맑음,단일로 - 횡단보도상,승용,남,49세,상해없음,보행자,여,41세,경상
2016011400100575,2016년 1월 14일 22시,목요일,인천광역시 계양구 작전동,중상사고,0,1,0,0,차대차 - 측면직각충돌,안전운전불이행,건조,맑음,단일로 - 횡단보도부근,승용,남,51세,상해없음,승용,남,22세,상해없음
2016011400100603,2016년 1월 14일 23시,목요일,인천광역시 부평구 갈산동,경상사고,0,0,1,0,차대사람 - 기타,안전운전불이행,건조,맑음,교차로 - 교차로안,승합,남,48세,상해없음,보행자,남,54세,경상
2016011500100058,2016년 1월 15일 04시,금요일,인천광역시 부평구 부평동,중상사고,0,1,1,0,차대차 - 측면직각충돌,신호위반,건조,맑음,교차로 - 교차로안,승용,남,26세,상해없음,승용,남,50세,중상
2016011500100081,2016년 1월 15일 06시,금요일,인천광역시 부평구 삼산동,경상사고,0,0,1,0,차대사람 - 횡단중,보행자보호의무위반,건조,맑음,교차로 - 교차로안,승용,남,65세,상해없음,보행자,남,39세,경상
2016011500100107,2016년 1월 15일 07시,금요일,인천광역시 중구 운서동,경상사고,0,0,1,0,차대사람 - 기타,안전운전불이행,건조,맑음,단일로 - 기타,승용,남,58세,상해없음,보행자,여,27세,경상
2016011500100146,2016년 1월 15일 08시,금요일,인천광역시 남동구 논현동,경상사고,0,0,1,0,차대차 - 측면충돌,교차로운행방법위반,건조,맑음,교차로 - 교차로부근,승용,여,37세,상해없음,승용,남,28세,경상
2016011500100147,2016년 1월 15일 08시,금요일,인천광역시 서구 가정동,중상사고,0,1,0,0,차대사람 - 횡단중,보행자보호의무위반,건조,맑음,교차로 - 교차로안,승용,여,22세,상해없음,보행자,여,23세,중상
2016011500100148,2016년 1월 15일 08시,금요일,인천광역시 연수구 송도동,중상사고,0,1,0,0,차대차 - 기타,신호위반,건조,맑음,교차로 - 교차로안,승용,남,71세,상해없음,승용,남,38세,중상
2016011500100193,2016년 1월 15일 10시,금요일,인천광역시 남동구 장수동,경상사고,0,0,2,0,차대차 - 측면충돌,신호위반,건조,맑음,교차로 - 교차로안,승용,여,56세,상해없음,승용,여,43세,경상
2016011500100214,2016년 1월 15일 11시,금요일,인천광역시 중구 운서동,경상사고,0,0,3,0,차대차 - 측면충돌,신호위반,건조,맑음,교차로 - 교차로안,화물,남,69세,경상,화물,남,49세,경상
2016011500100215,2016년 1월 15일 11시,금요일,인천광역시 서구 경서동,중상사고,0,1,0,0,차대차 - 측면직각충돌,안전운전불이행,건조,맑음,교차로 - 교차로부근,화물,남,54세,상해없음,승용,남,34세,중상
2016011500100216,2016년 1월 15일 11시,금요일,인천광역시 서구 원당동,경상사고,0,0,2,0,차대차 - 추돌,안전운전불이행,건조,맑음,교차로 - 교차로부근,화물,남,63세,상해없음,승용,여,26세,경상
2016011500100235,2016년 1월 15일 12시,금요일,인천광역시 남동구 운연동,부상신고사고,0,0,0,1,차대차 - 기타,안전운전불이행,건조,맑음,교차로 - 교차로안,기타불명,기타불명,기타불명,기타불명,화물,남,25세,부상신고
2016011500100236,2016년 1월 15일 12시,금요일,인천광역시 계양구 작전동,경상사고,0,0,1,0,차대차 - 측면직각충돌,안전운전불이행,건조,맑음,교차로 - 교차로부근,승용,여,51세,상해없음,승용,남,62세,경상
2016011500100318,2016년 1월 15일 15시,금요일,인천광역시 남구 주안동,경상사고,0,0,1,0,차대차 - 기타,안전운전불이행,건조,맑음,기타 - 기타,승용,여,43세,상해없음,화물,남,57세,경상
2016011500100319,2016년 1월 15일 15시,금요일,인천광역시 남동구 고잔동,경상사고,0,0,1,0,차대차 - 측면직각충돌,중앙선침범,건조,맑음,단일로 - 기타,화물,남,51세,상해없음,승용,남,35세,경상
2016011500100320,2016년 1월 15일 15시,금요일,인천광역시 계양구 서운동,경상사고,0,0,1,0,차대차 - 측면직각충돌,안전거리미확보,건조,맑음,단일로 - 기타,화물,남,23세,상해없음,화물,남,39세,상해없음
2016011500100345,2016년 1월 15일 16시,금요일,인천광역시 부평구 산곡동,경상사고,0,0,1,0,차대차 - 측면직각충돌,안전운전불이행,건조,맑음,단일로 - 기타,승용,남,61세,상해없음,화물,여,48세,경상
2016011500100376,2016년 1월 15일 17시,금요일,인천광역시 남구 주안동,경상사고,0,0,2,0,차대차 - 측면직각충돌,안전운전불이행,건조,맑음,단일로 - 기타,승용,여,53세,경상,이륜,남,48세,경상
2016011500100377,2016년 1월 15일 17시,금요일,인천광역시 연수구 선학동,경상사고,0,0,1,0,차대사람 - 횡단중,신호위반,건조,맑음,교차로 - 교차로안,승용,남,53세,기타불명,보행자,남,20세,경상
2016011500100485,2016년 1월 15일 19시,금요일,인천광역시 서구 석남동,경상사고,0,0,1,0,차대차 - 기타,안전운전불이행,건조,맑음,단일로 - 기타,승용,남,53세,상해없음,원동기,남,22세,경상
2016011500100486,2016년 1월 15일 19시,금요일,인천광역시 계양구 작전동,경상사고,0,0,1,0,차량단독 - 기타,기타,건조,맑음,단일로 - 기타,승합,남,54세,상해없음,,,,
2016011500100513,2016년 1월 15일 20시,금요일,인천광역시 부평구 부평동,경상사고,0,0,1,0,차대차 - 기타,안전운전불이행,건조,맑음,교차로 - 교차로안,승용,남,27세,상해없음,승용,남,47세,경상
2016011500100514,2016년 1월 15일 20시,금요일,인천광역시 서구 가좌동,경상사고,0,0,1,0,차대차 - 추돌,안전운전불이행,건조,맑음,교차로 - 교차로부근,승용,남,36세,상해없음,승용,여,40세,경상
2016011500100515,2016년 1월 15일 20시,금요일,인천광역시 계양구 계산동,중상사고,0,1,0,0,차대차 - 추돌,안전운전불이행,건조,맑음,단일로 - 기타,승용,여,37세,상해없음,이륜,남,52세,중상
2016011500100516,2016년 1월 15일 20시,금요일,인천광역시 부평구 부평동,경상사고,0,0,1,0,차대사람 - 기타,안전운전불이행,건조,맑음,단일로 - 기타,승용,기타불명,기타불명,기타불명,보행자,남,29세,경상
2016011500100517,2016년 1월 15일 20시,금요일,인천광역시 부평구 부개동,중상사고,0,1,0,0,차대사람 - 기타,안전운전불이행,건조,맑음,단일로 - 기타,승용,남,47세,상해없음,보행자,여,61세,중상
2016011500100544,2016년 1월 15일 21시,금요일,인천광역시 계양구 박촌동,중상사고,0,1,0,0,차대사람 - 횡단중,안전운전불이행,건조,맑음,교차로 - 교차로안,승용,남,39세,상해없음,보행자,여,66세,중상
2016011500100576,2016년 1월 15일 22시,금요일,인천광역시 부평구 부평동,중상사고,0,2,0,0,차대사람 - 횡단중,보행자보호의무위반,건조,맑음,교차로 - 교차로부근,승용,여,30세,상해없음,보행자,여,18세,중상
2016011500100605,2016년 1월 15일 23시,금요일,인천광역시 부평구 삼산동,경상사고,0,0,2,0,차대차 - 기타,안전운전불이행,건조,맑음,단일로 - 기타,승용,여,23세,상해없음,승용,남,41세,경상
2016011600100025,2016년 1월 16일 00시,토요일,인천광역시 남동구 고잔동,경상사고,0,0,2,0,차대차 - 측면직각충돌,신호위반,건조,맑음,교차로 - 교차로안,원동기,남,16세,상해없음,화물,남,56세,경상
2016011600100026,2016년 1월 16일 00시,토요일,인천광역시 계양구 계산동,경상사고,0,0,3,0,차대차 - 측면직각충돌,신호위반,건조,맑음,교차로 - 교차로부근,승용,남,60세,상해없음,승용,남,60세,상해없음
2016011600100052,2016년 1월 16일 01시,토요일,인천광역시 부평구 부평동,경상사고,0,0,1,0,차대차 - 정면충돌,안전운전불이행,건조,맑음,교차로 - 교차로부근,승용,남,58세,상해없음,승용,남,39세,경상
2016011600100053,2016년 1월 16일 01시,토요일,인천광역시 남동구 구월동,중상사고,0,1,1,0,차대차 - 기타,안전운전불이행,건조,맑음,단일로 - 기타,승용,남,33세,상해없음,승용,남,47세,경상
2016011600100074,2016년 1월 16일 02시,토요일,인천광역시 남구 주안동,중상사고,0,1,0,0,차대사람 - 횡단중,안전운전불이행,건조,맑음,단일로 - 기타,승용,남,28세,상해없음,보행자,여,50세,중상
2016011600100075,2016년 1월 16일 02시,토요일,인천광역시 서구 가좌동,경상사고,0,0,1,0,차대차 - 측면직각충돌,안전운전불이행,건조,맑음,단일로 - 기타,승용,남,24세,상해없음,승용,남,23세,상해없음
2016011600100097,2016년 1월 16일 04시,토요일,인천광역시 부평구 산곡동,경상사고,0,0,3,0,차대차 - 기타,안전운전불이행,건조,맑음,단일로 - 기타,승용,남,29세,상해없음,승용,남,51세,경상
2016011600100110,2016년 1월 16일 05시,토요일,인천광역시 서구 마전동,중상사고,0,1,0,0,차대사람 - 차도통행중,안전운전불이행,건조,맑음,교차로 - 교차로안,기타불명,기타불명,기타불명,기타불명,보행자,남,48세,중상
2016011600100136,2016년 1월 16일 06시,토요일,인천광역시 남구 숭의동,사망사고,1,0,0,0,차대사람 - 횡단중,안전운전불이행,습기,눈,교차로 - 교차로부근,승용,남,58세,상해없음,보행자,여,87세,사망
2016011600100137,2016년 1월 16일 06시,토요일,인천광역시 연수구 동춘동,경상사고,0,0,1,0,차대차 - 추돌,안전거리미확보,건조,맑음,단일로 - 기타,승용,남,36세,상해없음,화물,남,63세,경상
2016011600100146,2016년 1월 16일 07시,토요일,인천광역시 남동구 간석동,중상사고,0,1,0,0,차대차 - 측면직각충돌,중앙선침범,건조,맑음,단일로 - 기타,승용,남,35세,상해없음,화물,남,43세,중상
2016011600100147,2016년 1월 16일 07시,토요일,인천광역시 남동구 간석동,경상사고,0,0,1,0,차대차 - 측면충돌,안전운전불이행,건조,맑음,단일로 - 기타,승용,남,45세,상해없음,승합,남,67세,경상
2016011600100186,2016년 1월 16일 09시,토요일,인천광역시 연수구 연수동,경상사고,0,0,2,0,차대차 - 측면직각충돌,신호위반,습기,눈,교차로 - 교차로안,승용,남,49세,상해없음,승합,남,61세,상해없음
2016011600100213,2016년 1월 16일 10시,토요일,인천광역시 남동구 간석동,중상사고,0,1,0,0,차대차 - 추돌,안전운전불이행,습기,눈,교차로 - 교차로안,기타불명,기타불명,기타불명,기타불명,원동기,남,45세,중상
2016011600100269,2016년 1월 16일 12시,토요일,인천광역시 남구 주안동,중상사고,0,1,0,0,차대사람 - 기타,기타,건조,맑음,교차로 - 교차로부근,이륜,남,28세,상해없음,보행자,남,64세,중상
2016011600100300,2016년 1월 16일 13시,토요일,인천광역시 중구 신흥동3가,경상사고,0,0,1,0,차대차 - 정면충돌,차로위반,건조,맑음,단일로 - 기타,특수,남,49세,상해없음,승용,남,44세,경상
2016011600100301,2016년 1월 16일 13시,토요일,인천광역시 연수구 송도동,중상사고,0,1,0,0,차대사람 - 횡단중,안전운전불이행,건조,맑음,단일로 - 기타,화물,남,52세,상해없음,보행자,여,12세,중상
2016011600100372,2016년 1월 16일 16시,토요일,인천광역시 부평구 부평동,중상사고,0,1,0,0,차대사람 - 기타,안전운전불이행,건조,맑음,기타 - 기타,승합,남,59세,상해없음,보행자,여,57세,중상
2016011600100405,2016년 1월 16일 17시,토요일,인천광역시 부평구 산곡동,경상사고,0,0,1,0,차대사람 - 횡단중,안전운전불이행,건조,맑음,단일로 - 기타,승용,여,51세,상해없음,보행자,남,39세,경상
2016011600100406,2016년 1월 16일 17시,토요일,인천광역시 남동구 논현동,경상사고,0,0,3,0,차대차 - 측면충돌,안전거리미확보,건조,맑음,단일로 - 기타,건설기계,남,53세,경상,승용,여,60세,경상
2016011600100505,2016년 1월 16일 19시,토요일,인천광역시 남구 주안동,경상사고,0,0,1,0,차대차 - 측면충돌,안전거리미확보,건조,맑음,단일로 - 기타,승용,남,57세,상해없음,이륜,남,27세,경상
2016011600100506,2016년 1월 16일 19시,토요일,인천광역시 남동구 서창동,경상사고,0,0,1,0,차대차 - 측면직각충돌,불법유턴,건조,맑음,교차로 - 교차로안,승용,남,38세,상해없음,원동기,남,30세,경상
2016011600100507,2016년 1월 16일 19시,토요일,인천광역시 남동구 도림동,경상사고,0,0,2,0,차대차 - 측면직각충돌,차로위반,건조,맑음,단일로 - 기타,화물,남,57세,상해없음,승용,남,32세,경상
2016011600100508,2016년 1월 16일 19시,토요일,인천광역시 연수구 동춘동,사망사고,1,0,0,0,차대사람 - 횡단중,안전운전불이행,건조,맑음,단일로 - 기타,승용,남,50세,상해없음,보행자,남,58세,사망
2016011600100509,2016년 1월 16일 19시,토요일,인천광역시 연수구 선학동,중상사고,0,1,0,0,차대차 - 기타,안전운전불이행,건조,맑음,단일로 - 기타,승용,남,42세,기타불명,자전거,남,65세,중상
2016011600100549,2016년 1월 16일 20시,토요일,인천광역시 서구 가정동,경상사고,0,0,2,0,차대차 - 추돌,안전운전불이행,건조,맑음,단일로 - 기타,승합,남,60세,상해없음,승용,남,26세,경상
2016011600100550,2016년 1월 16일 20시,토요일,인천광역시 연수구 동춘동,중상사고,0,1,1,0,차대차 - 측면직각충돌,신호위반,건조,맑음,교차로 - 교차로안,승합,남,63세,경상,화물,남,54세,중상
2016011600100590,2016년 1월 16일 21시,토요일,인천광역시 서구 가좌동,경상사고,0,0,1,0,차대사람 - 차도통행중,안전운전불이행,건조,맑음,단일로 - 기타,원동기,남,51세,상해없음,보행자,여,21세,경상
2016011600100591,2016년 1월 16일 21시,토요일,인천광역시 서구 가좌동,중상사고,0,1,0,0,차대차 - 기타,안전운전불이행,건조,맑음,단일로 - 기타,승합,남,49세,상해없음,이륜,남,51세,중상
2016011600100617,2016년 1월 16일 22시,토요일,인천광역시 동구 송림동,경상사고,0,0,1,0,차량단독 - 전도전복,안전운전불이행,습기,맑음,단일로 - 기타,승용,남,41세,상해없음,,,,
2016011600100618,2016년 1월 16일 22시,토요일,인천광역시 남동구 서창동,중상사고,0,1,0,0,차대사람 - 횡단중,신호위반,건조,맑음,교차로 - 교차로안,승용,남,54세,상해없음,보행자,남,20세,중상
2016011600100645,2016년 1월 16일 23시,토요일,인천광역시 남구 주안동,경상사고,0,0,2,0,차대차 - 추돌,안전운전불이행,건조,맑음,단일로 - 기타,승용,여,51세,상해없음,승용,남,53세,경상
2016011600100646,2016년 1월 16일 23시,토요일,인천광역시 남동구 구월동,중상사고,0,1,2,0,차대차 - 추돌,안전운전불이행,건조,맑음,단일로 - 기타,승용,남,38세,상해없음,승용,남,31세,경상
2016011700100041,2016년 1월 17일 01시,일요일,인천광역시 부평구 산곡동,경상사고,0,0,3,1,차대차 - 측면충돌,안전운전불이행,건조,맑음,교차로 - 교차로부근,승용,남,28세,상해없음,승용,남,28세,경상
2016011700100042,2016년 1월 17일 01시,일요일,인천광역시 남동구 논현동,경상사고,0,0,1,0,차대차 - 추돌,안전운전불이행,건조,맑음,단일로 - 기타,승용,남,30세,기타불명,승용,남,61세,경상
2016011700100089,2016년 1월 17일 04시,일요일,인천광역시 남구 문학동,경상사고,0,0,2,0,차대차 - 추돌,안전운전불이행,건조,맑음,교차로 - 교차로부근,승용,남,36세,상해없음,승용,남,51세,경상
2016011700100090,2016년 1월 17일 04시,일요일,인천광역시 남동구 구월동,경상사고,0,0,3,0,차대차 - 추돌,안전운전불이행,건조,맑음,교차로 - 교차로부근,승용,남,27세,상해없음,승용,남,18세,경상
2016011700100102,2016년 1월 17일 05시,일요일,인천광역시 서구 검암동,경상사고,0,0,1,0,차대차 - 추돌,안전운전불이행,건조,맑음,교차로 - 교차로부근,화물,남,70세,상해없음,승용,남,67세,상해없음
2016011700100165,2016년 1월 17일 10시,일요일,인천광역시 계양구 계산동,경상사고,0,0,3,0,차대차 - 측면직각충돌,교차로운행방법위반,건조,맑음,교차로 - 교차로안,승용,남,25세,기타불명,승용,남,62세,경상
2016011700100224,2016년 1월 17일 13시,일요일,인천광역시 부평구 삼산동,경상사고,0,0,1,0,차대차 - 측면직각충돌,안전거리미확보,건조,맑음,단일로 - 기타,승용,남,27세,상해없음,이륜,남,28세,경상
2016011700100244,2016년 1월 17일 14시,일요일,인천광역시 강화군 내가면,중상사고,0,4,12,0,차대차 - 정면충돌,중앙선침범,건조,맑음,단일로 - 기타,승합,남,23세,경상,승합,남,40세,경상
2016011700100291,2016년 1월 17일 16시,일요일,인천광역시 부평구 갈산동,경상사고,0,0,1,5,차대차 - 측면직각충돌,신호위반,건조,맑음,교차로 - 교차로안,승용,남,57세,경상,승용,남,19세,부상신고