사고번호,사고일시,요일,시군구,사고내용,사망자수,중상자수,경상자수,부상신고자수,사고유형,법규위반,노면상태,기상상태,도로형태,가해운전자 차종,가해운전자 성별,가해운전자 연령,가해운전자 상해정도,피해운전자 차종,피해운전자 성별,피해운전자 연령,피해운전자 상해정도
2016011700100360,2016년 1월 17일 18시,일요일,인천광역시 부평구 청천동,중상사고,0,1,0,0,차대차 - 기타,안전운전불이행,건조,맑음,단일로 - 기타,승용,남,30세,상해없음,자전거,남,34세,중상
2016011700100458,2016년 1월 17일 20시,일요일,인천광역시 옹진군 백령면,부상신고사고,0,0,0,1,차대차 - 추돌,안전운전불이행,습기,흐림,단일로 - 기타,승용,남,46세,부상신고,화물,남,57세,상해없음
2016011700100459,2016년 1월 17일 20시,일요일,인천광역시 연수구 연수동,중상사고,0,1,0,0,차대차 - 기타,안전운전불이행,건조,맑음,단일로 - 기타,승용,남,45세,상해없음,화물,남,61세,중상
2016011700100479,2016년 1월 17일 21시,일요일,인천광역시 남동구 간석동,경상사고,0,0,3,0,차대차 - 측면충돌,안전운전불이행,건조,맑음,단일로 - 기타,이륜,남,57세,경상,승용,남,22세,경상
2016011700100480,2016년 1월 17일 21시,일요일,인천광역시 남동구 논현동,경상사고,0,0,1,0,차대차 - 측면직각충돌,안전운전불이행,건조,맑음,단일로 - 기타,승용,남,42세,상해없음,승용,남,66세,경상
2016011700100507,2016년 1월 17일 22시,일요일,인천광역시 남구 도화동,경상사고,0,0,1,0,차대차 - 정면충돌,중앙선침범,건조,맑음,교차로 - 교차로안,승용,남,18세,상해없음,이륜,남,22세,경상
2016011700100508,2016년 1월 17일 22시,일요일,인천광역시 부평구 청천동,경상사고,0,0,2,0,차대차 - 측면충돌,안전운전불이행,건조,맑음,교차로 - 교차로안,승용,남,52세,상해없음,승용,남,51세,경상
2016011700100526,2016년 1월 17일 23시,일요일,인천광역시 서구 공촌동,경상사고,0,0,2,0,차대차 - 추돌,안전운전불이행,건조,맑음,단일로 - 기타,승용,남,27세,상해없음,승용,남,30세,경상
2016011800100009,2016년 1월 18일 00시,월요일,인천광역시 남구 주안동,경상사고,0,0,2,0,차대차 - 측면직각충돌,안전운전불이행,건조,맑음,기타 - 기타,승용,남,23세,상해없음,승용,남,26세,경상
2016011800100010,2016년 1월 18일 00시,월요일,인천광역시 남동구 고잔동,중상사고,0,1,0,0,차대차 - 정면충돌,중앙선침범,건조,맑음,단일로 - 기타,이륜,남,26세,중상,화물,남,49세,상해없음
2016011800100011,2016년 1월 18일 00시,월요일,인천광역시 남동구 구월동,중상사고,0,1,1,0,차대사람 - 횡단중,신호위반,건조,맑음,교차로 - 교차로부근,승용,남,56세,상해없음,보행자,남,35세,중상
2016011800100012,2016년 1월 18일 00시,월요일,인천광역시 남동구 구월동,중상사고,0,1,0,0,차대차 - 추돌,안전운전불이행,건조,맑음,단일로 - 기타,승용,남,56세,상해없음,승용,남,52세,중상
2016011800100013,2016년 1월 18일 00시,월요일,인천광역시 계양구 용종동,중상사고,0,1,1,0,차대차 - 정면충돌,중앙선침범,건조,맑음,단일로 - 기타,승용,남,41세,경상,승용,남,55세,중상
2016011800100027,2016년 1월 18일 02시,월요일,인천광역시 남구 숭의동,중상사고,0,1,1,0,차대차 - 기타,안전운전불이행,습기,흐림,단일로 - 기타,승용,남,56세,상해없음,원동기,남,18세,중상
2016011800100053,2016년 1월 18일 05시,월요일,인천광역시 부평구 부개동,경상사고,0,0,1,0,차대차 - 측면직각충돌,안전운전불이행,건조,맑음,단일로 - 횡단보도상,승용,남,46세,상해없음,자전거,남,67세,경상
2016011800100079,2016년 1월 18일 06시,월요일,인천광역시 부평구 산곡동,경상사고,0,0,1,0,차대차 - 추돌,안전운전불이행,건조,맑음,교차로 - 교차로부근,승합,남,74세,상해없음,승용,남,70세,경상
2016011800100118,2016년 1월 18일 07시,월요일,인천광역시 남동구 간석동,경상사고,0,0,1,0,차대사람 - 기타,안전운전불이행,건조,맑음,단일로 - 기타,승합,남,48세,상해없음,보행자,남,37세,경상
2016011800100119,2016년 1월 18일 07시,월요일,인천광역시 부평구 부개동,중상사고,0,1,0,0,차대차 - 추돌,안전운전불이행,건조,흐림,단일로 - 기타,승용,남,36세,상해없음,승용,여,28세,중상
2016011800100152,2016년 1월 18일 08시,월요일,인천광역시 부평구 산곡동,중상사고,0,1,4,0,차대차 - 측면직각충돌,신호위반,건조,맑음,교차로 - 교차로안,승합,남,57세,상해없음,승용,남,27세,경상
2016011800100178,2016년 1월 18일 09시,월요일,인천광역시 서구 연희동,경상사고,0,0,2,0,차대차 - 측면충돌,신호위반,건조,맑음,교차로 - 교차로안,승용,남,65세,경상,승합,남,53세,경상
2016011800100210,2016년 1월 18일 10시,월요일,인천광역시 부평구 부평동,경상사고,0,0,1,0,차대차 - 기타,안전운전불이행,건조,맑음,교차로 - 교차로안,승용,남,46세,상해없음,승용,남,58세,경상
2016011800100235,2016년 1월 18일 11시,월요일,인천광역시 부평구 청천동,경상사고,0,0,1,0,차대차 - 측면직각충돌,신호위반,건조,맑음,교차로 - 교차로안,승용,남,52세,기타불명,승용,여,55세,경상
2016011800100289,2016년 1월 18일 13시,월요일,인천광역시 계양구 박촌동,중상사고,0,1,0,0,차대사람 - 보도통행중,기타,건조,맑음,단일로 - 기타,화물,남,58세,상해없음,보행자,여,78세,중상
2016011800100322,2016년 1월 18일 14시,월요일,인천광역시 중구 신흥동3가,경상사고,0,0,2,0,차대차 - 측면직각충돌,안전운전불이행,건조,맑음,교차로 - 교차로안,화물,남,44세,상해없음,승용,남,36세,경상
2016011800100324,2016년 1월 18일 14시,월요일,인천광역시 부평구 십정동,중상사고,0,1,1,0,차대차 - 측면충돌,안전운전불이행,건조,맑음,단일로 - 기타,승용,남,28세,상해없음,승용,남,61세,경상
2016011800100357,2016년 1월 18일 15시,월요일,인천광역시 계양구 효성동,경상사고,0,0,2,0,차대차 - 측면충돌,신호위반,건조,맑음,교차로 - 교차로안,승용,남,56세,경상,승합,남,50세,경상
2016011800100358,2016년 1월 18일 15시,월요일,인천광역시 계양구 작전동,중상사고,0,1,0,0,차대차 - 추돌,안전운전불이행,건조,맑음,교차로 - 교차로안,이륜,남,43세,상해없음,승용,여,48세,중상
2016011800100394,2016년 1월 18일 16시,월요일,인천광역시 서구 신현동,경상사고,0,0,1,0,차대사람 - 길가장자리구역통행중,안전운전불이행,건조,맑음,단일로 - 기타,승용,여,56세,상해없음,보행자,여,14세,경상
2016011800100432,2016년 1월 18일 17시,월요일,인천광역시 남구 주안동,경상사고,0,0,1,0,차대사람 - 횡단중,안전운전불이행,건조,맑음,단일로 - 기타,승합,남,29세,상해없음,보행자,남,69세,경상
2016011800100491,2016년 1월 18일 18시,월요일,인천광역시 남동구 간석동,경상사고,0,0,3,0,차대차 - 추돌,차로위반,건조,맑음,교차로 - 교차로부근,승용,남,43세,상해없음,승용,남,60세,경상
2016011800100492,2016년 1월 18일 18시,월요일,인천광역시 남동구 장수동,경상사고,0,0,1,0,차대차 - 측면직각충돌,안전거리미확보,건조,맑음,단일로 - 기타,승용,남,49세,상해없음,승용,남,49세,경상
2016011800100526,2016년 1월 18일 19시,월요일,인천광역시 남동구 논현동,부상신고사고,0,0,0,1,차량단독 - 공작물충돌,안전운전불이행,건조,맑음,단일로 - 기타,승용,남,37세,부상신고,,,,
2016011800100551,2016년 1월 18일 20시,월요일,인천광역시 남구 주안동,중상사고,0,1,0,0,차대사람 - 횡단중,안전운전불이행,건조,맑음,단일로 - 횡단보도상,승용,남,25세,상해없음,보행자,여,72세,중상
2016011800100574,2016년 1월 18일 21시,월요일,인천광역시 중구 유동,중상사고,0,1,0,0,차대사람 - 횡단중,신호위반,건조,맑음,교차로 - 교차로안,이륜,남,28세,상해없음,보행자,여,53세,중상
2016011800100575,2016년 1월 18일 21시,월요일,인천광역시 서구 검암동,중상사고,0,2,0,0,차대차 - 추돌,안전운전불이행,건조,맑음,교차로 - 교차로부근,승용,여,34세,상해없음,승용,여,58세,중상
2016011800100601,2016년 1월 18일 22시,월요일,인천광역시 부평구 부평동,경상사고,0,0,2,0,차대차 - 측면충돌,안전운전불이행,건조,맑음,교차로 - 교차로부근,승용,남,55세,상해없음,이륜,남,18세,경상
2016011800100629,2016년 1월 18일 23시,월요일,인천광역시 계양구 효성동,중상사고,0,1,0,0,차대차 - 정면충돌,안전운전불이행,건조,맑음,단일로 - 횡단보도부근,승용,남,27세,상해없음,승용,여,52세,중상
2016011900100012,2016년 1월 19일 00시,화요일,인천광역시 중구 인현동,경상사고,0,0,2,0,차대차 - 측면직각충돌,안전운전불이행,건조,맑음,교차로 - 교차로부근,승용,남,29세,상해없음,승용,남,62세,경상
2016011900100013,2016년 1월 19일 00시,화요일,인천광역시 연수구 연수동,경상사고,0,0,1,0,차대차 - 기타,안전운전불이행,건조,맑음,교차로 - 교차로부근,승용,여,54세,상해없음,승용,남,51세,경상
2016011900100039,2016년 1월 19일 02시,화요일,인천광역시 남구 도화동,경상사고,0,0,2,0,차대차 - 추돌,안전운전불이행,건조,맑음,교차로 - 교차로부근,승용,남,27세,상해없음,승용,남,53세,경상
2016011900100061,2016년 1월 19일 05시,화요일,인천광역시 남동구 수산동,경상사고,0,0,3,0,차대차 - 추돌,차로위반,습기,맑음,단일로 - 기타,승용,남,52세,경상,승용,남,53세,경상
2016011900100073,2016년 1월 19일 06시,화요일,인천광역시 서구 경서동,경상사고,0,0,2,0,차대차 - 추돌,안전운전불이행,건조,맑음,단일로 - 기타,승용,남,49세,상해없음,승용,남,50세,경상
2016011900100074,2016년 1월 19일 06시,화요일,인천광역시 연수구 송도동,중상사고,0,1,0,0,차대차 - 측면충돌,신호위반,건조,맑음,교차로 - 교차로안,승용,남,46세,상해없음,승용,여,46세,중상
2016011900100091,2016년 1월 19일 07시,화요일,인천광역시 서구 가정동,중상사고,0,1,2,0,차대차 - 추돌,안전운전불이행,건조,맑음,단일로 - 기타,화물,남,60세,상해없음,승용,남,43세,중상
2016011900100125,2016년 1월 19일 08시,화요일,인천광역시 남동구 간석동,중상사고,0,1,0,0,차대사람 - 횡단중,안전운전불이행,건조,맑음,단일로 - 기타,승용,여,51세,상해없음,보행자,남,37세,중상
2016011900100188,2016년 1월 19일 10시,화요일,인천광역시 부평구 산곡동,중상사고,0,1,0,0,차대사람 - 길가장자리구역통행중,안전운전불이행,건조,맑음,교차로 - 교차로안,승합,남,46세,상해없음,보행자,남,63세,중상
2016011900100216,2016년 1월 19일 11시,화요일,인천광역시 남동구 간석동,경상사고,0,0,1,0,차대차 - 정면충돌,안전운전불이행,건조,맑음,단일로 - 기타,승용,남,35세,상해없음,승용,남,32세,경상
2016011900100241,2016년 1월 19일 12시,화요일,인천광역시 남동구 논현동,경상사고,0,0,1,0,차대차 - 정면충돌,신호위반,건조,맑음,교차로 - 교차로안,승용,남,59세,상해없음,승용,남,57세,경상
2016011900100242,2016년 1월 19일 12시,화요일,인천광역시 서구 심곡동,사망사고,1,0,0,0,차대사람 - 횡단중,보행자보호의무위반,건조,맑음,교차로 - 교차로안,화물,남,34세,상해없음,보행자,여,69세,사망
2016011900100259,2016년 1월 19일 13시,화요일,인천광역시 중구 운서동,중상사고,0,1,2,0,차대차 - 추돌,안전운전불이행,건조,맑음,교차로 - 교차로부근,승용,남,34세,상해없음,승용,여,42세,중상
2016011900100260,2016년 1월 19일 13시,화요일,인천광역시 연수구 선학동,중상사고,0,1,0,0,차대사람 - 횡단중,안전운전불이행,건조,맑음,단일로 - 기타,승용,여,49세,상해없음,보행자,여,60세,중상
2016011900100261,2016년 1월 19일 13시,화요일,인천광역시 연수구 송도동,중상사고,0,1,0,0,차대차 - 기타,기타,건조,맑음,교차로 - 교차로부근,승합,남,48세,상해없음,승용,여,43세,상해없음
2016011900100287,2016년 1월 19일 14시,화요일,인천광역시 계양구 용종동,경상사고,0,0,1,0,차대사람 - 횡단중,신호위반,건조,맑음,교차로 - 교차로안,승합,남,56세,상해없음,보행자,남,8세,경상
2016011900100288,2016년 1월 19일 14시,화요일,인천광역시 강화군 불은면,중상사고,0,1,0,0,차대차 - 측면충돌,중앙선침범,건조,맑음,단일로 - 기타,승용,남,74세,상해없음,승용,남,61세,중상
2016011900100315,2016년 1월 19일 15시,화요일,인천광역시 중구 내동,중상사고,0,1,0,0,차대사람 - 차도통행중,안전운전불이행,건조,맑음,단일로 - 기타,승용,남,79세,상해없음,보행자,여,41세,중상
2016011900100316,2016년 1월 19일 15시,화요일,인천광역시 서구 가좌동,경상사고,0,0,1,0,차량단독 - 기타,안전운전불이행,건조,맑음,기타 - 기타,원동기,남,82세,경상,,,,
2016011900100343,2016년 1월 19일 16시,화요일,인천광역시 계양구 계산동,경상사고,0,0,1,0,차대사람 - 기타,안전운전불이행,건조,맑음,단일로 - 기타,기타불명,기타불명,기타불명,기타불명,보행자,남,43세,경상
2016011900100396,2016년 1월 19일 18시,화요일,인천광역시 중구 운서동,부상신고사고,0,0,0,1,차대차 - 추돌,안전운전불이행,건조,맑음,단일로 - 기타,원동기,남,17세,부상신고,승용,여,56세,상해없음
2016011900100397,2016년 1월 19일 18시,화요일,인천광역시 동구 화평동,경상사고,0,0,1,0,차대사람 - 횡단중,안전운전불이행,건조,맑음,단일로 - 기타,기타불명,기타불명,기타불명,기타불명,보행자,여,63세,경상
2016011900100398,2016년 1월 19일 18시,화요일,인천광역시 남구 숭의동,경상사고,0,0,2,0,차대차 - 측면직각충돌,안전운전불이행,건조,맑음,단일로 - 기타,특수,남,55세,상해없음,승용,남,40세,경상
2016011900100399,2016년 1월 19일 18시,화요일,인천광역시 남동구 장수동,중상사고,0,1,0,0,차대차 - 추돌,안전운전불이행,건조,맑음,단일로 - 기타,승용,남,36세,상해없음,승용,여,49세,중상
2016011900100400,2016년 1월 19일 18시,화요일,인천광역시 서구 경서동,중상사고,0,1,0,0,차대차 - 기타,신호위반,건조,맑음,교차로 - 교차로안,승용,여,50세,상해없음,자전거,남,60세,중상
2016011900100401,2016년 1월 19일 18시,화요일,인천광역시 연수구 동춘동,중상사고,0,1,9,0,차대차 - 추돌,안전운전불이행,건조,맑음,단일로 - 기타,승합,남,47세,상해없음,승용,여,56세,경상
2016011900100445,2016년 1월 19일 19시,화요일,인천광역시 남동구 간석동,중상사고,0,2,0,0,차량단독 - 전도전복,안전운전불이행,건조,맑음,단일로 - 기타,승용,남,40세,상해없음,,,,
2016011900100446,2016년 1월 19일 19시,화요일,인천광역시 남동구 구월동,경상사고,0,0,1,0,차대차 - 추돌,안전운전불이행,건조,맑음,단일로 - 기타,승용,남,41세,상해없음,승용,남,36세,경상
2016011900100447,2016년 1월 19일 19시,화요일,인천광역시 연수구 연수동,중상사고,0,1,0,0,차대사람 - 횡단중,안전운전불이행,건조,맑음,단일로 - 기타,승용,여,47세,상해없음,보행자,여,15세,중상
2016011900100502,2016년 1월 19일 21시,화요일,인천광역시 남구 도화동,경상사고,0,0,1,0,차대차 - 추돌,안전운전불이행,건조,맑음,단일로 - 횡단보도부근,승합,남,47세,상해없음,승용,남,59세,경상
2016011900100525,2016년 1월 19일 22시,화요일,인천광역시 남동구 구월동,중상사고,0,1,1,0,차대차 - 측면직각충돌,안전운전불이행,건조,맑음,교차로 - 교차로안,승용,여,28세,상해없음,승용,남,41세,경상
2016011900100550,2016년 1월 19일 23시,화요일,인천광역시 남동구 서창동,중상사고,0,1,1,0,차대차 - 추돌,안전운전불이행,건조,맑음,단일로 - 기타,승용,남,38세,상해없음,승용,남,56세,중상
2016011900100551,2016년 1월 19일 23시,화요일,인천광역시 남동구 논현동,경상사고,0,0,2,0,차대차 - 추돌,안전운전불이행,건조,맑음,단일로 - 기타,승용,남,28세,상해없음,승용,남,54세,경상
2016011900100552,2016년 1월 19일 23시,화요일,인천광역시 계양구 계산동,중상사고,0,1,0,0,차대사람 - 횡단중,안전운전불이행,건조,맑음,단일로 - 기타,승용,여,51세,상해없음,보행자,여,16세,중상
2016012000100015,2016년 1월 20일 01시,수요일,인천광역시 남동구 만수동,경상사고,0,0,1,0,차대차 - 추돌,안전운전불이행,건조,맑음,단일로 - 기타,승용,남,32세,상해없음,승용,남,41세,경상
2016012000100016,2016년 1월 20일 01시,수요일,인천광역시 서구 공촌동,중상사고,0,1,0,0,차대차 - 추돌,안전운전불이행,건조,맑음,교차로 - 교차로부근,승용,남,24세,상해없음,승용,남,56세,중상
2016012000100017,2016년 1월 20일 01시,수요일,인천광역시 부평구 갈산동,중상사고,0,1,1,0,차대차 - 측면직각충돌,교차로운행방법위반,건조,맑음,교차로 - 교차로안,승용,남,45세,경상,승용,여,28세,중상
2016012000100026,2016년 1월 20일 02시,수요일,인천광역시 남동구 구월동,경상사고,0,0,3,0,차대차 - 추돌,안전운전불이행,건조,맑음,단일로 - 기타,승용,남,53세,상해없음,승용,남,64세,경상
2016012000100027,2016년 1월 20일 02시,수요일,인천광역시 계양구 박촌동,중상사고,0,2,1,1,차대차 - 측면직각충돌,신호위반,건조,맑음,교차로 - 교차로안,승용,남,56세,상해없음,승용,남,57세,경상
2016012000100076,2016년 1월 20일 07시,수요일,인천광역시 서구 석남동,중상사고,0,1,0,0,차대사람 - 횡단중,안전운전불이행,건조,맑음,단일로 - 기타,승합,남,43세,상해없음,보행자,남,22세,중상
2016012000100139,2016년 1월 20일 09시,수요일,인천광역시 서구 검암동,중상사고,0,2,3,0,차대차 - 측면직각충돌,안전운전불이행,건조,맑음,교차로 - 교차로안,승합,여,65세,경상,승용,남,49세,경상
2016012000100140,2016년 1월 20일 09시,수요일,인천광역시 연수구 선학동,경상사고,0,0,1,0,차대차 - 측면직각충돌,안전거리미확보,건조,맑음,단일로 - 기타,승용,남,58세,상해없음,승용,남,29세,경상
2016012000100221,2016년 1월 20일 12시,수요일,인천광역시 서구 왕길동,경상사고,0,0,2,0,차대차 - 측면직각충돌,신호위반,건조,맑음,교차로 - 교차로안,승용,여,51세,상해없음,승용,여,53세,경상
2016012000100262,2016년 1월 20일 14시,수요일,인천광역시 남동구 남촌동,경상사고,0,0,1,0,차대사람 - 길가장자리구역통행중,기타,건조,맑음,교차로 - 교차로안,승용,남,55세,상해없음,보행자,남,11세,경상
2016012000100295,2016년 1월 20일 15시,수요일,인천광역시 강화군 강화읍,중상사고,0,1,0,0,차대차 - 추돌,안전운전불이행,건조,맑음,단일로 - 기타,화물,남,50세,상해없음,승용,여,33세,중상
2016012000100336,2016년 1월 20일 16시,수요일,인천광역시 남동구 고잔동,중상사고,0,1,0,0,차대차 - 측면직각충돌,교차로운행방법위반,건조,맑음,교차로 - 교차로안,화물,남,54세,상해없음,승용,여,53세,중상
2016012000100362,2016년 1월 20일 17시,수요일,인천광역시 서구 경서동,중상사고,0,1,1,0,차대차 - 추돌,안전운전불이행,건조,맑음,단일로 - 기타,승용,남,68세,상해없음,승용,남,46세,중상
2016012000100407,2016년 1월 20일 18시,수요일,인천광역시 연수구 동춘동,경상사고,0,0,2,0,차대차 - 기타,안전운전불이행,결빙,눈,단일로 - 기타,승용,남,36세,상해없음,승용,남,28세,경상
2016012000100408,2016년 1월 20일 18시,수요일,인천광역시 부평구 삼산동,중상사고,0,1,2,0,차대차 - 추돌,안전운전불이행,건조,맑음,교차로 - 교차로부근,승용,남,58세,상해없음,승용,여,40세,중상
2016012000100460,2016년 1월 20일 19시,수요일,인천광역시 중구 운서동,경상사고,0,0,1,0,차대차 - 측면충돌,안전거리미확보,건조,맑음,단일로 - 기타,승용,남,29세,상해없음,이륜,남,28세,경상
2016012000100461,2016년 1월 20일 19시,수요일,인천광역시 부평구 청천동,경상사고,0,0,2,0,차대차 - 기타,안전운전불이행,건조,맑음,단일로 - 기타,승용,여,37세,상해없음,승용,남,40세,경상
2016012000100462,2016년 1월 20일 19시,수요일,인천광역시 서구 연희동,경상사고,0,0,2,0,차대차 - 측면직각충돌,안전운전불이행,건조,맑음,단일로 - 기타,승용,남,57세,상해없음,승합,남,59세,경상
2016012000100484,2016년 1월 20일 20시,수요일,인천광역시 부평구 부평동,중상사고,0,1,0,0,차대사람 - 횡단중,보행자보호의무위반,건조,맑음,교차로 - 교차로부근,승용,남,32세,상해없음,보행자,남,52세,중상
2016012000100519,2016년 1월 20일 21시,수요일,인천광역시 부평구 산곡동,중상사고,0,1,0,0,차대사람 - 횡단중,안전운전불이행,건조,맑음,단일로 - 기타,원동기,남,16세,상해없음,보행자,남,45세,중상
2016012000100520,2016년 1월 20일 21시,수요일,인천광역시 서구 경서동,부상신고사고,0,0,0,1,차대차 - 추돌,안전거리미확보,건조,맑음,단일로 - 기타,원동기,남,46세,부상신고,승용,남,64세,상해없음
2016012000100544,2016년 1월 20일 22시,수요일,인천광역시 부평구 십정동,경상사고,0,0,1,0,차대차 - 기타,안전운전불이행,기타,맑음,단일로 - 기타,원동기,남,20세,경상,승용,남,63세,상해없음
2016012100100028,2016년 1월 21일 01시,목요일,인천광역시 서구 연희동,사망사고,1,0,0,0,차량단독 - 공작물충돌,안전운전불이행,건조,맑음,단일로 - 기타,승용,남,34세,사망,,,,
2016012100100029,2016년 1월 21일 01시,목요일,인천광역시 연수구 청학동,중상사고,0,1,0,0,차대사람 - 횡단중,안전운전불이행,건조,맑음,단일로 - 기타,승용,남,25세,상해없음,보행자,남,49세,중상
2016012100100043,2016년 1월 21일 02시,목요일,인천광역시 부평구 십정동,중상사고,0,2,0,0,차대차 - 추돌,과속,결빙,맑음,단일로 - 기타,승용,남,25세,중상,특수,남,38세,기타불명
2016012100100056,2016년 1월 21일 03시,목요일,인천광역시 서구 석남동,중상사고,0,1,1,0,차대차 - 측면충돌,교차로운행방법위반,건조,맑음,교차로 - 교차로안,승용,남,51세,상해없음,승용,남,44세,상해없음
2016012100100102,2016년 1월 21일 07시,목요일,인천광역시 부평구 부평동,경상사고,0,0,1,0,차대사람 - 횡단중,안전운전불이행,건조,맑음,기타 - 기타,승용,여,26세,상해없음,보행자,남,62세,경상
2016012100100103,2016년 1월 21일 07시,목요일,인천광역시 남동구 구월동,경상사고,0,0,2,0,차대차 - 추돌,안전운전불이행,건조,맑음,단일로 - 기타,승용,남,26세,상해없음,승용,남,25세,경상
2016012100100104,2016년 1월 21일 07시,목요일,인천광역시 서구 당하동,중상사고,0,1,0,0,차대차 - 측면직각충돌,안전운전불이행,건조,맑음,단일로 - 기타,화물,남,55세,상해없음,화물,남,60세,중상
2016012100100128,2016년 1월 21일 08시,목요일,인천광역시 남구 주안동,경상사고,0,0,1,0,차대차 - 기타,안전운전불이행,건조,맑음,단일로 - 기타,승용,남,26세,상해없음,승용,여,28세,경상
2016012100100129,2016년 1월 21일 08시,목요일,인천광역시 계양구 계산동,경상사고,0,0,1,0,차대차 - 기타,안전운전불이행,건조,맑음,단일로 - 기타,승합,남,27세,상해없음,승용,남,43세,경상
2016012100100155,2016년 1월 21일 09시,목요일,인천광역시 남구 주안동,중상사고,0,1,0,0,차대사람 - 기타,안전운전불이행,건조,맑음,기타 - 기타,기타불명,기타불명,기타불명,기타불명,보행자,여,52세,중상
2016012100100156,2016년 1월 21일 09시,목요일,인천광역시 남동구 만수동,경상사고,0,0,2,0,차대차 - 추돌,안전운전불이행,건조,맑음,단일로 - 기타,승용,남,20세,상해없음,승용,남,55세,경상
2016012100100172,2016년 1월 21일 10시,목요일,인천광역시 계양구 효성동,중상사고,0,1,0,0,차대차 - 측면직각충돌,신호위반,건조,맑음,교차로 - 교차로안,승용,남,55세,상해없음,이륜,남,54세,중상
2016012100100213,2016년 1월 21일 12시,목요일,인천광역시 중구 인현동,경상사고,0,0,1,0,차대차 - 기타,안전운전불이행,건조,맑음,단일로 - 기타,승용,남,64세,상해없음,승용,남,59세,상해없음
2016012100100214,2016년 1월 21일 12시,목요일,인천광역시 남동구 구월동,중상사고,0,1,0,0,차대사람 - 기타,안전운전불이행,건조,맑음,단일로 - 기타,승용,여,24세,상해없음,보행자,여,57세,중상
2016012100100215,2016년 1월 21일 12시,목요일,인천광역시 연수구 옥련동,경상사고,0,0,1,0,차대차 - 추돌,신호위반,건조,맑음,교차로 - 교차로안,화물,남,60세,경상,특수,남,43세,상해없음
2016012100100240,2016년 1월 21일 13시,목요일,인천광역시 부평구 부평동,경상사고,0,0,2,0,차대차 - 기타,안전운전불이행,건조,맑음,기타 - 기타,승용,여,58세,경상,승용,여,61세,경상
2016012100100269,2016년 1월 21일 14시,목요일,인천광역시 남구 주안동,중상사고,0,1,0,0,차량단독 - 기타,안전운전불이행,건조,맑음,단일로 - 기타,승합,남,62세,상해없음,,,,
2016012100100270,2016년 1월 21일 14시,목요일,인천광역시 남동구 구월동,부상신고사고,0,0,0,1,차대차 - 측면직각충돌,신호위반,건조,맑음,교차로 - 교차로부근,이륜,남,48세,부상신고,화물,남,37세,상해없음
2016012100100294,2016년 1월 21일 15시,목요일,인천광역시 부평구 부평동,경상사고,0,0,1,0,차대차 - 추돌,안전운전불이행,건조,맑음,단일로 - 기타,원동기,남,22세,상해없음,승용,남,50세,경상
2016012100100338,2016년 1월 21일 17시,목요일,인천광역시 부평구 십정동,경상사고,0,0,1,0,차대차 - 추돌,안전운전불이행,건조,기타,교차로 - 교차로부근,승용,남,60세,상해없음,승용,여,26세,경상
2016012100100339,2016년 1월 21일 17시,목요일,인천광역시 서구 가좌동,경상사고,0,0,2,0,차대차 - 기타,교차로운행방법위반,건조,맑음,교차로 - 교차로안,승용,남,24세,상해없음,승용,남,46세,경상
2016012100100340,2016년 1월 21일 17시,목요일,인천광역시 서구 마전동,경상사고,0,0,3,0,차대차 - 추돌,안전운전불이행,건조,맑음,교차로 - 교차로안,화물,남,29세,상해없음,승합,남,43세,경상
2016012100100429,2016년 1월 21일 19시,목요일,인천광역시 서구 시천동,중상사고,0,1,1,0,차대차 - 측면직각충돌,안전운전불이행,건조,맑음,교차로 - 교차로안,승용,여,63세,상해없음,승용,남,57세,중상
2016012100100430,2016년 1월 21일 19시,목요일,인천광역시 부평구 삼산동,중상사고,0,1,0,0,차대차 - 정면충돌,안전운전불이행,건조,맑음,교차로 - 교차로안,화물,남,49세,기타불명,승용,여,58세,중상
2016012100100460,2016년 1월 21일 20시,목요일,인천광역시 남동구 구월동,중상사고,0,1,0,0,차대사람 - 기타,안전운전불이행,건조,맑음,교차로 - 교차로안,승용,남,41세,상해없음,보행자,남,55세,중상
2016012100100496,2016년 1월 21일 21시,목요일,인천광역시 서구 연희동,중상사고,0,1,0,0,차대차 - 측면직각충돌,신호위반,건조,맑음,교차로 - 교차로안,승합,남,69세,상해없음,승용,남,45세,중상
2016012100100498,2016년 1월 21일 21시,목요일,인천광역시 부평구 갈산동,경상사고,0,0,1,0,차대차 - 측면직각충돌,안전거리미확보,건조,맑음,단일로 - 기타,승용,남,50세,상해없음,승용,남,39세,경상
2016012100100519,2016년 1월 21일 22시,목요일,인천광역시 남구 학익동,중상사고,0,1,0,0,차대사람 - 횡단중,안전운전불이행,건조,맑음,단일로 - 기타,이륜,남,41세,상해없음,보행자,여,60세,중상
2016012100100520,2016년 1월 21일 22시,목요일,인천광역시 남구 주안동,경상사고,0,0,1,0,차대차 - 측면직각충돌,안전운전불이행,건조,맑음,단일로 - 기타,승용,남,66세,상해없음,승용,남,58세,경상
2016012100100521,2016년 1월 21일 22시,목요일,인천광역시 연수구 동춘동,중상사고,0,1,0,0,차대사람 - 횡단중,안전운전불이행,건조,맑음,단일로 - 기타,승용,여,61세,상해없음,보행자,여,53세,중상
2016012200100013,2016년 1월 22일 00시,금요일,인천광역시 남구 학익동,경상사고,0,0,2,0,차대차 - 추돌,안전운전불이행,건조,맑음,기타 - 기타,승용,남,45세,상해없음,승용,남,32세,경상