사고번호,사고일시,요일,시군구,사고내용,사망자수,중상자수,경상자수,부상신고자수,사고유형,법규위반,노면상태,기상상태,도로형태,가해운전자 차종,가해운전자 성별,가해운전자 연령,가해운전자 상해정도,피해운전자 차종,피해운전자 성별,피해운전자 연령,피해운전자 상해정도
2016012200100014,2016년 1월 22일 00시,금요일,인천광역시 서구 마전동,중상사고,0,1,0,0,차대사람 - 횡단중,안전운전불이행,건조,맑음,단일로 - 기타,승용,남,39세,기타불명,보행자,남,54세,중상
2016012200100029,2016년 1월 22일 01시,금요일,인천광역시 남동구 간석동,경상사고,0,0,1,0,차대차 - 측면직각충돌,안전운전불이행,건조,맑음,단일로 - 기타,승용,남,56세,경상,화물,남,43세,기타불명
2016012200100044,2016년 1월 22일 02시,금요일,인천광역시 부평구 부평동,중상사고,0,1,0,0,차대사람 - 횡단중,안전운전불이행,건조,맑음,교차로 - 교차로안,승합,남,47세,상해없음,보행자,남,38세,중상
2016012200100050,2016년 1월 22일 03시,금요일,인천광역시 부평구 십정동,경상사고,0,0,1,0,차대차 - 추돌,안전운전불이행,건조,맑음,단일로 - 기타,승용,남,45세,상해없음,승용,남,57세,경상
2016012200100065,2016년 1월 22일 05시,금요일,인천광역시 남구 주안동,경상사고,0,0,1,0,차대차 - 측면직각충돌,신호위반,건조,맑음,교차로 - 교차로안,승용,남,35세,상해없음,화물,남,49세,상해없음
2016012200100066,2016년 1월 22일 05시,금요일,인천광역시 남동구 운연동,중상사고,0,1,0,0,차대차 - 추돌,안전거리미확보,건조,맑음,단일로 - 기타,승용,남,69세,상해없음,승용,남,54세,중상
2016012200100067,2016년 1월 22일 05시,금요일,인천광역시 계양구 계산동,중상사고,0,1,0,0,차대사람 - 횡단중,안전운전불이행,건조,맑음,단일로 - 기타,화물,남,68세,상해없음,보행자,남,60세,중상
2016012200100068,2016년 1월 22일 05시,금요일,인천광역시 부평구 부평동,경상사고,0,0,1,0,차대차 - 추돌,안전운전불이행,건조,맑음,단일로 - 횡단보도부근,승용,기타불명,기타불명,기타불명,승용,남,29세,경상
2016012200100083,2016년 1월 22일 06시,금요일,인천광역시 남구 용현동,경상사고,0,0,1,0,차대차 - 측면충돌,신호위반,건조,맑음,교차로 - 교차로안,승용,남,58세,상해없음,승용,남,29세,경상
2016012200100114,2016년 1월 22일 07시,금요일,인천광역시 중구 신흥동1가,중상사고,0,1,2,0,차대차 - 기타,신호위반,건조,맑음,교차로 - 교차로안,승합,남,56세,상해없음,화물,남,40세,경상
2016012200100115,2016년 1월 22일 07시,금요일,인천광역시 부평구 청천동,경상사고,0,0,1,0,차대사람 - 기타,안전운전불이행,건조,맑음,단일로 - 기타,기타불명,기타불명,기타불명,기타불명,보행자,남,47세,경상
2016012200100116,2016년 1월 22일 07시,금요일,인천광역시 부평구 부평동,경상사고,0,0,1,0,차대차 - 기타,교차로운행방법위반,건조,맑음,교차로 - 교차로안,화물,남,60세,상해없음,승용,여,30세,경상
2016012200100176,2016년 1월 22일 09시,금요일,인천광역시 계양구 작전동,경상사고,0,0,1,0,차대차 - 추돌,안전운전불이행,건조,맑음,교차로 - 교차로부근,승용,남,50세,상해없음,승용,남,26세,경상
2016012200100199,2016년 1월 22일 10시,금요일,인천광역시 중구 인현동,경상사고,0,0,1,0,차대차 - 측면충돌,교차로운행방법위반,건조,맑음,교차로 - 교차로안,승용,남,60세,상해없음,승용,남,33세,상해없음
2016012200100200,2016년 1월 22일 10시,금요일,인천광역시 중구 신흥동3가,경상사고,0,0,1,0,차대차 - 측면충돌,안전운전불이행,건조,맑음,단일로 - 기타,화물,남,52세,상해없음,승용,남,33세,경상
2016012200100201,2016년 1월 22일 10시,금요일,인천광역시 서구 가정동,중상사고,0,1,0,0,차대차 - 추돌,안전거리미확보,건조,맑음,교차로 - 교차로부근,승용,남,32세,상해없음,승용,남,40세,중상
2016012200100202,2016년 1월 22일 10시,금요일,인천광역시 부평구 부평동,경상사고,0,0,1,0,차대사람 - 보도통행중,안전운전불이행,건조,맑음,기타 - 기타,승용,여,39세,상해없음,보행자,남,30세,경상
2016012200100234,2016년 1월 22일 11시,금요일,인천광역시 남동구 구월동,경상사고,0,0,1,0,차대사람 - 기타,안전운전불이행,건조,맑음,단일로 - 기타,승용,남,68세,상해없음,보행자,여,52세,경상
2016012200100235,2016년 1월 22일 11시,금요일,인천광역시 서구 신현동,경상사고,0,0,1,0,차대차 - 기타,안전운전불이행,건조,맑음,단일로 - 기타,승용,남,53세,상해없음,원동기,남,44세,경상
2016012200100280,2016년 1월 22일 13시,금요일,인천광역시 남동구 고잔동,경상사고,0,0,2,0,차대차 - 정면충돌,안전운전불이행,건조,맑음,단일로 - 기타,화물,남,71세,상해없음,승합,남,43세,상해없음
2016012200100315,2016년 1월 22일 14시,금요일,인천광역시 남동구 논현동,경상사고,0,0,2,0,차대차 - 추돌,안전운전불이행,건조,맑음,교차로 - 교차로안,승용,남,43세,상해없음,승용,여,37세,경상
2016012200100376,2016년 1월 22일 16시,금요일,인천광역시 계양구 용종동,중상사고,0,1,0,0,차대사람 - 기타,안전운전불이행,건조,맑음,교차로 - 교차로안,승용,여,59세,상해없음,보행자,여,73세,중상
2016012200100377,2016년 1월 22일 16시,금요일,인천광역시 부평구 부평동,중상사고,0,1,0,0,차대사람 - 기타,안전운전불이행,건조,맑음,교차로 - 교차로부근,승합,남,46세,상해없음,보행자,여,69세,중상
2016012200100460,2016년 1월 22일 18시,금요일,인천광역시 남동구 구월동,경상사고,0,0,1,0,차대사람 - 길가장자리구역통행중,기타,건조,맑음,교차로 - 교차로부근,승용,남,24세,상해없음,보행자,남,26세,경상
2016012200100496,2016년 1월 22일 19시,금요일,인천광역시 동구 만석동,경상사고,0,0,1,3,차대차 - 정면충돌,안전운전불이행,건조,맑음,교차로 - 교차로부근,이륜,남,59세,상해없음,승용,여,40세,경상
2016012200100497,2016년 1월 22일 19시,금요일,인천광역시 부평구 산곡동,경상사고,0,0,1,0,차대차 - 기타,안전운전불이행,건조,맑음,단일로 - 기타,원동기,남,16세,상해없음,승합,남,57세,상해없음
2016012200100498,2016년 1월 22일 19시,금요일,인천광역시 남동구 구월동,경상사고,0,0,1,0,차대사람 - 횡단중,보행자보호의무위반,건조,맑음,교차로 - 교차로부근,이륜,남,19세,상해없음,보행자,남,23세,경상
2016012200100520,2016년 1월 22일 20시,금요일,인천광역시 남동구 간석동,경상사고,0,0,3,0,차대차 - 추돌,안전운전불이행,건조,맑음,단일로 - 기타,기타불명,기타불명,기타불명,기타불명,승용,남,27세,상해없음
2016012200100521,2016년 1월 22일 20시,금요일,인천광역시 서구 경서동,경상사고,0,0,2,0,차대차 - 기타,신호위반,건조,맑음,단일로 - 기타,원동기,남,17세,경상,승용,여,40세,경상
2016012200100556,2016년 1월 22일 21시,금요일,인천광역시 중구 운서동,부상신고사고,0,0,0,1,차대차 - 추돌,안전운전불이행,건조,맑음,교차로 - 교차로부근,원동기,남,34세,부상신고,승용,여,37세,상해없음
2016012200100582,2016년 1월 22일 22시,금요일,인천광역시 중구 운서동,경상사고,0,0,1,0,차량단독 - 기타,안전운전불이행,건조,맑음,단일로 - 기타,승용,남,49세,상해없음,,,,
2016012200100583,2016년 1월 22일 22시,금요일,인천광역시 계양구 계산동,경상사고,0,0,1,0,차대차 - 측면충돌,신호위반,결빙,맑음,교차로 - 교차로부근,이륜,남,19세,경상,승용,남,45세,상해없음
2016012200100618,2016년 1월 22일 23시,금요일,인천광역시 남동구 남촌동,경상사고,0,0,2,1,차대차 - 추돌,안전운전불이행,건조,맑음,단일로 - 기타,승용,남,34세,상해없음,승용,남,29세,부상신고
2016012300100031,2016년 1월 23일 00시,토요일,인천광역시 남구 주안동,경상사고,0,0,2,0,차대차 - 추돌,안전운전불이행,건조,흐림,단일로 - 기타,승용,남,23세,상해없음,승합,남,47세,경상
2016012300100048,2016년 1월 23일 01시,토요일,인천광역시 부평구 부평동,경상사고,0,0,2,0,차대차 - 측면직각충돌,교차로운행방법위반,건조,맑음,교차로 - 교차로안,승용,남,35세,상해없음,승용,남,31세,경상
2016012300100059,2016년 1월 23일 02시,토요일,인천광역시 서구 가좌동,경상사고,0,0,1,0,차대차 - 측면직각충돌,신호위반,건조,맑음,교차로 - 교차로안,승용,남,47세,상해없음,승용,남,56세,경상
2016012300100060,2016년 1월 23일 02시,토요일,인천광역시 서구 연희동,중상사고,0,1,0,0,차대사람 - 횡단중,보행자보호의무위반,건조,맑음,단일로 - 횡단보도상,승용,여,29세,상해없음,보행자,남,61세,중상
2016012300100069,2016년 1월 23일 03시,토요일,인천광역시 서구 석남동,중상사고,0,2,1,1,차대차 - 추돌,안전운전불이행,건조,맑음,단일로 - 기타,승용,남,52세,부상신고,화물,남,56세,경상
2016012300100077,2016년 1월 23일 04시,토요일,인천광역시 남동구 논현동,중상사고,0,1,2,0,차대차 - 측면직각충돌,신호위반,건조,맑음,교차로 - 교차로안,승용,남,51세,상해없음,승용,남,53세,중상
2016012300100078,2016년 1월 23일 04시,토요일,인천광역시 남동구 간석동,사망사고,1,5,3,1,차대차 - 추돌,안전운전불이행,건조,맑음,교차로 - 교차로부근,승용,남,25세,부상신고,화물,남,55세,중상
2016012300100097,2016년 1월 23일 06시,토요일,인천광역시 남동구 간석동,중상사고,0,1,0,0,차대차 - 측면직각충돌,중앙선침범,건조,맑음,단일로 - 기타,승용,기타불명,기타불명,기타불명,이륜,남,37세,중상
2016012300100098,2016년 1월 23일 06시,토요일,인천광역시 부평구 부개동,중상사고,0,1,1,0,차대차 - 측면직각충돌,신호위반,건조,맑음,교차로 - 교차로안,승용,남,52세,상해없음,승용,남,60세,중상
2016012300100181,2016년 1월 23일 11시,토요일,인천광역시 남구 문학동,경상사고,0,0,1,0,차대차 - 추돌,안전운전불이행,건조,맑음,교차로 - 교차로부근,화물,남,50세,상해없음,승용,여,63세,경상
2016012300100207,2016년 1월 23일 12시,토요일,인천광역시 연수구 동춘동,중상사고,0,1,1,0,차대차 - 추돌,교차로운행방법위반,건조,맑음,교차로 - 교차로안,승용,남,45세,상해없음,승용,남,35세,경상
2016012300100227,2016년 1월 23일 13시,토요일,인천광역시 남동구 간석동,경상사고,0,0,2,0,차대차 - 추돌,안전운전불이행,건조,맑음,단일로 - 기타,승합,남,54세,상해없음,승용,여,53세,경상
2016012300100264,2016년 1월 23일 14시,토요일,인천광역시 연수구 옥련동,중상사고,0,1,0,0,차대차 - 측면충돌,안전운전불이행,건조,맑음,단일로 - 기타,승합,남,58세,상해없음,이륜,남,54세,중상
2016012300100344,2016년 1월 23일 17시,토요일,인천광역시 남구 주안동,중상사고,0,1,1,0,차대차 - 기타,안전운전불이행,건조,맑음,단일로 - 기타,승용,여,46세,상해없음,승용,여,37세,경상
2016012300100345,2016년 1월 23일 17시,토요일,인천광역시 계양구 계산동,경상사고,0,0,1,0,차대사람 - 차도통행중,안전운전불이행,건조,맑음,교차로 - 교차로안,승용,남,57세,상해없음,보행자,여,43세,경상
2016012300100415,2016년 1월 23일 19시,토요일,인천광역시 남구 주안동,경상사고,0,0,3,0,차대차 - 추돌,안전거리미확보,건조,맑음,단일로 - 교량,승용,남,68세,상해없음,승합,남,54세,경상
2016012300100416,2016년 1월 23일 19시,토요일,인천광역시 서구 경서동,경상사고,0,0,1,0,차대차 - 측면충돌,신호위반,건조,맑음,교차로 - 교차로안,승용,남,35세,상해없음,승용,남,63세,경상
2016012300100439,2016년 1월 23일 20시,토요일,인천광역시 남동구 서창동,경상사고,0,0,1,0,차대차 - 기타,안전운전불이행,습기,맑음,교차로 - 교차로안,승용,남,47세,상해없음,원동기,남,18세,경상
2016012300100440,2016년 1월 23일 20시,토요일,인천광역시 계양구 계산동,경상사고,0,0,1,0,차대사람 - 차도통행중,안전운전불이행,건조,맑음,단일로 - 기타,승용,여,45세,상해없음,보행자,남,43세,경상
2016012300100465,2016년 1월 23일 21시,토요일,인천광역시 남구 학익동,경상사고,0,0,2,0,차대차 - 측면직각충돌,기타,건조,맑음,단일로 - 기타,승용,남,38세,상해없음,승용,여,29세,경상
2016012300100506,2016년 1월 23일 23시,토요일,인천광역시 남구 숭의동,경상사고,0,0,3,0,차대차 - 기타,안전운전불이행,건조,맑음,교차로 - 교차로안,승용,남,50세,상해없음,승용,여,42세,경상
2016012300100507,2016년 1월 23일 23시,토요일,인천광역시 남구 주안동,경상사고,0,0,1,0,차대사람 - 길가장자리구역통행중,안전운전불이행,건조,맑음,단일로 - 기타,승용,남,27세,상해없음,보행자,남,19세,경상
2016012300100508,2016년 1월 23일 23시,토요일,인천광역시 부평구 십정동,중상사고,0,1,0,1,차대차 - 추돌,안전운전불이행,건조,맑음,단일로 - 기타,기타불명,기타불명,기타불명,기타불명,승용,남,44세,부상신고
2016012400100020,2016년 1월 24일 00시,일요일,인천광역시 남동구 구월동,경상사고,0,0,2,0,차대차 - 측면직각충돌,신호위반,건조,맑음,교차로 - 교차로안,승용,남,25세,상해없음,승용,남,65세,경상
2016012400100021,2016년 1월 24일 00시,일요일,인천광역시 서구 가좌동,중상사고,0,1,2,0,차대차 - 정면충돌,안전운전불이행,건조,맑음,단일로 - 기타,승용,남,32세,상해없음,승용,남,55세,경상
2016012400100064,2016년 1월 24일 04시,일요일,인천광역시 부평구 청천동,경상사고,0,0,3,0,차대차 - 추돌,안전거리미확보,건조,맑음,교차로 - 교차로부근,승용,남,33세,상해없음,승용,남,54세,경상
2016012400100065,2016년 1월 24일 04시,일요일,인천광역시 남동구 고잔동,경상사고,0,0,1,0,차대차 - 측면직각충돌,신호위반,건조,맑음,교차로 - 교차로안,승용,남,23세,상해없음,승합,여,55세,경상
2016012400100076,2016년 1월 24일 05시,일요일,인천광역시 남동구 간석동,중상사고,0,1,0,0,차대차 - 측면직각충돌,신호위반,건조,맑음,교차로 - 교차로안,승용,남,35세,상해없음,승용,남,52세,중상
2016012400100108,2016년 1월 24일 09시,일요일,인천광역시 남동구 간석동,중상사고,0,1,0,0,차대차 - 정면충돌,중앙선침범,건조,맑음,단일로 - 기타,승용,남,43세,상해없음,승용,남,41세,상해없음
2016012400100119,2016년 1월 24일 10시,일요일,인천광역시 서구 신현동,경상사고,0,0,1,0,차대차 - 측면충돌,교차로운행방법위반,건조,맑음,교차로 - 교차로안,승용,남,64세,상해없음,승용,남,55세,상해없음
2016012400100141,2016년 1월 24일 11시,일요일,인천광역시 남동구 고잔동,경상사고,0,0,2,0,차대차 - 측면충돌,교차로운행방법위반,건조,맑음,교차로 - 교차로안,승용,남,29세,경상,승용,남,47세,경상
2016012400100159,2016년 1월 24일 12시,일요일,인천광역시 서구 가정동,경상사고,0,0,1,0,차대차 - 추돌,안전운전불이행,건조,맑음,기타 - 기타,승용,남,37세,상해없음,승용,남,49세,경상
2016012400100215,2016년 1월 24일 14시,일요일,인천광역시 부평구 산곡동,경상사고,0,0,1,0,차대차 - 측면직각충돌,안전운전불이행,건조,맑음,단일로 - 기타,화물,남,50세,상해없음,이륜,남,24세,경상
2016012400100216,2016년 1월 24일 14시,일요일,인천광역시 연수구 연수동,중상사고,0,1,0,0,차대차 - 측면충돌,안전운전불이행,건조,맑음,교차로 - 교차로안,기타불명,기타불명,기타불명,기타불명,자전거,남,76세,중상
2016012400100309,2016년 1월 24일 18시,일요일,인천광역시 연수구 동춘동,경상사고,0,0,1,0,차대차 - 추돌,안전운전불이행,건조,맑음,교차로 - 교차로부근,승용,여,51세,상해없음,승용,남,57세,경상
2016012400100310,2016년 1월 24일 18시,일요일,인천광역시 계양구 귤현동,중상사고,0,1,0,0,차대사람 - 차도통행중,안전운전불이행,건조,맑음,단일로 - 기타,승용,남,52세,상해없음,보행자,여,57세,중상
2016012400100366,2016년 1월 24일 20시,일요일,인천광역시 연수구 동춘동,경상사고,0,0,1,0,차대차 - 정면충돌,신호위반,건조,맑음,교차로 - 교차로안,승용,남,39세,상해없음,승용,남,46세,경상
2016012400100383,2016년 1월 24일 21시,일요일,인천광역시 남동구 간석동,중상사고,0,1,1,0,차대차 - 측면직각충돌,신호위반,건조,맑음,교차로 - 교차로안,승용,남,22세,상해없음,승용,남,40세,경상
2016012400100406,2016년 1월 24일 22시,일요일,인천광역시 남동구 구월동,중상사고,0,1,0,0,차대차 - 정면충돌,교차로운행방법위반,건조,맑음,교차로 - 교차로안,승용,남,50세,상해없음,이륜,남,35세,중상
2016012400100407,2016년 1월 24일 22시,일요일,인천광역시 남동구 남촌동,경상사고,0,0,1,0,차대차 - 정면충돌,안전운전불이행,건조,맑음,단일로 - 기타,승용,남,34세,상해없음,승합,남,56세,상해없음
2016012400100420,2016년 1월 24일 23시,일요일,인천광역시 남동구 간석동,경상사고,0,0,2,0,차대차 - 측면직각충돌,안전운전불이행,건조,맑음,교차로 - 교차로부근,승용,남,26세,상해없음,승용,여,62세,경상
2016012500100030,2016년 1월 25일 05시,월요일,인천광역시 남동구 간석동,경상사고,0,0,1,0,차대차 - 기타,신호위반,건조,맑음,교차로 - 교차로부근,승용,남,31세,상해없음,승용,남,36세,경상
2016012500100068,2016년 1월 25일 07시,월요일,인천광역시 부평구 부평동,중상사고,0,1,1,0,차대차 - 기타,안전거리미확보,건조,맑음,단일로 - 기타,승용,여,47세,상해없음,승용,남,29세,경상
2016012500100106,2016년 1월 25일 08시,월요일,인천광역시 남동구 남촌동,경상사고,0,0,1,0,차대차 - 추돌,안전거리미확보,건조,맑음,단일로 - 기타,승용,여,51세,상해없음,승용,여,47세,경상
2016012500100107,2016년 1월 25일 08시,월요일,인천광역시 서구 왕길동,경상사고,0,0,2,0,차대차 - 측면직각충돌,안전운전불이행,결빙,맑음,단일로 - 기타,승용,여,37세,상해없음,승용,남,39세,경상
2016012500100136,2016년 1월 25일 09시,월요일,인천광역시 계양구 병방동,경상사고,0,0,1,0,차대사람 - 기타,안전운전불이행,건조,맑음,교차로 - 교차로부근,승용,여,56세,기타불명,보행자,남,6세,경상
2016012500100188,2016년 1월 25일 11시,월요일,인천광역시 서구 원당동,중상사고,0,1,0,0,차대차 - 측면충돌,신호위반,건조,맑음,교차로 - 교차로안,건설기계,남,55세,상해없음,승용,남,61세,중상
2016012500100284,2016년 1월 25일 14시,월요일,인천광역시 남동구 만수동,경상사고,0,0,2,0,차대차 - 추돌,안전운전불이행,건조,맑음,교차로 - 교차로부근,승용,남,37세,상해없음,승용,남,39세,경상
2016012500100285,2016년 1월 25일 14시,월요일,인천광역시 서구 연희동,경상사고,0,0,4,0,차대차 - 측면충돌,신호위반,건조,맑음,교차로 - 교차로안,승용,여,31세,상해없음,승용,남,44세,경상
2016012500100286,2016년 1월 25일 14시,월요일,인천광역시 계양구 작전동,중상사고,0,1,0,0,차대사람 - 기타,안전운전불이행,건조,맑음,교차로 - 교차로안,승합,남,59세,상해없음,보행자,여,48세,중상
2016012500100287,2016년 1월 25일 14시,월요일,인천광역시 부평구 삼산동,중상사고,0,1,0,0,차대사람 - 횡단중,안전운전불이행,건조,맑음,단일로 - 기타,승용,남,40세,상해없음,보행자,남,12세,중상
2016012500100317,2016년 1월 25일 15시,월요일,인천광역시 중구 중앙동4가,경상사고,0,0,1,0,차대차 - 측면충돌,안전운전불이행,건조,맑음,단일로 - 기타,승용,남,51세,상해없음,승용,남,45세,경상
2016012500100349,2016년 1월 25일 16시,월요일,인천광역시 서구 마전동,경상사고,0,0,2,0,차대차 - 측면충돌,중앙선침범,건조,맑음,단일로 - 기타,원동기,남,45세,경상,승합,남,37세,경상
2016012500100350,2016년 1월 25일 16시,월요일,인천광역시 연수구 송도동,경상사고,0,0,1,0,차대차 - 측면직각충돌,안전운전불이행,건조,맑음,단일로 - 교량,화물,남,40세,상해없음,승용,여,43세,경상
2016012500100376,2016년 1월 25일 17시,월요일,인천광역시 남구 주안동,중상사고,0,1,0,0,차량단독 - 기타,안전운전불이행,건조,맑음,단일로 - 기타,승합,남,67세,상해없음,,,,
2016012500100429,2016년 1월 25일 18시,월요일,인천광역시 연수구 동춘동,경상사고,0,0,1,0,차대차 - 추돌,안전운전불이행,건조,맑음,교차로 - 교차로부근,승용,여,48세,상해없음,승용,여,35세,경상
2016012500100466,2016년 1월 25일 19시,월요일,인천광역시 남구 도화동,경상사고,0,0,1,0,차대사람 - 횡단중,신호위반,건조,맑음,단일로 - 기타,이륜,남,19세,상해없음,보행자,여,55세,경상
2016012500100499,2016년 1월 25일 20시,월요일,인천광역시 서구 가정동,중상사고,0,1,0,0,차대차 - 측면직각충돌,안전운전불이행,건조,맑음,단일로 - 기타,승용,남,57세,상해없음,원동기,남,23세,중상
2016012500100563,2016년 1월 25일 22시,월요일,인천광역시 서구 왕길동,중상사고,0,1,0,0,차대차 - 기타,안전운전불이행,건조,맑음,단일로 - 기타,승용,기타불명,기타불명,기타불명,자전거,남,51세,중상
2016012500100564,2016년 1월 25일 22시,월요일,인천광역시 남동구 서창동,경상사고,0,0,5,0,차대차 - 측면직각충돌,안전거리미확보,건조,맑음,단일로 - 기타,승용,남,62세,상해없음,승용,남,55세,경상
2016012500100595,2016년 1월 25일 23시,월요일,인천광역시 남동구 구월동,중상사고,0,2,2,0,차대차 - 측면충돌,신호위반,건조,맑음,교차로 - 교차로안,승용,남,33세,경상,승용,남,45세,중상
2016012600100010,2016년 1월 26일 00시,화요일,인천광역시 서구 가좌동,경상사고,0,0,1,0,차량단독 - 공작물충돌,안전운전불이행,습기,맑음,단일로 - 교량,승용,남,43세,경상,,,,
2016012600100011,2016년 1월 26일 00시,화요일,인천광역시 계양구 동양동,경상사고,0,0,1,0,차량단독 - 공작물충돌,안전운전불이행,건조,맑음,단일로 - 기타,승용,남,40세,기타불명,,,,
2016012600100024,2016년 1월 26일 01시,화요일,인천광역시 서구 신현동,경상사고,0,0,1,0,차대차 - 측면직각충돌,안전운전불이행,건조,맑음,단일로 - 기타,승합,남,47세,상해없음,승용,남,46세,경상
2016012600100025,2016년 1월 26일 01시,화요일,인천광역시 서구 가정동,경상사고,0,0,1,0,차대차 - 추돌,안전운전불이행,건조,맑음,교차로 - 교차로부근,승용,남,32세,기타불명,승용,여,24세,경상
2016012600100045,2016년 1월 26일 04시,화요일,인천광역시 남동구 장수동,중상사고,0,1,3,0,차대차 - 측면직각충돌,신호위반,건조,맑음,교차로 - 교차로안,승합,남,48세,상해없음,승용,남,52세,경상
2016012600100089,2016년 1월 26일 07시,화요일,인천광역시 남동구 도림동,경상사고,0,0,2,0,차대차 - 추돌,안전운전불이행,습기,눈,단일로 - 교량,건설기계,남,54세,상해없음,승용,남,29세,경상
2016012600100121,2016년 1월 26일 08시,화요일,인천광역시 강화군 교동면,사망사고,1,0,0,0,차대사람 - 보도통행중,안전운전불이행,건조,맑음,단일로 - 기타,승용,남,52세,상해없음,보행자,여,67세,사망
2016012600100141,2016년 1월 26일 09시,화요일,인천광역시 강화군 하점면,중상사고,0,1,0,0,차대사람 - 기타,안전운전불이행,건조,맑음,단일로 - 기타,승용,여,67세,상해없음,보행자,여,75세,중상
2016012600100165,2016년 1월 26일 10시,화요일,인천광역시 남동구 도림동,경상사고,0,0,1,0,차대사람 - 길가장자리구역통행중,안전운전불이행,건조,맑음,단일로 - 기타,승용,여,38세,상해없음,보행자,남,39세,경상
2016012600100198,2016년 1월 26일 11시,화요일,인천광역시 계양구 서운동,경상사고,0,0,2,1,차대차 - 기타,안전거리미확보,건조,맑음,단일로 - 기타,승용,남,46세,상해없음,승용,남,58세,경상
2016012600100223,2016년 1월 26일 12시,화요일,인천광역시 중구 덕교동,경상사고,0,0,2,0,차대차 - 측면직각충돌,안전운전불이행,건조,맑음,단일로 - 기타,승합,남,47세,상해없음,승용,여,43세,경상
2016012600100224,2016년 1월 26일 12시,화요일,인천광역시 남동구 장수동,경상사고,0,0,2,0,차대차 - 추돌,안전운전불이행,적설,흐림,단일로 - 기타,승용,남,31세,상해없음,승용,남,49세,경상
2016012600100225,2016년 1월 26일 12시,화요일,인천광역시 남동구 만수동,경상사고,0,0,1,0,차대차 - 측면직각충돌,안전운전불이행,건조,맑음,단일로 - 기타,기타불명,기타불명,기타불명,기타불명,승용,여,50세,경상
2016012600100285,2016년 1월 26일 14시,화요일,인천광역시 중구 운서동,중상사고,0,1,2,0,차대차 - 측면직각충돌,중앙선침범,건조,맑음,단일로 - 기타,승용,남,57세,상해없음,승용,남,58세,경상
2016012600100286,2016년 1월 26일 14시,화요일,인천광역시 서구 가좌동,중상사고,0,1,0,0,차대사람 - 횡단중,보행자보호의무위반,건조,맑음,교차로 - 교차로부근,승용,여,54세,상해없음,보행자,여,52세,중상
2016012600100317,2016년 1월 26일 15시,화요일,인천광역시 부평구 갈산동,경상사고,0,0,1,0,차대차 - 측면직각충돌,중앙선침범,건조,맑음,단일로 - 기타,승용,여,52세,상해없음,이륜,남,38세,경상
2016012600100372,2016년 1월 26일 17시,화요일,인천광역시 남동구 구월동,중상사고,0,1,0,0,차대사람 - 횡단중,안전운전불이행,건조,맑음,단일로 - 기타,건설기계,남,61세,상해없음,보행자,남,77세,중상
2016012600100427,2016년 1월 26일 18시,화요일,인천광역시 연수구 옥련동,중상사고,0,1,0,0,차대사람 - 횡단중,안전운전불이행,건조,맑음,단일로 - 기타,승용,남,45세,상해없음,보행자,남,59세,중상
2016012600100428,2016년 1월 26일 18시,화요일,인천광역시 연수구 송도동,중상사고,0,1,5,1,차대차 - 정면충돌,신호위반,건조,맑음,교차로 - 교차로안,승용,남,48세,부상신고,승용,여,29세,경상
2016012600100471,2016년 1월 26일 19시,화요일,인천광역시 서구 석남동,부상신고사고,0,0,0,1,차대차 - 기타,안전운전불이행,건조,맑음,단일로 - 기타,승용,기타불명,기타불명,기타불명,이륜,남,26세,부상신고
2016012600100472,2016년 1월 26일 19시,화요일,인천광역시 연수구 송도동,중상사고,0,1,1,0,차대사람 - 보도통행중,신호위반,건조,맑음,교차로 - 교차로안,승용,여,26세,상해없음,보행자,남,37세,경상
2016012600100473,2016년 1월 26일 19시,화요일,인천광역시 부평구 삼산동,중상사고,0,1,4,0,차대차 - 추돌,안전운전불이행,건조,맑음,교차로 - 교차로부근,승용,남,37세,상해없음,승용,남,39세,중상
2016012600100495,2016년 1월 26일 20시,화요일,인천광역시 남구 도화동,중상사고,0,1,0,0,차대사람 - 기타,안전운전불이행,기타,맑음,단일로 - 기타,화물,남,49세,상해없음,보행자,여,49세,중상
2016012600100496,2016년 1월 26일 20시,화요일,인천광역시 남동구 구월동,중상사고,0,1,0,0,차대사람 - 보도통행중,안전운전불이행,건조,맑음,단일로 - 기타,원동기,남,59세,상해없음,보행자,여,69세,중상
2016012600100561,2016년 1월 26일 22시,화요일,인천광역시 계양구 작전동,경상사고,0,0,1,0,차대사람 - 횡단중,안전운전불이행,건조,맑음,교차로 - 교차로안,승용,남,54세,상해없음,보행자,여,21세,경상
2016012600100562,2016년 1월 26일 22시,화요일,인천광역시 연수구 옥련동,경상사고,0,0,1,0,차대차 - 기타,신호위반,건조,맑음,교차로 - 교차로안,이륜,남,18세,상해없음,승용,여,47세,경상
2016012700100022,2016년 1월 27일 00시,수요일,인천광역시 서구 가좌동,중상사고,0,1,1,0,차대차 - 추돌,안전운전불이행,건조,맑음,단일로 - 기타,승용,남,38세,상해없음,화물,남,28세,중상
2016012700100033,2016년 1월 27일 01시,수요일,인천광역시 부평구 십정동,경상사고,0,0,5,0,차량단독 - 공작물충돌,안전운전불이행,건조,맑음,단일로 - 기타,승합,남,33세,기타불명,,,,
2016012700100042,2016년 1월 27일 02시,수요일,인천광역시 부평구 부평동,경상사고,0,0,1,0,차대사람 - 횡단중,안전운전불이행,건조,맑음,단일로 - 기타,승용,남,68세,상해없음,보행자,여,38세,경상
2016012700100108,2016년 1월 27일 07시,수요일,인천광역시 남구 숭의동,경상사고,0,0,1,0,차대차 - 추돌,안전거리미확보,기타,맑음,단일로 - 기타,화물,남,36세,상해없음,승용,남,57세,경상