사고번호,사고일시,요일,시군구,사고내용,사망자수,중상자수,경상자수,부상신고자수,사고유형,법규위반,노면상태,기상상태,도로형태,가해운전자 차종,가해운전자 성별,가해운전자 연령,가해운전자 상해정도,피해운전자 차종,피해운전자 성별,피해운전자 연령,피해운전자 상해정도
2016012700100181,2016년 1월 27일 09시,수요일,인천광역시 연수구 송도동,경상사고,0,0,3,0,차대차 - 추돌,교차로운행방법위반,건조,맑음,교차로 - 교차로안,승용,남,57세,상해없음,승용,남,34세,경상
2016012700100250,2016년 1월 27일 12시,수요일,인천광역시 강화군 하점면,경상사고,0,0,1,0,차대사람 - 차도통행중,안전운전불이행,건조,맑음,단일로 - 기타,승용,여,52세,상해없음,보행자,여,84세,경상
2016012700100273,2016년 1월 27일 13시,수요일,인천광역시 부평구 십정동,경상사고,0,0,1,0,차대차 - 기타,안전운전불이행,건조,맑음,기타 - 기타,승용,남,44세,상해없음,승용,남,53세,경상
2016012700100274,2016년 1월 27일 13시,수요일,인천광역시 강화군 교동면,경상사고,0,0,1,0,차대차 - 측면충돌,안전운전불이행,건조,맑음,교차로 - 교차로안,이륜,남,90세 이상,경상,승용,여,31세,상해없음
2016012700100295,2016년 1월 27일 14시,수요일,인천광역시 계양구 박촌동,중상사고,0,1,4,0,차대차 - 추돌,안전운전불이행,건조,맑음,교차로 - 교차로부근,화물,남,51세,상해없음,승합,남,57세,경상
2016012700100334,2016년 1월 27일 15시,수요일,인천광역시 남구 주안동,중상사고,0,1,0,0,차대사람 - 기타,기타,건조,맑음,단일로 - 기타,승합,남,69세,상해없음,보행자,여,80세,중상
2016012700100369,2016년 1월 27일 16시,수요일,인천광역시 남구 관교동,경상사고,0,0,1,0,차대차 - 측면직각충돌,안전운전불이행,건조,맑음,기타 - 기타,승용,남,28세,상해없음,승합,남,57세,경상
2016012700100370,2016년 1월 27일 16시,수요일,인천광역시 남동구 구월동,경상사고,0,0,1,0,차대차 - 측면직각충돌,차로위반,건조,맑음,교차로 - 교차로부근,승용,여,53세,상해없음,승용,남,48세,경상
2016012700100460,2016년 1월 27일 18시,수요일,인천광역시 남구 주안동,경상사고,0,0,1,0,차대사람 - 기타,안전운전불이행,건조,맑음,단일로 - 기타,승용,남,66세,상해없음,보행자,남,24세,경상
2016012700100494,2016년 1월 27일 19시,수요일,인천광역시 남구 주안동,경상사고,0,0,1,0,차대사람 - 기타,안전운전불이행,건조,맑음,단일로 - 기타,승용,여,40세,상해없음,보행자,여,16세,경상
2016012700100495,2016년 1월 27일 19시,수요일,인천광역시 남구 숭의동,경상사고,0,0,2,0,차대차 - 추돌,안전거리미확보,건조,맑음,교차로 - 교차로부근,승용,남,39세,경상,승용,남,38세,상해없음
2016012700100496,2016년 1월 27일 19시,수요일,인천광역시 남구 용현동,경상사고,0,0,2,0,차대차 - 측면직각충돌,안전운전불이행,건조,기타,교차로 - 교차로부근,승합,남,46세,상해없음,승용,남,43세,경상
2016012700100497,2016년 1월 27일 19시,수요일,인천광역시 부평구 산곡동,경상사고,0,0,1,0,차대차 - 측면충돌,차로위반,건조,맑음,단일로 - 기타,승용,남,31세,상해없음,이륜,남,21세,경상
2016012700100498,2016년 1월 27일 19시,수요일,인천광역시 서구 당하동,부상신고사고,0,0,0,1,차대차 - 측면직각충돌,신호위반,건조,맑음,교차로 - 교차로안,원동기,남,31세,부상신고,승용,남,36세,상해없음
2016012700100499,2016년 1월 27일 19시,수요일,인천광역시 서구 신현동,경상사고,0,0,1,0,차대사람 - 횡단중,보행자보호의무위반,건조,맑음,단일로 - 횡단보도상,승용,남,37세,상해없음,보행자,남,53세,경상
2016012700100500,2016년 1월 27일 19시,수요일,인천광역시 계양구 효성동,중상사고,0,1,0,0,차대사람 - 횡단중,보행자보호의무위반,건조,맑음,교차로 - 교차로안,승합,남,56세,상해없음,보행자,여,55세,중상
2016012700100501,2016년 1월 27일 19시,수요일,인천광역시 계양구 작전동,경상사고,0,0,2,0,차대차 - 추돌,안전운전불이행,건조,맑음,교차로 - 교차로부근,승용,여,53세,상해없음,승용,남,41세,경상
2016012700100502,2016년 1월 27일 19시,수요일,인천광역시 부평구 갈산동,중상사고,0,1,0,0,차대차 - 기타,안전운전불이행,건조,맑음,교차로 - 교차로안,승용,남,58세,상해없음,이륜,남,53세,중상
2016012700100598,2016년 1월 27일 22시,수요일,인천광역시 남동구 만수동,경상사고,0,0,1,0,차대차 - 측면직각충돌,안전운전불이행,건조,맑음,교차로 - 교차로안,승용,남,32세,상해없음,승용,남,27세,경상
2016012700100599,2016년 1월 27일 22시,수요일,인천광역시 서구 가정동,경상사고,0,0,1,0,차대차 - 측면충돌,신호위반,건조,맑음,교차로 - 교차로안,승용,남,58세,상해없음,승용,남,74세,경상
2016012800100019,2016년 1월 28일 00시,목요일,인천광역시 남동구 논현동,경상사고,0,0,2,0,차대차 - 정면충돌,안전운전불이행,건조,맑음,단일로 - 기타,승용,남,35세,상해없음,승용,남,27세,경상
2016012800100039,2016년 1월 28일 01시,목요일,인천광역시 부평구 부평동,경상사고,0,0,1,0,차대사람 - 횡단중,보행자보호의무위반,건조,맑음,교차로 - 교차로부근,승용,남,56세,상해없음,보행자,여,26세,경상
2016012800100040,2016년 1월 28일 01시,목요일,인천광역시 계양구 작전동,경상사고,0,0,2,0,차대차 - 측면직각충돌,안전거리미확보,건조,맑음,단일로 - 기타,승용,남,62세,상해없음,승용,남,61세,상해없음
2016012800100053,2016년 1월 28일 02시,목요일,인천광역시 서구 가좌동,중상사고,0,1,0,0,차대사람 - 횡단중,안전운전불이행,건조,흐림,교차로 - 교차로안,승용,남,55세,상해없음,보행자,여,43세,중상
2016012800100080,2016년 1월 28일 05시,목요일,인천광역시 남구 관교동,중상사고,0,1,0,0,차대사람 - 횡단중,안전운전불이행,건조,맑음,단일로 - 기타,승용,남,68세,상해없음,보행자,남,73세,중상
2016012800100081,2016년 1월 28일 05시,목요일,인천광역시 부평구 삼산동,경상사고,0,0,1,0,차대사람 - 기타,안전운전불이행,건조,맑음,단일로 - 기타,승용,남,54세,상해없음,보행자,남,48세,경상
2016012800100200,2016년 1월 28일 09시,목요일,인천광역시 동구 화평동,경상사고,0,0,1,0,차대차 - 기타,안전운전불이행,건조,맑음,단일로 - 기타,승용,남,58세,상해없음,승용,여,32세,경상
2016012800100201,2016년 1월 28일 09시,목요일,인천광역시 남구 학익동,경상사고,0,0,1,0,차대차 - 측면직각충돌,안전운전불이행,건조,맑음,교차로 - 교차로안,승용,여,43세,상해없음,승용,남,56세,경상
2016012800100226,2016년 1월 28일 10시,목요일,인천광역시 부평구 십정동,경상사고,0,0,1,0,차대차 - 기타,안전운전불이행,건조,맑음,단일로 - 기타,승용,남,53세,상해없음,승용,남,31세,경상
2016012800100227,2016년 1월 28일 10시,목요일,인천광역시 부평구 부평동,경상사고,0,0,1,0,차대차 - 추돌,안전운전불이행,건조,맑음,단일로 - 기타,승용,남,55세,상해없음,승용,남,61세,상해없음
2016012800100228,2016년 1월 28일 10시,목요일,인천광역시 서구 백석동,경상사고,0,0,2,0,차대차 - 추돌,안전운전불이행,건조,맑음,단일로 - 기타,승용,남,40세,상해없음,승용,여,25세,경상
2016012800100249,2016년 1월 28일 11시,목요일,인천광역시 중구 운서동,경상사고,0,0,1,0,차대사람 - 기타,안전운전불이행,건조,맑음,단일로 - 기타,기타불명,기타불명,기타불명,기타불명,보행자,여,26세,경상
2016012800100250,2016년 1월 28일 11시,목요일,인천광역시 서구 당하동,경상사고,0,0,1,0,차대사람 - 횡단중,안전운전불이행,건조,맑음,교차로 - 교차로안,승용,여,36세,상해없음,보행자,여,30세,경상
2016012800100277,2016년 1월 28일 12시,목요일,인천광역시 서구 가정동,경상사고,0,0,1,0,차대차 - 측면직각충돌,신호위반,건조,맑음,교차로 - 교차로안,화물,남,55세,상해없음,승합,여,54세,경상
2016012800100304,2016년 1월 28일 13시,목요일,인천광역시 남동구 고잔동,부상신고사고,0,0,0,1,차대사람 - 횡단중,안전운전불이행,건조,맑음,교차로 - 교차로안,승용,남,40세,상해없음,보행자,남,64세,부상신고
2016012800100425,2016년 1월 28일 17시,목요일,인천광역시 부평구 부평동,경상사고,0,0,1,0,차량단독 - 공작물충돌,안전운전불이행,건조,맑음,단일로 - 기타,승합,남,53세,상해없음,,,,
2016012800100426,2016년 1월 28일 17시,목요일,인천광역시 계양구 작전동,경상사고,0,0,1,0,차대차 - 기타,안전운전불이행,건조,맑음,단일로 - 횡단보도상,승용,여,36세,상해없음,자전거,남,8세,경상
2016012800100474,2016년 1월 28일 18시,목요일,인천광역시 중구 사동,중상사고,0,1,0,0,차대사람 - 기타,안전운전불이행,건조,맑음,단일로 - 기타,승용,여,36세,상해없음,보행자,여,53세,중상
2016012800100475,2016년 1월 28일 18시,목요일,인천광역시 남동구 구월동,경상사고,0,0,1,0,차대차 - 측면직각충돌,신호위반,건조,맑음,단일로 - 기타,승합,남,63세,상해없음,이륜,남,63세,경상
2016012800100476,2016년 1월 28일 18시,목요일,인천광역시 연수구 연수동,중상사고,0,2,0,0,차대사람 - 기타,보행자보호의무위반,건조,맑음,단일로 - 기타,승용,남,71세,상해없음,보행자,여,57세,중상
2016012800100517,2016년 1월 28일 19시,목요일,인천광역시 중구 전동,부상신고사고,0,0,0,1,차대사람 - 기타,안전운전불이행,건조,맑음,단일로 - 기타,승용,남,34세,기타불명,보행자,남,17세,부상신고
2016012800100518,2016년 1월 28일 19시,목요일,인천광역시 남동구 간석동,경상사고,0,0,1,0,차대사람 - 길가장자리구역통행중,안전운전불이행,건조,맑음,단일로 - 기타,기타불명,기타불명,기타불명,기타불명,보행자,남,58세,경상
2016012800100560,2016년 1월 28일 20시,목요일,인천광역시 중구 운서동,경상사고,0,0,1,0,차대차 - 추돌,안전운전불이행,건조,맑음,교차로 - 교차로부근,승용,남,39세,상해없음,승용,남,61세,경상
2016012800100561,2016년 1월 28일 20시,목요일,인천광역시 서구 석남동,경상사고,0,0,1,0,차대사람 - 기타,안전운전불이행,건조,맑음,단일로 - 기타,기타불명,기타불명,기타불명,기타불명,보행자,남,49세,경상
2016012800100562,2016년 1월 28일 20시,목요일,인천광역시 연수구 선학동,중상사고,0,1,0,0,차대사람 - 횡단중,안전운전불이행,건조,맑음,단일로 - 기타,승용,남,66세,상해없음,보행자,남,43세,중상
2016012800100603,2016년 1월 28일 21시,목요일,인천광역시 남구 용현동,중상사고,0,1,0,0,차량단독 - 기타,안전운전불이행,건조,맑음,교차로 - 교차로부근,승합,남,53세,상해없음,,,,
2016012900100024,2016년 1월 29일 00시,금요일,인천광역시 계양구 계산동,경상사고,0,0,1,0,차대차 - 추돌,안전운전불이행,건조,맑음,교차로 - 교차로부근,승용,남,25세,상해없음,승용,여,51세,경상
2016012900100025,2016년 1월 29일 00시,금요일,인천광역시 연수구 송도동,중상사고,0,2,0,0,차대사람 - 횡단중,신호위반,건조,맑음,교차로 - 교차로안,승용,남,59세,상해없음,보행자,남,35세,중상
2016012900100026,2016년 1월 29일 00시,금요일,인천광역시 계양구 병방동,경상사고,0,0,1,0,차대차 - 측면직각충돌,안전운전불이행,건조,맑음,단일로 - 교량,승합,남,32세,상해없음,승용,남,24세,경상
2016012900100087,2016년 1월 29일 03시,금요일,인천광역시 서구 경서동,경상사고,0,0,1,0,차대차 - 측면직각충돌,신호위반,건조,맑음,교차로 - 교차로안,화물,남,57세,상해없음,승용,남,57세,경상
2016012900100091,2016년 1월 29일 04시,금요일,인천광역시 남동구 논현동,경상사고,0,0,1,0,차대차 - 추돌,차로위반,습기,맑음,단일로 - 기타,이륜,남,16세,상해없음,승용,남,16세,상해없음
2016012900100117,2016년 1월 29일 06시,금요일,인천광역시 부평구 부평동,중상사고,0,1,0,0,차대사람 - 기타,안전운전불이행,건조,맑음,단일로 - 횡단보도상,승용,남,41세,상해없음,보행자,여,81세,중상
2016012900100152,2016년 1월 29일 07시,금요일,인천광역시 계양구 계산동,중상사고,0,4,0,0,차대차 - 측면직각충돌,신호위반,건조,맑음,교차로 - 교차로안,승용,남,63세,중상,승용,남,54세,중상
2016012900100210,2016년 1월 29일 09시,금요일,인천광역시 남동구 고잔동,중상사고,0,1,1,0,차대차 - 측면직각충돌,신호위반,건조,맑음,교차로 - 교차로안,화물,남,50세,상해없음,승용,여,31세,중상
2016012900100211,2016년 1월 29일 09시,금요일,인천광역시 서구 가정동,중상사고,0,1,0,0,차대차 - 기타,안전거리미확보,건조,맑음,단일로 - 기타,승용,남,31세,상해없음,승용,남,41세,중상
2016012900100212,2016년 1월 29일 09시,금요일,인천광역시 연수구 송도동,경상사고,0,0,1,0,차대차 - 기타,신호위반,건조,맑음,교차로 - 교차로부근,승용,남,46세,상해없음,승용,여,43세,경상
2016012900100280,2016년 1월 29일 12시,금요일,인천광역시 계양구 작전동,중상사고,0,1,0,0,차대차 - 측면직각충돌,차로위반,건조,맑음,단일로 - 횡단보도부근,화물,남,51세,상해없음,승용,남,28세,중상
2016012900100309,2016년 1월 29일 13시,금요일,인천광역시 서구 연희동,경상사고,0,0,2,0,차대차 - 추돌,안전운전불이행,건조,맑음,교차로 - 교차로부근,승용,여,28세,상해없음,승용,남,66세,경상
2016012900100331,2016년 1월 29일 14시,금요일,인천광역시 남구 도화동,경상사고,0,0,1,0,차대차 - 추돌,안전운전불이행,건조,맑음,단일로 - 기타,승용,남,62세,상해없음,승용,남,47세,경상
2016012900100383,2016년 1월 29일 16시,금요일,인천광역시 서구 가정동,중상사고,0,1,0,0,차대차 - 측면직각충돌,교차로운행방법위반,건조,맑음,교차로 - 교차로안,승용,남,53세,상해없음,승용,여,46세,중상
2016012900100419,2016년 1월 29일 17시,금요일,인천광역시 남동구 만수동,경상사고,0,0,3,0,차대차 - 측면직각충돌,안전거리미확보,건조,맑음,단일로 - 기타,승용,여,71세,상해없음,승용,여,39세,경상
2016012900100420,2016년 1월 29일 17시,금요일,인천광역시 남동구 간석동,경상사고,0,0,1,0,차대차 - 추돌,안전운전불이행,건조,맑음,단일로 - 기타,승용,여,54세,상해없음,승용,여,34세,경상
2016012900100421,2016년 1월 29일 17시,금요일,인천광역시 서구 가정동,경상사고,0,0,2,0,차대차 - 기타,안전운전불이행,건조,맑음,단일로 - 기타,화물,남,56세,상해없음,승용,남,33세,경상
2016012900100422,2016년 1월 29일 17시,금요일,인천광역시 계양구 작전동,경상사고,0,0,1,0,차량단독 - 기타,안전운전불이행,건조,맑음,교차로 - 교차로안,승합,남,51세,상해없음,,,,
2016012900100474,2016년 1월 29일 18시,금요일,인천광역시 중구 운서동,경상사고,0,0,1,0,차대사람 - 기타,안전운전불이행,건조,맑음,교차로 - 교차로부근,승용,여,46세,상해없음,보행자,남,25세,경상
2016012900100534,2016년 1월 29일 19시,금요일,인천광역시 계양구 계산동,중상사고,0,1,2,0,차대차 - 기타,안전운전불이행,건조,맑음,교차로 - 교차로부근,승용,남,33세,상해없음,승용,남,52세,경상
2016012900100590,2016년 1월 29일 20시,금요일,인천광역시 계양구 작전동,중상사고,0,1,0,0,차대차 - 기타,불법유턴,건조,맑음,교차로 - 교차로부근,승용,남,37세,상해없음,이륜,남,36세,중상
2016012900100591,2016년 1월 29일 20시,금요일,인천광역시 계양구 작전동,경상사고,0,0,4,0,차대차 - 기타,안전운전불이행,건조,맑음,단일로 - 기타,승용,여,44세,경상,승용,여,63세,상해없음
2016012900100618,2016년 1월 29일 21시,금요일,인천광역시 부평구 십정동,경상사고,0,0,1,0,차대사람 - 횡단중,안전운전불이행,건조,맑음,단일로 - 기타,승합,남,44세,상해없음,보행자,남,33세,경상
2016012900100619,2016년 1월 29일 21시,금요일,인천광역시 연수구 선학동,중상사고,0,1,2,0,차대차 - 측면직각충돌,신호위반,건조,맑음,교차로 - 교차로안,승용,남,50세,경상,승용,남,56세,중상
2016012900100620,2016년 1월 29일 21시,금요일,인천광역시 연수구 송도동,경상사고,0,0,3,0,차대차 - 측면직각충돌,신호위반,건조,맑음,교차로 - 교차로안,승용,여,46세,경상,승용,여,52세,경상
2016012900100621,2016년 1월 29일 21시,금요일,인천광역시 부평구 갈산동,경상사고,0,0,1,0,차대사람 - 횡단중,신호위반,건조,맑음,단일로 - 횡단보도상,승용,남,28세,상해없음,보행자,여,51세,경상
2016012900100656,2016년 1월 29일 22시,금요일,인천광역시 계양구 계산동,중상사고,0,1,0,0,차대차 - 기타,안전운전불이행,건조,맑음,단일로 - 기타,기타불명,기타불명,기타불명,기타불명,원동기,남,47세,중상
2016012900100689,2016년 1월 29일 23시,금요일,인천광역시 부평구 부평동,경상사고,0,0,1,0,차대사람 - 기타,안전운전불이행,건조,맑음,단일로 - 기타,승용,남,54세,상해없음,보행자,남,35세,경상
2016012900100690,2016년 1월 29일 23시,금요일,인천광역시 남동구 수산동,경상사고,0,0,2,0,차대차 - 추돌,안전거리미확보,건조,맑음,단일로 - 기타,이륜,남,34세,경상,승용,남,28세,경상
2016013000100031,2016년 1월 30일 00시,토요일,인천광역시 중구 운북동,경상사고,0,0,1,0,차량단독 - 공작물충돌,과속,기타,맑음,미분류 - 미분류,승용,남,56세,상해없음,,,,
2016013000100032,2016년 1월 30일 00시,토요일,인천광역시 부평구 십정동,경상사고,0,0,1,1,차대차 - 측면직각충돌,신호위반,건조,맑음,교차로 - 교차로안,승용,남,25세,상해없음,승용,남,47세,경상
2016013000100033,2016년 1월 30일 00시,토요일,인천광역시 남동구 구월동,경상사고,0,0,1,0,차대사람 - 기타,안전운전불이행,건조,맑음,단일로 - 기타,승용,남,56세,상해없음,보행자,남,23세,경상
2016013000100065,2016년 1월 30일 01시,토요일,인천광역시 남구 문학동,중상사고,0,1,0,0,차대사람 - 횡단중,보행자보호의무위반,건조,맑음,단일로 - 횡단보도상,승용,남,45세,상해없음,보행자,여,28세,중상
2016013000100066,2016년 1월 30일 01시,토요일,인천광역시 연수구 송도동,중상사고,0,1,0,0,차대차 - 측면충돌,신호위반,건조,맑음,교차로 - 교차로안,승용,남,32세,상해없음,승용,남,40세,중상
2016013000100100,2016년 1월 30일 03시,토요일,인천광역시 남동구 남촌동,중상사고,0,1,1,0,차대차 - 측면직각충돌,신호위반,건조,맑음,교차로 - 교차로안,승합,남,55세,상해없음,승용,남,50세,중상
2016013000100155,2016년 1월 30일 06시,토요일,인천광역시 중구 운서동,경상사고,0,0,2,0,차대차 - 기타,안전운전불이행,건조,맑음,교차로 - 교차로안,승용,남,70세,상해없음,승용,남,37세,경상
2016013000100156,2016년 1월 30일 06시,토요일,인천광역시 부평구 구산동,중상사고,0,1,0,0,차대차 - 측면직각충돌,안전거리미확보,건조,맑음,단일로 - 기타,승합,남,43세,상해없음,이륜,남,72세,중상
2016013000100177,2016년 1월 30일 07시,토요일,인천광역시 남구 주안동,경상사고,0,0,1,0,차대차 - 기타,안전운전불이행,건조,맑음,교차로 - 교차로부근,승용,여,57세,상해없음,승용,여,45세,경상
2016013000100178,2016년 1월 30일 07시,토요일,인천광역시 서구 경서동,경상사고,0,0,1,0,차대차 - 측면직각충돌,신호위반,건조,맑음,단일로 - 기타,승용,남,46세,상해없음,승용,남,57세,경상
2016013000100217,2016년 1월 30일 08시,토요일,인천광역시 부평구 청천동,경상사고,0,0,1,0,차대차 - 추돌,안전운전불이행,건조,맑음,단일로 - 기타,승용,남,32세,상해없음,승용,여,56세,경상
2016013000100218,2016년 1월 30일 08시,토요일,인천광역시 남동구 논현동,경상사고,0,0,1,0,차대차 - 측면직각충돌,안전운전불이행,건조,맑음,단일로 - 기타,승용,남,56세,상해없음,승용,남,39세,경상
2016013000100267,2016년 1월 30일 10시,토요일,인천광역시 부평구 부평동,중상사고,0,1,0,1,차대차 - 정면충돌,중앙선침범,건조,맑음,교차로 - 교차로부근,승용,남,25세,기타불명,승용,남,57세,중상
2016013000100296,2016년 1월 30일 11시,토요일,인천광역시 남구 용현동,경상사고,0,0,2,0,차대차 - 측면직각충돌,안전운전불이행,건조,맑음,교차로 - 교차로부근,승용,여,38세,상해없음,승용,여,57세,경상
2016013000100297,2016년 1월 30일 11시,토요일,인천광역시 남동구 구월동,경상사고,0,0,1,0,차대사람 - 보도통행중,보행자보호의무위반,건조,맑음,단일로 - 횡단보도상,승합,남,60세,상해없음,보행자,여,23세,경상
2016013000100322,2016년 1월 30일 12시,토요일,인천광역시 남구 주안동,경상사고,0,0,1,0,차대사람 - 횡단중,신호위반,건조,맑음,단일로 - 기타,승용,여,36세,기타불명,보행자,남,61세,경상
2016013000100323,2016년 1월 30일 12시,토요일,인천광역시 부평구 삼산동,중상사고,0,1,0,0,차대사람 - 기타,안전운전불이행,건조,맑음,교차로 - 교차로부근,기타불명,기타불명,기타불명,기타불명,보행자,여,66세,중상
2016013000100381,2016년 1월 30일 14시,토요일,인천광역시 서구 석남동,중상사고,0,1,0,0,차대차 - 기타,신호위반,건조,맑음,교차로 - 교차로안,승용,남,22세,상해없음,원동기,남,44세,중상
2016013000100406,2016년 1월 30일 15시,토요일,인천광역시 계양구 용종동,경상사고,0,0,2,0,차대차 - 측면직각충돌,안전운전불이행,건조,맑음,단일로 - 기타,승용,남,61세,상해없음,승용,남,41세,경상
2016013000100429,2016년 1월 30일 16시,토요일,인천광역시 남동구 논현동,경상사고,0,0,1,0,차대차 - 측면충돌,차로위반,건조,맑음,단일로 - 기타,승용,남,66세,기타불명,승용,여,27세,경상
2016013000100462,2016년 1월 30일 17시,토요일,인천광역시 서구 오류동,경상사고,0,0,3,0,차대차 - 기타,안전운전불이행,건조,맑음,교차로 - 교차로부근,농기계,남,58세,상해없음,승합,남,33세,경상
2016013000100508,2016년 1월 30일 18시,토요일,인천광역시 계양구 병방동,중상사고,0,1,0,0,차대사람 - 기타,안전운전불이행,건조,맑음,기타 - 기타,승용,남,54세,상해없음,보행자,여,75세,중상
2016013000100509,2016년 1월 30일 18시,토요일,인천광역시 계양구 귤현동,경상사고,0,0,1,0,차대사람 - 횡단중,보행자보호의무위반,건조,맑음,교차로 - 교차로안,화물,남,64세,상해없음,보행자,여,32세,경상
2016013000100510,2016년 1월 30일 18시,토요일,인천광역시 계양구 병방동,경상사고,0,0,2,0,차대차 - 추돌,안전거리미확보,건조,맑음,교차로 - 교차로부근,승용,여,47세,상해없음,승용,남,31세,경상
2016013000100547,2016년 1월 30일 19시,토요일,인천광역시 서구 연희동,중상사고,0,1,0,0,차대사람 - 횡단중,안전운전불이행,건조,맑음,단일로 - 기타,승용,여,29세,상해없음,보행자,남,73세,중상
2016013000100548,2016년 1월 30일 19시,토요일,인천광역시 계양구 작전동,중상사고,0,1,0,0,차대사람 - 차도통행중,안전운전불이행,건조,맑음,교차로 - 교차로안,승용,남,31세,상해없음,보행자,남,65세,중상
2016013000100578,2016년 1월 30일 20시,토요일,인천광역시 남동구 장수동,경상사고,0,0,1,0,차대차 - 추돌,안전운전불이행,건조,맑음,단일로 - 기타,승용,남,22세,상해없음,승용,남,37세,경상
2016013000100579,2016년 1월 30일 20시,토요일,인천광역시 남동구 논현동,경상사고,0,0,2,0,차대차 - 측면직각충돌,신호위반,건조,맑음,교차로 - 교차로부근,승용,남,50세,상해없음,승용,남,34세,경상
2016013000100580,2016년 1월 30일 20시,토요일,인천광역시 연수구 연수동,경상사고,0,0,1,0,차대사람 - 횡단중,안전운전불이행,건조,맑음,단일로 - 기타,승용,남,29세,상해없음,보행자,남,36세,경상
2016013000100613,2016년 1월 30일 21시,토요일,인천광역시 서구 마전동,경상사고,0,0,1,0,차대사람 - 횡단중,안전운전불이행,건조,맑음,교차로 - 교차로부근,승합,남,50세,상해없음,보행자,남,47세,경상
2016013000100614,2016년 1월 30일 21시,토요일,인천광역시 서구 가좌동,경상사고,0,0,1,0,차대사람 - 기타,안전운전불이행,건조,맑음,단일로 - 횡단보도상,승용,남,45세,상해없음,보행자,남,48세,경상
2016013000100615,2016년 1월 30일 21시,토요일,인천광역시 서구 왕길동,중상사고,0,1,0,0,차대사람 - 보도통행중,기타,건조,맑음,단일로 - 기타,승용,여,23세,상해없음,보행자,남,23세,중상
2016013000100639,2016년 1월 30일 22시,토요일,인천광역시 부평구 부평동,경상사고,0,0,1,0,차대차 - 추돌,안전운전불이행,건조,맑음,교차로 - 교차로부근,승용,남,29세,상해없음,이륜,남,43세,경상
2016013100100049,2016년 1월 31일 01시,일요일,인천광역시 남동구 수산동,중상사고,0,1,1,0,차대차 - 추돌,안전운전불이행,건조,맑음,교차로 - 교차로부근,승용,남,38세,상해없음,승용,남,58세,중상
2016013100100067,2016년 1월 31일 02시,일요일,인천광역시 남구 도화동,경상사고,0,0,2,0,차대차 - 추돌,안전운전불이행,건조,맑음,단일로 - 기타,승용,남,32세,상해없음,승용,남,26세,경상
2016013100100089,2016년 1월 31일 03시,일요일,인천광역시 부평구 삼산동,경상사고,0,0,4,0,차대차 - 추돌,안전운전불이행,건조,맑음,단일로 - 기타,승용,여,35세,상해없음,승용,남,60세,경상
2016013100100119,2016년 1월 31일 06시,일요일,인천광역시 부평구 산곡동,경상사고,0,0,1,0,차대차 - 추돌,안전운전불이행,건조,맑음,교차로 - 교차로부근,승용,남,51세,상해없음,화물,남,41세,경상
2016013100100120,2016년 1월 31일 06시,일요일,인천광역시 남동구 만수동,경상사고,0,0,2,0,차대차 - 추돌,안전운전불이행,건조,맑음,교차로 - 교차로부근,승용,남,38세,상해없음,승용,남,51세,경상
2016013100100144,2016년 1월 31일 08시,일요일,인천광역시 서구 석남동,경상사고,0,0,1,0,차대차 - 측면충돌,안전운전불이행,건조,맑음,단일로 - 기타,승용,남,28세,상해없음,화물,여,51세,경상
2016013100100178,2016년 1월 31일 10시,일요일,인천광역시 부평구 삼산동,중상사고,0,1,1,0,차대사람 - 기타,안전운전불이행,건조,맑음,단일로 - 기타,승용,남,54세,상해없음,보행자,여,56세,중상
2016013100100217,2016년 1월 31일 12시,일요일,인천광역시 남동구 간석동,경상사고,0,0,1,0,차대차 - 측면충돌,기타,건조,맑음,단일로 - 기타,승용,남,59세,상해없음,원동기,남,33세,경상
2016013100100228,2016년 1월 31일 13시,일요일,인천광역시 계양구 서운동,중상사고,0,1,0,0,차대차 - 측면직각충돌,불법유턴,건조,맑음,단일로 - 기타,이륜,남,53세,중상,승용,남,40세,상해없음
2016013100100311,2016년 1월 31일 16시,일요일,인천광역시 계양구 계산동,중상사고,0,1,0,0,차대사람 - 기타,안전운전불이행,건조,맑음,단일로 - 기타,승용,여,54세,상해없음,보행자,여,73세,중상
2016013100100332,2016년 1월 31일 17시,일요일,인천광역시 서구 경서동,경상사고,0,0,1,0,차대차 - 측면충돌,안전운전불이행,건조,맑음,교차로 - 교차로부근,승용,여,47세,상해없음,승용,남,41세,경상
2016013100100360,2016년 1월 31일 18시,일요일,인천광역시 서구 경서동,경상사고,0,0,2,0,차대차 - 측면직각충돌,신호위반,건조,맑음,교차로 - 교차로안,승용,남,53세,상해없음,승용,남,31세,경상
2016013100100417,2016년 1월 31일 20시,일요일,인천광역시 계양구 계산동,경상사고,0,0,3,0,차대차 - 측면충돌,안전운전불이행,건조,맑음,교차로 - 교차로부근,승합,남,44세,상해없음,승합,남,47세,상해없음
2016013100100418,2016년 1월 31일 20시,일요일,인천광역시 계양구 동양동,경상사고,0,0,1,0,차대차 - 측면직각충돌,중앙선침범,건조,맑음,단일로 - 기타,승합,남,60세,상해없음,이륜,남,21세,경상
2016013100100441,2016년 1월 31일 21시,일요일,인천광역시 남동구 구월동,경상사고,0,0,1,0,차대사람 - 횡단중,안전운전불이행,건조,맑음,단일로 - 횡단보도상,승용,남,50세,상해없음,보행자,여,48세,경상