사고번호,사고일시,요일,시군구,사고내용,사망자수,중상자수,경상자수,부상신고자수,사고유형,법규위반,노면상태,기상상태,도로형태,가해운전자 차종,가해운전자 성별,가해운전자 연령,가해운전자 상해정도,피해운전자 차종,피해운전자 성별,피해운전자 연령,피해운전자 상해정도
2016020500100618,2016년 2월 5일 21시,금요일,인천광역시 연수구 연수동,경상사고,0,0,1,0,차대차 - 기타,중앙선침범,건조,맑음,단일로 - 기타,승용,여,57세,상해없음,이륜,남,25세,경상
2016020500100619,2016년 2월 5일 21시,금요일,인천광역시 부평구 부평동,경상사고,0,0,1,0,차대차 - 정면충돌,신호위반,건조,맑음,교차로 - 교차로안,원동기,남,20세,경상,승용,남,23세,상해없음
2016020500100650,2016년 2월 5일 22시,금요일,인천광역시 계양구 임학동,경상사고,0,0,3,0,차대차 - 측면직각충돌,안전운전불이행,습기,맑음,교차로 - 교차로안,승용,남,66세,상해없음,승용,남,61세,경상
2016020500100681,2016년 2월 5일 23시,금요일,인천광역시 서구 불로동,경상사고,0,0,1,0,차대차 - 측면충돌,안전운전불이행,건조,맑음,교차로 - 교차로안,승용,남,56세,상해없음,승용,남,41세,경상
2016020500100682,2016년 2월 5일 23시,금요일,인천광역시 부평구 삼산동,중상사고,0,1,1,0,차대사람 - 기타,안전운전불이행,건조,맑음,단일로 - 기타,승용,남,44세,상해없음,보행자,남,46세,경상
2016020600100024,2016년 2월 6일 00시,토요일,인천광역시 남구 학익동,사망사고,1,0,0,0,차대사람 - 보도통행중,과속,건조,맑음,교차로 - 교차로안,승용,남,60세,상해없음,보행자,남,41세,사망
2016020600100025,2016년 2월 6일 00시,토요일,인천광역시 부평구 십정동,경상사고,0,0,1,0,차대사람 - 길가장자리구역통행중,안전운전불이행,건조,맑음,교차로 - 교차로안,화물,남,54세,상해없음,보행자,남,58세,경상
2016020600100026,2016년 2월 6일 00시,토요일,인천광역시 남동구 논현동,경상사고,0,0,1,0,차대차 - 추돌,안전운전불이행,건조,맑음,교차로 - 교차로부근,승용,남,27세,상해없음,승용,여,39세,경상
2016020600100067,2016년 2월 6일 02시,토요일,인천광역시 서구 가정동,경상사고,0,0,2,0,차대차 - 추돌,안전거리미확보,건조,맑음,단일로 - 기타,승용,남,61세,상해없음,승용,남,23세,경상
2016020600100106,2016년 2월 6일 05시,토요일,인천광역시 남구 관교동,경상사고,0,0,1,0,차대차 - 추돌,안전운전불이행,건조,맑음,단일로 - 기타,승용,남,26세,상해없음,승용,남,61세,경상
2016020600100124,2016년 2월 6일 06시,토요일,인천광역시 남동구 만수동,경상사고,0,0,1,0,차대차 - 측면직각충돌,중앙선침범,건조,맑음,교차로 - 교차로부근,승용,남,35세,상해없음,화물,남,60세,경상
2016020600100125,2016년 2월 6일 06시,토요일,인천광역시 남동구 고잔동,경상사고,0,0,1,0,차대차 - 측면충돌,신호위반,건조,맑음,교차로 - 교차로안,승용,남,67세,상해없음,승용,여,40세,경상
2016020600100141,2016년 2월 6일 07시,토요일,인천광역시 부평구 부평동,경상사고,0,0,1,0,차대차 - 측면충돌,교차로운행방법위반,건조,맑음,교차로 - 교차로안,승용,남,22세,상해없음,승용,여,51세,경상
2016020600100151,2016년 2월 6일 08시,토요일,인천광역시 남동구 간석동,중상사고,0,1,0,0,차대사람 - 횡단중,신호위반,건조,맑음,교차로 - 교차로부근,승합,여,66세,상해없음,보행자,여,47세,중상
2016020600100168,2016년 2월 6일 09시,토요일,인천광역시 계양구 서운동,경상사고,0,0,1,0,차대차 - 측면직각충돌,신호위반,건조,맑음,교차로 - 교차로안,승용,남,71세,상해없음,화물,남,51세,경상
2016020600100217,2016년 2월 6일 11시,토요일,인천광역시 부평구 산곡동,경상사고,0,0,2,0,차대차 - 기타,안전운전불이행,건조,맑음,기타 - 기타,승용,남,42세,상해없음,승용,남,34세,경상
2016020600100218,2016년 2월 6일 11시,토요일,인천광역시 계양구 작전동,경상사고,0,0,1,0,차대차 - 측면충돌,안전거리미확보,건조,맑음,단일로 - 횡단보도부근,승용,남,59세,상해없음,이륜,남,29세,경상
2016020600100248,2016년 2월 6일 12시,토요일,인천광역시 중구 항동7가,경상사고,0,0,4,0,차대차 - 기타,안전운전불이행,건조,맑음,단일로 - 기타,화물,남,56세,상해없음,승용,남,32세,경상
2016020600100284,2016년 2월 6일 13시,토요일,인천광역시 서구 경서동,중상사고,0,1,1,0,차대차 - 추돌,신호위반,건조,맑음,교차로 - 교차로안,승합,남,65세,상해없음,승용,남,44세,중상
2016020600100285,2016년 2월 6일 13시,토요일,인천광역시 연수구 동춘동,중상사고,0,1,0,0,차대사람 - 기타,안전운전불이행,건조,맑음,교차로 - 교차로부근,승용,여,52세,상해없음,보행자,여,84세,중상
2016020600100317,2016년 2월 6일 14시,토요일,인천광역시 남동구 도림동,경상사고,0,0,5,0,차대차 - 추돌,안전거리미확보,건조,맑음,교차로 - 교차로부근,승용,남,53세,상해없음,승용,남,47세,경상
2016020600100318,2016년 2월 6일 14시,토요일,인천광역시 남동구 서창동,경상사고,0,0,1,0,차대차 - 측면직각충돌,안전운전불이행,건조,맑음,교차로 - 교차로안,승용,여,49세,상해없음,승용,남,54세,상해없음
2016020600100383,2016년 2월 6일 16시,토요일,인천광역시 남구 주안동,중상사고,0,1,0,0,차대사람 - 횡단중,안전운전불이행,건조,맑음,단일로 - 기타,승용,여,45세,상해없음,보행자,남,18세,중상
2016020600100384,2016년 2월 6일 16시,토요일,인천광역시 남구 주안동,경상사고,0,0,1,0,차대차 - 측면직각충돌,신호위반,건조,맑음,교차로 - 교차로안,승합,남,55세,상해없음,승용,남,52세,경상
2016020600100385,2016년 2월 6일 16시,토요일,인천광역시 서구 가좌동,경상사고,0,0,1,0,차대차 - 추돌,안전운전불이행,건조,맑음,교차로 - 교차로부근,화물,남,53세,상해없음,승용,남,45세,경상
2016020600100414,2016년 2월 6일 17시,토요일,인천광역시 중구 신포동,중상사고,0,1,0,0,차대사람 - 기타,불법유턴,건조,맑음,단일로 - 기타,승용,남,60세,상해없음,보행자,여,77세,중상
2016020600100415,2016년 2월 6일 17시,토요일,인천광역시 부평구 부평동,경상사고,0,0,1,0,차대사람 - 기타,안전운전불이행,건조,맑음,단일로 - 기타,승용,여,34세,상해없음,보행자,여,81세,경상
2016020600100449,2016년 2월 6일 18시,토요일,인천광역시 부평구 산곡동,중상사고,0,1,0,0,차대차 - 측면직각충돌,차로위반,건조,맑음,단일로 - 기타,화물,남,56세,상해없음,승용,남,26세,중상
2016020600100450,2016년 2월 6일 18시,토요일,인천광역시 계양구 임학동,경상사고,0,0,1,0,차대사람 - 기타,안전운전불이행,건조,맑음,단일로 - 기타,승용,기타불명,기타불명,기타불명,보행자,여,53세,경상
2016020600100478,2016년 2월 6일 19시,토요일,인천광역시 남동구 만수동,중상사고,0,1,0,0,차대차 - 추돌,안전운전불이행,건조,맑음,단일로 - 기타,승용,여,47세,상해없음,승용,남,53세,중상
2016020600100479,2016년 2월 6일 19시,토요일,인천광역시 계양구 작전동,중상사고,0,1,0,0,차대차 - 기타,신호위반,건조,맑음,교차로 - 교차로안,승용,남,30세,상해없음,이륜,남,16세,중상
2016020600100512,2016년 2월 6일 20시,토요일,인천광역시 부평구 부평동,부상신고사고,0,0,0,1,차대차 - 측면충돌,기타,건조,맑음,단일로 - 기타,승용,남,56세,상해없음,승용,남,60세,상해없음
2016020600100513,2016년 2월 6일 20시,토요일,인천광역시 남동구 만수동,경상사고,0,0,1,0,차대차 - 측면직각충돌,안전운전불이행,건조,맑음,단일로 - 기타,화물,남,58세,상해없음,승용,남,43세,상해없음
2016020600100514,2016년 2월 6일 20시,토요일,인천광역시 남동구 구월동,경상사고,0,0,2,0,차대차 - 추돌,안전운전불이행,건조,맑음,단일로 - 기타,승합,남,41세,상해없음,승용,여,54세,경상
2016020600100550,2016년 2월 6일 22시,토요일,인천광역시 남구 주안동,경상사고,0,0,1,0,차대차 - 측면직각충돌,안전운전불이행,건조,기타,교차로 - 교차로부근,승용,남,30세,상해없음,승용,남,65세,경상
2016020600100573,2016년 2월 6일 23시,토요일,인천광역시 남구 도화동,경상사고,0,0,1,0,차대차 - 측면직각충돌,안전거리미확보,건조,맑음,교차로 - 교차로부근,승용,남,56세,상해없음,이륜,남,23세,경상
2016020600100574,2016년 2월 6일 23시,토요일,인천광역시 부평구 부평동,경상사고,0,0,1,0,차대사람 - 횡단중,안전운전불이행,건조,맑음,단일로 - 기타,승용,남,30세,상해없음,보행자,남,41세,경상
2016020700100015,2016년 2월 7일 00시,일요일,인천광역시 남구 주안동,중상사고,0,1,1,0,차대차 - 측면직각충돌,신호위반,건조,맑음,교차로 - 교차로안,승용,남,34세,상해없음,승용,남,48세,경상
2016020700100032,2016년 2월 7일 01시,일요일,인천광역시 남동구 서창동,중상사고,0,1,1,0,차대차 - 추돌,안전운전불이행,건조,맑음,단일로 - 기타,승용,여,59세,상해없음,승용,남,34세,중상
2016020700100033,2016년 2월 7일 01시,일요일,인천광역시 서구 당하동,경상사고,0,0,1,0,차대차 - 추돌,안전운전불이행,건조,맑음,교차로 - 교차로부근,승용,여,58세,상해없음,승용,남,38세,경상
2016020700100071,2016년 2월 7일 04시,일요일,인천광역시 연수구 송도동,사망사고,1,0,7,0,차대차 - 추돌,안전운전불이행,건조,맑음,단일로 - 교량,승용,남,37세,사망,승용,남,54세,경상
2016020700100105,2016년 2월 7일 07시,일요일,인천광역시 부평구 갈산동,경상사고,0,0,1,0,차대차 - 추돌,안전운전불이행,건조,맑음,단일로 - 횡단보도부근,승용,남,36세,상해없음,승용,남,59세,경상
2016020700100133,2016년 2월 7일 09시,일요일,인천광역시 남구 학익동,경상사고,0,0,2,2,차대차 - 추돌,안전운전불이행,건조,맑음,기타 - 기타,화물,남,65세,부상신고,승용,남,59세,부상신고
2016020700100209,2016년 2월 7일 12시,일요일,인천광역시 남구 용현동,경상사고,0,0,1,0,차대사람 - 보도통행중,기타,건조,맑음,단일로 - 기타,승용,남,42세,상해없음,보행자,남,31세,경상
2016020700100210,2016년 2월 7일 12시,일요일,인천광역시 남구 숭의동,중상사고,0,1,0,0,차대차 - 기타,안전거리미확보,건조,맑음,단일로 - 기타,승용,남,34세,상해없음,승용,여,56세,중상
2016020700100211,2016년 2월 7일 12시,일요일,인천광역시 연수구 송도동,중상사고,0,1,0,0,차량단독 - 기타,안전운전불이행,건조,맑음,단일로 - 기타,승용,남,58세,기타불명,,,,
2016020700100257,2016년 2월 7일 14시,일요일,인천광역시 남동구 간석동,경상사고,0,0,2,0,차대차 - 기타,차로위반,건조,맑음,교차로 - 교차로안,승용,남,50세,상해없음,승용,남,73세,경상
2016020700100258,2016년 2월 7일 14시,일요일,인천광역시 서구 석남동,경상사고,0,0,2,0,차대차 - 추돌,안전운전불이행,건조,맑음,단일로 - 기타,승용,남,53세,상해없음,승용,남,37세,경상
2016020700100297,2016년 2월 7일 16시,일요일,인천광역시 계양구 계산동,경상사고,0,0,2,0,차대차 - 측면직각충돌,신호위반,건조,맑음,교차로 - 교차로안,화물,남,46세,상해없음,승용,남,49세,경상
2016020700100333,2016년 2월 7일 18시,일요일,인천광역시 남구 주안동,경상사고,0,0,1,0,차대사람 - 길가장자리구역통행중,안전운전불이행,건조,맑음,교차로 - 교차로부근,이륜,남,50세,상해없음,보행자,여,73세,경상
2016020700100372,2016년 2월 7일 20시,일요일,인천광역시 남동구 남촌동,경상사고,0,0,4,0,차대차 - 측면직각충돌,안전거리미확보,건조,맑음,단일로 - 기타,승용,남,59세,상해없음,승용,남,53세,경상
2016020700100386,2016년 2월 7일 21시,일요일,인천광역시 남동구 구월동,경상사고,0,0,1,0,차대차 - 측면직각충돌,안전운전불이행,건조,맑음,교차로 - 교차로안,승용,남,49세,상해없음,승용,남,36세,경상
2016020700100397,2016년 2월 7일 22시,일요일,인천광역시 남구 도화동,경상사고,0,0,1,0,차대차 - 정면충돌,신호위반,건조,맑음,교차로 - 교차로안,승용,남,36세,상해없음,이륜,남,33세,경상
2016020700100398,2016년 2월 7일 22시,일요일,인천광역시 남구 용현동,경상사고,0,0,2,0,차대차 - 추돌,안전운전불이행,건조,맑음,교차로 - 교차로부근,승용,여,36세,상해없음,승용,여,34세,경상
2016020700100399,2016년 2월 7일 22시,일요일,인천광역시 계양구 평동,경상사고,0,0,2,0,차대차 - 측면직각충돌,과속,건조,맑음,단일로 - 기타,승용,남,22세,상해없음,승용,여,50세,경상
2016020700100400,2016년 2월 7일 22시,일요일,인천광역시 계양구 평동,경상사고,0,0,1,0,차대차 - 추돌,안전운전불이행,건조,맑음,단일로 - 기타,승용,남,23세,상해없음,승용,남,32세,경상
2016020700100416,2016년 2월 7일 23시,일요일,인천광역시 부평구 삼산동,중상사고,0,1,0,0,차대사람 - 기타,안전운전불이행,건조,맑음,교차로 - 교차로안,승용,남,50세,상해없음,보행자,남,62세,중상
2016020800100010,2016년 2월 8일 00시,월요일,인천광역시 남동구 간석동,경상사고,0,0,1,0,차대차 - 추돌,안전운전불이행,건조,맑음,교차로 - 교차로부근,승용,남,26세,상해없음,승용,남,59세,경상
2016020800100011,2016년 2월 8일 00시,월요일,인천광역시 남동구 간석동,중상사고,0,1,1,0,차대차 - 측면직각충돌,신호위반,건조,맑음,교차로 - 교차로안,승용,남,23세,상해없음,승용,남,60세,중상
2016020800100012,2016년 2월 8일 00시,월요일,인천광역시 서구 석남동,중상사고,0,1,1,0,차대차 - 추돌,안전운전불이행,건조,맑음,교차로 - 교차로안,승용,남,27세,상해없음,승용,남,60세,경상
2016020800100029,2016년 2월 8일 02시,월요일,인천광역시 부평구 산곡동,중상사고,0,1,1,0,차대차 - 추돌,안전운전불이행,건조,맑음,교차로 - 교차로부근,승용,여,43세,상해없음,승용,남,52세,경상
2016020800100030,2016년 2월 8일 02시,월요일,인천광역시 부평구 산곡동,중상사고,0,1,0,0,차대사람 - 횡단중,안전운전불이행,건조,맑음,단일로 - 횡단보도상,이륜,남,17세,상해없음,보행자,여,36세,중상
2016020800100031,2016년 2월 8일 02시,월요일,인천광역시 남동구 간석동,중상사고,0,1,0,0,차대차 - 측면직각충돌,교차로운행방법위반,건조,맑음,교차로 - 교차로부근,승용,남,55세,상해없음,이륜,남,48세,중상
2016020800100045,2016년 2월 8일 05시,월요일,인천광역시 남동구 구월동,경상사고,0,0,1,0,차대차 - 측면직각충돌,신호위반,건조,맑음,교차로 - 교차로안,승용,남,24세,상해없음,승용,남,67세,경상
2016020800100062,2016년 2월 8일 07시,월요일,인천광역시 남동구 만수동,경상사고,0,0,1,0,차대차 - 측면직각충돌,신호위반,건조,맑음,단일로 - 기타,승용,기타불명,기타불명,기타불명,승용,여,32세,경상
2016020800100079,2016년 2월 8일 08시,월요일,인천광역시 동구 송림동,경상사고,0,0,2,0,차대차 - 추돌,신호위반,기타,기타,교차로 - 교차로안,승용,남,64세,상해없음,승용,남,55세,경상
2016020800100080,2016년 2월 8일 08시,월요일,인천광역시 계양구 박촌동,중상사고,0,1,1,0,차량단독 - 공작물충돌,안전운전불이행,습기,맑음,교차로 - 교차로부근,승합,남,56세,상해없음,,,,
2016020800100117,2016년 2월 8일 11시,월요일,인천광역시 남동구 구월동,경상사고,0,0,1,0,차대사람 - 길가장자리구역통행중,안전운전불이행,건조,맑음,단일로 - 기타,승용,남,33세,상해없음,보행자,남,51세,경상
2016020800100118,2016년 2월 8일 11시,월요일,인천광역시 부평구 일신동,경상사고,0,0,1,0,차대차 - 추돌,안전운전불이행,건조,맑음,단일로 - 기타,승용,남,58세,상해없음,승용,남,56세,상해없음
2016020800100179,2016년 2월 8일 14시,월요일,인천광역시 계양구 선주지동,중상사고,0,1,1,0,차대차 - 추돌,안전운전불이행,건조,맑음,단일로 - 기타,승합,남,52세,상해없음,승용,남,51세,상해없음
2016020800100253,2016년 2월 8일 17시,월요일,인천광역시 남구 주안동,경상사고,0,0,1,0,차대사람 - 보도통행중,안전운전불이행,건조,맑음,단일로 - 기타,승용,남,50세,상해없음,보행자,남,71세,경상
2016020800100304,2016년 2월 8일 19시,월요일,인천광역시 계양구 작전동,경상사고,0,0,1,0,차대사람 - 차도통행중,안전운전불이행,건조,맑음,교차로 - 교차로부근,승합,여,55세,상해없음,보행자,남,13세,경상
2016020800100323,2016년 2월 8일 20시,월요일,인천광역시 남동구 간석동,중상사고,0,3,2,0,차대차 - 측면직각충돌,중앙선침범,결빙,흐림,단일로 - 기타,화물,남,36세,상해없음,승용,남,54세,중상
2016020800100347,2016년 2월 8일 21시,월요일,인천광역시 남동구 만수동,경상사고,0,0,2,0,차대차 - 측면직각충돌,차로위반,건조,맑음,단일로 - 기타,승용,여,24세,상해없음,승용,여,30세,경상
2016020900100012,2016년 2월 9일 00시,화요일,인천광역시 남동구 구월동,중상사고,0,1,1,0,차량단독 - 공작물충돌,과속,건조,맑음,단일로 - 기타,승용,남,22세,상해없음,,,,
2016020900100041,2016년 2월 9일 03시,화요일,인천광역시 부평구 삼산동,중상사고,0,1,2,0,차대차 - 추돌,안전운전불이행,건조,맑음,단일로 - 기타,승용,남,31세,상해없음,승용,남,53세,중상
2016020900100051,2016년 2월 9일 04시,화요일,인천광역시 부평구 부평동,경상사고,0,0,1,0,차대차 - 기타,신호위반,건조,맑음,교차로 - 교차로안,승용,남,27세,상해없음,승용,남,28세,경상
2016020900100075,2016년 2월 9일 07시,화요일,인천광역시 서구 왕길동,경상사고,0,0,2,0,차대차 - 추돌,안전운전불이행,건조,맑음,단일로 - 기타,승용,남,34세,상해없음,승용,여,55세,경상
2016020900100123,2016년 2월 9일 11시,화요일,인천광역시 남동구 만수동,중상사고,0,1,0,0,차대차 - 측면직각충돌,중앙선침범,건조,맑음,단일로 - 기타,승용,남,80세,상해없음,이륜,남,40세,중상
2016020900100124,2016년 2월 9일 11시,화요일,인천광역시 연수구 선학동,경상사고,0,0,1,0,차대차 - 추돌,안전거리미확보,건조,맑음,단일로 - 기타,승용,여,51세,상해없음,승용,남,59세,경상
2016020900100165,2016년 2월 9일 13시,화요일,인천광역시 강화군 양사면,중상사고,0,1,2,0,차대차 - 측면충돌,중앙선침범,건조,맑음,단일로 - 기타,승용,남,31세,상해없음,승용,남,44세,경상
2016020900100217,2016년 2월 9일 15시,화요일,인천광역시 부평구 산곡동,경상사고,0,0,1,0,차대차 - 측면충돌,안전운전불이행,건조,맑음,단일로 - 기타,화물,남,67세,상해없음,승용,남,58세,상해없음
2016020900100283,2016년 2월 9일 18시,화요일,인천광역시 남동구 논현동,중상사고,0,1,0,0,차대차 - 추돌,안전운전불이행,건조,맑음,단일로 - 기타,승용,남,33세,상해없음,이륜,남,59세,중상
2016020900100309,2016년 2월 9일 19시,화요일,인천광역시 연수구 송도동,중상사고,0,1,0,0,차대사람 - 횡단중,안전운전불이행,건조,맑음,교차로 - 교차로부근,승용,남,32세,상해없음,보행자,여,32세,중상
2016020900100345,2016년 2월 9일 20시,화요일,인천광역시 남구 주안동,중상사고,0,1,0,0,차대사람 - 차도통행중,안전운전불이행,건조,맑음,단일로 - 기타,승용,남,46세,상해없음,보행자,남,54세,중상
2016020900100359,2016년 2월 9일 21시,화요일,인천광역시 남동구 구월동,경상사고,0,0,1,0,차대차 - 측면직각충돌,신호위반,건조,맑음,교차로 - 교차로안,승용,여,51세,상해없음,원동기,남,20세,경상
2016020900100380,2016년 2월 9일 22시,화요일,인천광역시 부평구 십정동,중상사고,0,3,2,0,차대차 - 정면충돌,중앙선침범,건조,맑음,교차로 - 교차로부근,승용,여,51세,경상,승용,남,50세,중상
2016021000100013,2016년 2월 10일 00시,수요일,인천광역시 연수구 연수동,경상사고,0,0,1,0,차대차 - 추돌,안전운전불이행,건조,맑음,교차로 - 교차로안,승용,남,53세,상해없음,승용,남,44세,상해없음
2016021000100025,2016년 2월 10일 01시,수요일,인천광역시 연수구 청학동,경상사고,0,0,1,0,차대차 - 기타,안전운전불이행,건조,맑음,단일로 - 기타,화물,남,40세,상해없음,이륜,남,52세,경상
2016021000100039,2016년 2월 10일 02시,수요일,인천광역시 남구 관교동,경상사고,0,0,1,0,차대차 - 기타,안전운전불이행,건조,맑음,교차로 - 교차로부근,승합,남,49세,상해없음,승용,여,34세,경상
2016021000100045,2016년 2월 10일 03시,수요일,인천광역시 남동구 남촌동,중상사고,0,1,0,0,차량단독 - 공작물충돌,안전운전불이행,습기,맑음,교차로 - 교차로부근,승용,남,25세,상해없음,,,,
2016021000100054,2016년 2월 10일 04시,수요일,인천광역시 남구 도화동,중상사고,0,1,0,0,차대차 - 추돌,안전운전불이행,건조,맑음,교차로 - 교차로부근,승용,여,37세,상해없음,승용,여,54세,중상
2016021000100057,2016년 2월 10일 05시,수요일,인천광역시 계양구 병방동,경상사고,0,0,2,0,차대차 - 추돌,안전운전불이행,건조,맑음,단일로 - 기타,승용,남,23세,상해없음,승용,남,23세,경상
2016021000100117,2016년 2월 10일 11시,수요일,인천광역시 부평구 청천동,중상사고,0,2,3,0,차대차 - 추돌,안전운전불이행,건조,맑음,교차로 - 교차로부근,승용,남,32세,상해없음,승용,남,40세,중상
2016021000100118,2016년 2월 10일 11시,수요일,인천광역시 남동구 구월동,경상사고,0,0,1,0,차대사람 - 길가장자리구역통행중,안전운전불이행,건조,맑음,단일로 - 기타,승용,남,57세,상해없음,보행자,남,58세,경상
2016021000100119,2016년 2월 10일 11시,수요일,인천광역시 연수구 옥련동,중상사고,0,1,0,0,차대사람 - 기타,안전운전불이행,건조,맑음,단일로 - 기타,승용,남,58세,상해없음,보행자,여,3세,중상
2016021000100151,2016년 2월 10일 12시,수요일,인천광역시 남동구 간석동,경상사고,0,0,1,0,차대차 - 추돌,안전운전불이행,건조,맑음,단일로 - 기타,승용,남,59세,상해없음,승용,남,43세,경상
2016021000100180,2016년 2월 10일 13시,수요일,인천광역시 부평구 부평동,경상사고,0,0,1,0,차대차 - 측면충돌,안전운전불이행,건조,맑음,단일로 - 기타,승용,남,59세,상해없음,이륜,남,41세,경상
2016021000100237,2016년 2월 10일 15시,수요일,인천광역시 남동구 구월동,중상사고,0,1,0,0,차대차 - 기타,안전운전불이행,건조,맑음,교차로 - 교차로부근,원동기,기타불명,기타불명,기타불명,승용,남,45세,상해없음
2016021000100266,2016년 2월 10일 16시,수요일,인천광역시 계양구 효성동,경상사고,0,0,1,0,차대차 - 추돌,안전운전불이행,건조,맑음,단일로 - 기타,승용,남,59세,상해없음,승용,남,30세,경상
2016021000100287,2016년 2월 10일 17시,수요일,인천광역시 중구 항동7가,경상사고,0,0,1,0,차대차 - 추돌,안전운전불이행,건조,맑음,교차로 - 교차로부근,승용,남,30세,상해없음,승용,여,46세,경상
2016021000100317,2016년 2월 10일 18시,수요일,인천광역시 남동구 간석동,경상사고,0,0,1,0,차대차 - 측면충돌,안전거리미확보,건조,맑음,단일로 - 기타,승용,남,34세,상해없음,승용,여,59세,경상
2016021000100395,2016년 2월 10일 21시,수요일,인천광역시 남동구 만수동,중상사고,0,1,0,0,차대차 - 측면충돌,신호위반,건조,맑음,교차로 - 교차로안,승용,남,26세,상해없음,승용,남,37세,중상
2016021000100396,2016년 2월 10일 21시,수요일,인천광역시 연수구 연수동,경상사고,0,0,2,0,차대차 - 추돌,안전운전불이행,건조,맑음,교차로 - 교차로부근,승용,남,59세,상해없음,승용,남,70세,경상
2016021000100415,2016년 2월 10일 22시,수요일,인천광역시 중구 을왕동,경상사고,0,0,2,0,차대차 - 추돌,안전운전불이행,건조,맑음,교차로 - 교차로안,승용,남,26세,상해없음,승용,남,29세,경상
2016021000100416,2016년 2월 10일 22시,수요일,인천광역시 남동구 논현동,경상사고,0,0,1,0,차대차 - 측면충돌,안전거리미확보,건조,맑음,단일로 - 기타,승용,여,29세,상해없음,이륜,남,21세,경상
2016021000100417,2016년 2월 10일 22시,수요일,인천광역시 남동구 간석동,경상사고,0,0,1,0,차대차 - 정면충돌,안전운전불이행,건조,맑음,단일로 - 기타,승용,남,51세,상해없음,승용,남,25세,경상
2016021000100431,2016년 2월 10일 23시,수요일,인천광역시 서구 연희동,중상사고,0,1,0,0,차량단독 - 기타,안전운전불이행,건조,맑음,단일로 - 기타,승용,남,37세,중상,,,,
2016021100100014,2016년 2월 11일 00시,목요일,인천광역시 연수구 옥련동,경상사고,0,0,1,0,차대사람 - 횡단중,안전운전불이행,건조,맑음,단일로 - 기타,승용,남,46세,상해없음,보행자,남,30세,경상
2016021100100022,2016년 2월 11일 01시,목요일,인천광역시 남구 주안동,경상사고,0,0,1,0,차대차 - 측면직각충돌,교차로운행방법위반,건조,기타,교차로 - 교차로안,승용,남,26세,상해없음,승용,남,56세,경상
2016021100100023,2016년 2월 11일 01시,목요일,인천광역시 부평구 십정동,중상사고,0,1,0,0,차대차 - 기타,차로위반,건조,맑음,단일로 - 기타,승용,남,61세,상해없음,이륜,남,34세,중상
2016021100100045,2016년 2월 11일 05시,목요일,인천광역시 서구 경서동,중상사고,0,1,0,0,차량단독 - 전도전복,안전운전불이행,건조,맑음,단일로 - 기타,승용,남,31세,중상,,,,
2016021100100046,2016년 2월 11일 05시,목요일,인천광역시 중구 운북동,중상사고,0,2,10,0,차대차 - 추돌,안전거리미확보,건조,맑음,단일로 - 교량,승용,남,44세,상해없음,승용,여,31세,경상
2016021100100056,2016년 2월 11일 06시,목요일,인천광역시 남동구 만수동,경상사고,0,0,1,0,차량단독 - 기타,안전운전불이행,건조,맑음,단일로 - 기타,승합,남,47세,상해없음,,,,
2016021100100057,2016년 2월 11일 06시,목요일,인천광역시 남동구 간석동,경상사고,0,0,1,0,차대차 - 측면직각충돌,교차로운행방법위반,건조,맑음,교차로 - 교차로안,승용,남,46세,상해없음,승용,남,67세,경상
2016021100100074,2016년 2월 11일 07시,목요일,인천광역시 중구 사동,경상사고,0,0,1,0,차대차 - 측면직각충돌,안전거리미확보,기타,기타,단일로 - 기타,화물,남,47세,상해없음,승용,남,32세,경상
2016021100100115,2016년 2월 11일 09시,목요일,인천광역시 중구 중산동,중상사고,0,1,0,0,차대차 - 추돌,안전운전불이행,건조,맑음,교차로 - 교차로부근,승용,여,40세,상해없음,화물,남,32세,상해없음
2016021100100116,2016년 2월 11일 09시,목요일,인천광역시 부평구 부개동,중상사고,0,2,6,0,차대차 - 기타,중앙선침범,건조,맑음,교차로 - 교차로부근,승합,남,58세,상해없음,승용,남,35세,중상
2016021100100169,2016년 2월 11일 12시,목요일,인천광역시 부평구 산곡동,경상사고,0,0,1,0,차대차 - 기타,안전운전불이행,건조,맑음,단일로 - 기타,승용,남,71세,상해없음,승용,여,53세,경상
2016021100100212,2016년 2월 11일 14시,목요일,인천광역시 남구 숭의동,경상사고,0,0,3,0,차대차 - 측면직각충돌,안전운전불이행,건조,맑음,기타 - 기타,승합,남,43세,상해없음,승용,여,39세,경상
2016021100100213,2016년 2월 11일 14시,목요일,인천광역시 남동구 구월동,경상사고,0,0,1,0,차대사람 - 기타,안전운전불이행,건조,맑음,단일로 - 기타,승용,남,54세,상해없음,보행자,남,44세,경상
2016021100100214,2016년 2월 11일 14시,목요일,인천광역시 부평구 부평동,경상사고,0,0,1,0,차대차 - 추돌,안전운전불이행,건조,맑음,교차로 - 교차로부근,승용,남,40세,상해없음,승용,여,24세,상해없음
2016021100100239,2016년 2월 11일 15시,목요일,인천광역시 남동구 간석동,경상사고,0,0,1,0,차대차 - 추돌,안전운전불이행,건조,맑음,교차로 - 교차로부근,승용,여,47세,상해없음,승용,남,34세,경상
2016021100100325,2016년 2월 11일 18시,목요일,인천광역시 중구 운서동,경상사고,0,0,2,0,차대차 - 측면직각충돌,안전운전불이행,건조,맑음,단일로 - 기타,승용,남,53세,경상,승용,남,25세,경상
2016021100100415,2016년 2월 11일 22시,목요일,인천광역시 남동구 구월동,중상사고,0,3,2,0,차대차 - 측면직각충돌,신호위반,건조,맑음,교차로 - 교차로안,승용,남,49세,상해없음,승용,남,43세,중상