사고번호,사고일시,요일,시군구,사고내용,사망자수,중상자수,경상자수,부상신고자수,사고유형,법규위반,노면상태,기상상태,도로형태,가해운전자 차종,가해운전자 성별,가해운전자 연령,가해운전자 상해정도,피해운전자 차종,피해운전자 성별,피해운전자 연령,피해운전자 상해정도
2016031100100301,2016년 3월 11일 13시,금요일,인천광역시 서구 왕길동,경상사고,0,0,1,0,차대차 - 측면충돌,신호위반,건조,맑음,교차로 - 교차로안,특수,남,35세,기타불명,승용,남,59세,경상
2016031100100338,2016년 3월 11일 14시,금요일,인천광역시 부평구 부평동,중상사고,0,1,0,0,차대사람 - 횡단중,신호위반,건조,맑음,교차로 - 교차로부근,승합,남,51세,상해없음,보행자,여,54세,중상
2016031100100339,2016년 3월 11일 14시,금요일,인천광역시 서구 불로동,경상사고,0,0,1,0,차대차 - 정면충돌,중앙선침범,건조,맑음,단일로 - 기타,승용,여,52세,상해없음,승용,남,40세,경상
2016031100100413,2016년 3월 11일 16시,금요일,인천광역시 부평구 산곡동,경상사고,0,0,1,0,차대차 - 기타,안전운전불이행,건조,맑음,교차로 - 교차로안,승합,남,58세,기타불명,자전거,여,60세,경상
2016031100100414,2016년 3월 11일 16시,금요일,인천광역시 남동구 간석동,경상사고,0,0,1,0,차대차 - 측면직각충돌,불법유턴,건조,맑음,단일로 - 기타,승용,여,52세,상해없음,이륜,남,18세,경상
2016031100100477,2016년 3월 11일 18시,금요일,인천광역시 남동구 장수동,경상사고,0,0,1,0,차대차 - 추돌,안전거리미확보,건조,맑음,단일로 - 기타,승용,남,25세,상해없음,승합,남,48세,경상
2016031100100522,2016년 3월 11일 19시,금요일,인천광역시 중구 운서동,경상사고,0,0,2,0,차대차 - 측면충돌,신호위반,기타,기타,교차로 - 교차로안,승용,남,32세,상해없음,화물,남,30세,경상
2016031100100523,2016년 3월 11일 19시,금요일,인천광역시 남구 주안동,경상사고,0,0,2,0,차대차 - 추돌,안전운전불이행,건조,맑음,단일로 - 기타,승용,남,36세,상해없음,승용,여,36세,경상
2016031100100524,2016년 3월 11일 19시,금요일,인천광역시 남동구 서창동,경상사고,0,0,1,0,차량단독 - 기타,안전운전불이행,건조,맑음,단일로 - 기타,승합,남,54세,상해없음,,,,
2016031100100564,2016년 3월 11일 20시,금요일,인천광역시 서구 신현동,경상사고,0,0,1,0,차대사람 - 기타,안전운전불이행,건조,흐림,단일로 - 기타,원동기,남,34세,상해없음,보행자,여,52세,경상
2016031100100565,2016년 3월 11일 20시,금요일,인천광역시 부평구 부평동,중상사고,0,1,0,0,차대사람 - 길가장자리구역통행중,안전운전불이행,건조,맑음,단일로 - 기타,승용,남,19세,상해없음,보행자,여,43세,중상
2016031100100603,2016년 3월 11일 21시,금요일,인천광역시 강화군 강화읍,경상사고,0,0,2,0,차대차 - 추돌,안전운전불이행,건조,맑음,교차로 - 교차로부근,승용,남,49세,상해없음,승용,여,47세,경상
2016031100100604,2016년 3월 11일 21시,금요일,인천광역시 부평구 부평동,경상사고,0,0,2,0,차대차 - 측면직각충돌,안전운전불이행,건조,맑음,교차로 - 교차로안,승용,남,33세,경상,승용,남,43세,경상
2016031100100632,2016년 3월 11일 22시,금요일,인천광역시 남구 주안동,경상사고,0,0,1,0,차대차 - 측면충돌,안전운전불이행,건조,맑음,단일로 - 기타,승용,남,59세,상해없음,원동기,남,34세,경상
2016031100100633,2016년 3월 11일 22시,금요일,인천광역시 계양구 병방동,경상사고,0,0,1,0,차대차 - 추돌,안전운전불이행,건조,맑음,교차로 - 교차로안,승용,여,38세,상해없음,승용,남,28세,경상
2016031100100657,2016년 3월 11일 23시,금요일,인천광역시 계양구 작전동,경상사고,0,0,1,0,차대차 - 추돌,안전운전불이행,건조,맑음,교차로 - 교차로부근,승용,남,52세,상해없음,승용,남,19세,경상
2016031100100658,2016년 3월 11일 23시,금요일,인천광역시 연수구 연수동,중상사고,0,3,0,0,차대사람 - 횡단중,안전운전불이행,건조,맑음,교차로 - 교차로안,승용,남,56세,상해없음,보행자,남,49세,중상
2016031200100039,2016년 3월 12일 01시,토요일,인천광역시 남구 관교동,경상사고,0,0,2,0,차대차 - 기타,안전운전불이행,건조,흐림,기타 - 기타,승용,남,24세,상해없음,승용,남,19세,경상
2016031200100059,2016년 3월 12일 02시,토요일,인천광역시 서구 가정동,경상사고,0,0,2,0,차대차 - 측면충돌,안전운전불이행,건조,흐림,교차로 - 교차로안,승용,남,48세,상해없음,승합,남,24세,상해없음
2016031200100075,2016년 3월 12일 04시,토요일,인천광역시 계양구 작전동,경상사고,0,0,5,0,차대차 - 기타,신호위반,건조,맑음,교차로 - 교차로안,승합,남,49세,상해없음,승합,남,24세,경상
2016031200100087,2016년 3월 12일 05시,토요일,인천광역시 남동구 구월동,경상사고,0,0,1,0,차대차 - 측면직각충돌,안전운전불이행,건조,맑음,단일로 - 기타,승용,남,23세,상해없음,승용,남,38세,경상
2016031200100088,2016년 3월 12일 05시,토요일,인천광역시 남동구 고잔동,중상사고,0,1,0,0,차대사람 - 횡단중,보행자보호의무위반,건조,맑음,단일로 - 횡단보도상,승용,여,59세,상해없음,보행자,남,52세,중상
2016031200100089,2016년 3월 12일 05시,토요일,인천광역시 부평구 부개동,경상사고,0,0,2,0,차대차 - 측면직각충돌,신호위반,건조,맑음,교차로 - 교차로안,승용,남,23세,상해없음,승용,여,50세,경상
2016031200100119,2016년 3월 12일 07시,토요일,인천광역시 부평구 부개동,중상사고,0,1,0,0,차대차 - 기타,중앙선침범,건조,맑음,단일로 - 기타,승용,남,24세,상해없음,승합,남,49세,중상
2016031200100157,2016년 3월 12일 09시,토요일,인천광역시 중구 항동7가,경상사고,0,0,1,0,차대차 - 측면직각충돌,안전운전불이행,건조,맑음,단일로 - 기타,화물,남,38세,상해없음,승용,남,57세,상해없음
2016031200100230,2016년 3월 12일 12시,토요일,인천광역시 서구 가정동,중상사고,0,1,3,0,차대차 - 측면충돌,안전거리미확보,건조,맑음,교차로 - 교차로안,승용,남,70세,경상,승용,남,45세,중상
2016031200100286,2016년 3월 12일 14시,토요일,인천광역시 계양구 귤현동,경상사고,0,0,3,1,차대차 - 기타,안전거리미확보,건조,맑음,단일로 - 기타,승용,남,48세,상해없음,승합,남,44세,상해없음
2016031200100287,2016년 3월 12일 14시,토요일,인천광역시 남동구 만수동,경상사고,0,0,3,0,차대차 - 추돌,안전거리미확보,건조,맑음,단일로 - 교량,승용,남,30세,상해없음,화물,남,58세,경상
2016031200100318,2016년 3월 12일 15시,토요일,인천광역시 남구 주안동,경상사고,0,0,1,0,차대차 - 측면직각충돌,안전운전불이행,건조,맑음,단일로 - 기타,승합,남,47세,상해없음,승용,남,29세,경상
2016031200100349,2016년 3월 12일 16시,토요일,인천광역시 남구 주안동,중상사고,0,1,0,0,차대사람 - 횡단중,안전운전불이행,건조,맑음,교차로 - 교차로부근,승용,남,23세,상해없음,보행자,여,59세,중상
2016031200100350,2016년 3월 12일 16시,토요일,인천광역시 서구 마전동,경상사고,0,0,1,0,차대차 - 기타,안전운전불이행,건조,맑음,단일로 - 기타,승용,남,38세,상해없음,승용,남,59세,경상
2016031200100351,2016년 3월 12일 16시,토요일,인천광역시 부평구 부개동,중상사고,0,1,0,0,차대사람 - 횡단중,안전운전불이행,건조,맑음,교차로 - 교차로안,승용,여,44세,상해없음,보행자,남,63세,중상
2016031200100380,2016년 3월 12일 17시,토요일,인천광역시 부평구 부평동,경상사고,0,0,1,0,차대차 - 측면직각충돌,안전거리미확보,건조,맑음,단일로 - 교량,화물,남,42세,상해없음,승합,남,40세,경상
2016031200100414,2016년 3월 12일 18시,토요일,인천광역시 남동구 장수동,중상사고,0,1,1,0,차대차 - 추돌,안전운전불이행,건조,맑음,단일로 - 기타,승용,남,52세,상해없음,승용,남,68세,경상
2016031200100458,2016년 3월 12일 19시,토요일,인천광역시 서구 왕길동,경상사고,0,0,1,0,차대차 - 기타,안전운전불이행,건조,맑음,교차로 - 교차로안,승용,남,34세,상해없음,이륜,남,39세,경상
2016031200100517,2016년 3월 12일 21시,토요일,인천광역시 남구 주안동,중상사고,0,1,0,0,차대차 - 추돌,안전운전불이행,건조,맑음,교차로 - 교차로부근,승용,남,55세,상해없음,이륜,남,48세,중상
2016031200100518,2016년 3월 12일 21시,토요일,인천광역시 남구 용현동,경상사고,0,0,2,0,차대차 - 추돌,안전운전불이행,기타,기타,단일로 - 기타,승용,남,30세,상해없음,승용,남,56세,경상
2016031200100519,2016년 3월 12일 21시,토요일,인천광역시 계양구 작전동,경상사고,0,0,1,0,차대차 - 측면직각충돌,안전운전불이행,건조,맑음,단일로 - 기타,승용,남,47세,상해없음,승용,남,26세,상해없음
2016031200100543,2016년 3월 12일 22시,토요일,인천광역시 남구 주안동,경상사고,0,0,1,0,차대사람 - 횡단중,안전운전불이행,건조,맑음,단일로 - 기타,원동기,남,16세,상해없음,보행자,남,24세,경상
2016031300100036,2016년 3월 13일 01시,일요일,인천광역시 부평구 부평동,경상사고,0,0,5,0,차대차 - 추돌,안전운전불이행,건조,맑음,단일로 - 기타,승용,남,46세,상해없음,승용,남,34세,경상
2016031300100045,2016년 3월 13일 02시,일요일,인천광역시 부평구 부평동,중상사고,0,1,0,0,차대차 - 추돌,안전운전불이행,건조,맑음,단일로 - 횡단보도부근,승용,남,31세,기타불명,승용,남,56세,상해없음
2016031300100046,2016년 3월 13일 02시,일요일,인천광역시 남동구 구월동,중상사고,0,1,0,0,차대차 - 측면직각충돌,신호위반,건조,맑음,교차로 - 교차로안,승용,남,28세,상해없음,승용,남,27세,중상
2016031300100077,2016년 3월 13일 05시,일요일,인천광역시 계양구 작전동,중상사고,0,1,2,0,차대차 - 측면충돌,신호위반,건조,맑음,교차로 - 교차로안,승용,남,58세,상해없음,승용,남,61세,경상
2016031300100078,2016년 3월 13일 05시,일요일,인천광역시 계양구 계산동,경상사고,0,0,2,0,차대차 - 추돌,안전운전불이행,건조,맑음,교차로 - 교차로부근,승용,남,29세,상해없음,승용,남,51세,경상
2016031300100102,2016년 3월 13일 07시,일요일,인천광역시 서구 검암동,경상사고,0,0,1,0,차대차 - 기타,안전운전불이행,건조,맑음,단일로 - 기타,승용,여,43세,상해없음,승용,남,53세,경상
2016031300100124,2016년 3월 13일 09시,일요일,인천광역시 남동구 간석동,경상사고,0,0,1,0,차대차 - 측면직각충돌,안전운전불이행,건조,맑음,교차로 - 교차로부근,승용,남,27세,상해없음,승용,남,43세,경상
2016031300100138,2016년 3월 13일 10시,일요일,인천광역시 남동구 만수동,중상사고,0,1,0,0,차대차 - 추돌,안전운전불이행,건조,맑음,단일로 - 기타,화물,남,56세,상해없음,승용,여,67세,중상
2016031300100139,2016년 3월 13일 10시,일요일,인천광역시 계양구 효성동,경상사고,0,0,1,0,차대차 - 측면직각충돌,안전운전불이행,건조,맑음,교차로 - 교차로부근,승용,남,59세,상해없음,승용,여,51세,경상
2016031300100140,2016년 3월 13일 10시,일요일,인천광역시 연수구 송도동,중상사고,0,1,0,0,차대사람 - 횡단중,보행자보호의무위반,건조,흐림,단일로 - 횡단보도상,승합,남,56세,상해없음,보행자,여,74세,중상
2016031300100155,2016년 3월 13일 11시,일요일,인천광역시 남동구 간석동,경상사고,0,0,2,0,차대차 - 기타,안전운전불이행,건조,맑음,단일로 - 기타,승용,여,51세,상해없음,승용,남,30세,경상
2016031300100201,2016년 3월 13일 13시,일요일,인천광역시 남구 관교동,경상사고,0,0,2,0,차대차 - 추돌,안전운전불이행,건조,맑음,교차로 - 교차로안,승용,남,46세,상해없음,승용,여,36세,경상
2016031300100251,2016년 3월 13일 15시,일요일,인천광역시 중구 운서동,중상사고,0,2,0,0,차대사람 - 횡단중,안전운전불이행,건조,맑음,단일로 - 기타,승합,남,28세,상해없음,보행자,여,65세,중상
2016031300100252,2016년 3월 13일 15시,일요일,인천광역시 부평구 부평동,경상사고,0,0,1,0,차대차 - 추돌,안전운전불이행,건조,맑음,교차로 - 교차로부근,승용,남,22세,상해없음,승용,남,37세,경상
2016031300100313,2016년 3월 13일 18시,일요일,인천광역시 동구 송림동,중상사고,0,2,0,0,차대차 - 정면충돌,신호위반,건조,맑음,교차로 - 교차로안,승용,남,57세,상해없음,승용,남,28세,중상
2016031300100314,2016년 3월 13일 18시,일요일,인천광역시 서구 가좌동,중상사고,0,2,0,0,차대차 - 기타,안전운전불이행,건조,맑음,교차로 - 교차로부근,승용,남,53세,상해없음,승용,남,32세,중상
2016031300100341,2016년 3월 13일 19시,일요일,인천광역시 부평구 부평동,중상사고,0,1,0,0,차대사람 - 횡단중,안전운전불이행,건조,맑음,단일로 - 기타,승용,남,28세,상해없음,보행자,남,56세,중상
2016031300100363,2016년 3월 13일 20시,일요일,인천광역시 서구 석남동,경상사고,0,0,2,0,차대차 - 기타,안전운전불이행,건조,맑음,단일로 - 기타,승합,남,48세,상해없음,승용,남,56세,경상
2016031300100364,2016년 3월 13일 20시,일요일,인천광역시 서구 당하동,경상사고,0,0,1,0,차대차 - 기타,안전운전불이행,건조,맑음,단일로 - 기타,승용,남,24세,상해없음,승용,여,30세,경상
2016031300100365,2016년 3월 13일 20시,일요일,인천광역시 강화군 강화읍,경상사고,0,0,1,0,차대차 - 정면충돌,중앙선침범,건조,맑음,단일로 - 기타,승용,남,55세,상해없음,승용,남,55세,경상
2016031300100400,2016년 3월 13일 22시,일요일,인천광역시 서구 마전동,중상사고,0,1,0,0,차대차 - 추돌,안전거리미확보,건조,맑음,교차로 - 교차로부근,이륜,남,22세,상해없음,이륜,남,47세,중상
2016031400100010,2016년 3월 14일 00시,월요일,인천광역시 연수구 동춘동,경상사고,0,0,1,0,차대차 - 측면직각충돌,안전운전불이행,건조,맑음,교차로 - 교차로안,승용,남,27세,상해없음,승용,남,59세,경상
2016031400100021,2016년 3월 14일 02시,월요일,인천광역시 남동구 구월동,중상사고,0,1,1,0,차대차 - 추돌,안전운전불이행,건조,맑음,단일로 - 기타,승용,남,31세,상해없음,승용,남,49세,중상
2016031400100026,2016년 3월 14일 04시,월요일,인천광역시 부평구 십정동,경상사고,0,0,2,0,차대차 - 측면직각충돌,안전운전불이행,건조,맑음,단일로 - 기타,승용,여,32세,상해없음,승합,남,45세,경상
2016031400100063,2016년 3월 14일 06시,월요일,인천광역시 연수구 동춘동,중상사고,0,1,0,0,차대사람 - 횡단중,안전운전불이행,건조,맑음,단일로 - 기타,승용,여,61세,상해없음,보행자,남,70세,중상
2016031400100087,2016년 3월 14일 07시,월요일,인천광역시 중구 운서동,경상사고,0,0,2,0,차대차 - 정면충돌,안전운전불이행,건조,기타,기타 - 기타,승합,남,60세,상해없음,승용,여,36세,경상
2016031400100126,2016년 3월 14일 08시,월요일,인천광역시 남동구 구월동,경상사고,0,0,1,0,차대차 - 측면직각충돌,안전운전불이행,건조,맑음,교차로 - 교차로안,승용,남,32세,상해없음,승용,여,32세,경상
2016031400100127,2016년 3월 14일 08시,월요일,인천광역시 서구 가좌동,경상사고,0,0,1,0,차대사람 - 기타,안전운전불이행,건조,맑음,단일로 - 기타,승용,남,63세,상해없음,보행자,남,32세,경상
2016031400100128,2016년 3월 14일 08시,월요일,인천광역시 서구 원당동,경상사고,0,0,3,0,차대차 - 측면충돌,교차로운행방법위반,건조,맑음,교차로 - 교차로안,승용,여,45세,경상,승용,여,39세,경상
2016031400100152,2016년 3월 14일 09시,월요일,인천광역시 남구 용현동,경상사고,0,0,1,0,차대차 - 측면직각충돌,교차로운행방법위반,건조,맑음,교차로 - 교차로안,승용,여,51세,상해없음,승용,남,51세,경상
2016031400100153,2016년 3월 14일 09시,월요일,인천광역시 서구 오류동,경상사고,0,0,2,0,차대차 - 측면충돌,안전운전불이행,건조,맑음,교차로 - 교차로안,화물,남,61세,경상,건설기계,남,55세,경상
2016031400100154,2016년 3월 14일 09시,월요일,인천광역시 부평구 부개동,경상사고,0,0,1,0,차대차 - 정면충돌,중앙선침범,건조,맑음,교차로 - 교차로안,승합,남,52세,상해없음,승용,여,38세,경상
2016031400100260,2016년 3월 14일 13시,월요일,인천광역시 남구 도화동,중상사고,0,1,0,0,차대사람 - 보도통행중,안전운전불이행,건조,맑음,기타 - 기타,승용,남,30세,상해없음,보행자,남,13세,중상
2016031400100290,2016년 3월 14일 14시,월요일,인천광역시 서구 가좌동,경상사고,0,0,4,0,차대차 - 측면충돌,교차로운행방법위반,건조,맑음,교차로 - 교차로안,승용,여,55세,경상,승용,여,54세,경상
2016031400100291,2016년 3월 14일 14시,월요일,인천광역시 계양구 임학동,경상사고,0,0,1,0,차대사람 - 길가장자리구역통행중,안전운전불이행,건조,맑음,단일로 - 기타,승용,여,62세,상해없음,보행자,여,24세,경상
2016031400100315,2016년 3월 14일 15시,월요일,인천광역시 남동구 간석동,경상사고,0,0,1,0,차대차 - 추돌,안전운전불이행,건조,맑음,단일로 - 기타,승용,여,32세,상해없음,승용,여,58세,경상
2016031400100316,2016년 3월 14일 15시,월요일,인천광역시 계양구 작전동,경상사고,0,0,1,0,차대사람 - 횡단중,안전운전불이행,건조,맑음,교차로 - 교차로부근,승용,남,38세,상해없음,보행자,남,30세,경상
2016031400100317,2016년 3월 14일 15시,월요일,인천광역시 강화군 강화읍,부상신고사고,0,0,0,4,차대차 - 기타,안전운전불이행,건조,맑음,단일로 - 기타,화물,남,49세,상해없음,승합,남,62세,상해없음
2016031400100318,2016년 3월 14일 15시,월요일,인천광역시 강화군 길상면,중상사고,0,1,0,0,차대차 - 측면충돌,안전운전불이행,건조,맑음,교차로 - 교차로안,이륜,남,72세,중상,화물,남,54세,상해없음
2016031400100319,2016년 3월 14일 15시,월요일,인천광역시 부평구 일신동,경상사고,0,0,2,0,차량단독 - 기타,안전운전불이행,건조,맑음,단일로 - 기타,승합,남,60세,상해없음,,,,
2016031400100356,2016년 3월 14일 16시,월요일,인천광역시 남동구 논현동,경상사고,0,0,1,0,차량단독 - 기타,안전운전불이행,건조,맑음,단일로 - 기타,승합,남,53세,상해없음,,,,
2016031400100357,2016년 3월 14일 16시,월요일,인천광역시 서구 가좌동,경상사고,0,0,1,0,차대사람 - 횡단중,안전운전불이행,건조,맑음,단일로 - 기타,승용,남,46세,상해없음,보행자,남,6세,경상
2016031400100358,2016년 3월 14일 16시,월요일,인천광역시 계양구 작전동,경상사고,0,0,1,0,차대차 - 추돌,안전운전불이행,건조,맑음,교차로 - 교차로부근,승용,남,50세,상해없음,승용,남,56세,경상
2016031400100398,2016년 3월 14일 17시,월요일,인천광역시 남구 주안동,중상사고,0,1,0,0,차대사람 - 보도통행중,기타,건조,맑음,교차로 - 교차로부근,화물,남,34세,상해없음,보행자,여,22세,중상
2016031400100399,2016년 3월 14일 17시,월요일,인천광역시 남동구 구월동,중상사고,0,1,0,0,차대차 - 측면충돌,안전운전불이행,건조,맑음,교차로 - 교차로안,승용,남,72세,상해없음,승합,남,55세,상해없음
2016031400100400,2016년 3월 14일 17시,월요일,인천광역시 서구 심곡동,경상사고,0,0,1,0,차대사람 - 횡단중,안전운전불이행,건조,맑음,단일로 - 횡단보도상,승용,남,46세,상해없음,보행자,남,6세,경상
2016031400100401,2016년 3월 14일 17시,월요일,인천광역시 계양구 작전동,경상사고,0,0,1,0,차대차 - 측면충돌,안전운전불이행,건조,맑음,교차로 - 교차로안,승용,남,30세,상해없음,승용,여,61세,경상
2016031400100402,2016년 3월 14일 17시,월요일,인천광역시 연수구 송도동,경상사고,0,0,1,0,차대차 - 기타,신호위반,건조,맑음,교차로 - 교차로안,화물,남,56세,상해없음,자전거,남,14세,경상
2016031400100438,2016년 3월 14일 18시,월요일,인천광역시 서구 가정동,경상사고,0,0,1,0,차대사람 - 길가장자리구역통행중,안전운전불이행,건조,맑음,교차로 - 교차로안,승용,여,33세,상해없음,보행자,남,44세,경상
2016031400100439,2016년 3월 14일 18시,월요일,인천광역시 계양구 작전동,경상사고,0,0,1,0,차대차 - 추돌,안전운전불이행,건조,맑음,단일로 - 기타,승용,남,50세,상해없음,승용,남,36세,경상
2016031400100480,2016년 3월 14일 19시,월요일,인천광역시 서구 가정동,중상사고,0,1,0,0,차대차 - 기타,신호위반,건조,맑음,교차로 - 교차로안,승용,남,58세,상해없음,승합,남,57세,상해없음
2016031400100512,2016년 3월 14일 20시,월요일,인천광역시 남동구 만수동,경상사고,0,0,4,0,차대차 - 측면충돌,안전거리미확보,건조,맑음,단일로 - 기타,승용,여,56세,상해없음,승용,남,26세,상해없음
2016031400100541,2016년 3월 14일 21시,월요일,인천광역시 남동구 논현동,중상사고,0,1,0,0,차량단독 - 기타,기타,건조,맑음,교차로 - 교차로안,승합,남,51세,상해없음,,,,
2016031400100565,2016년 3월 14일 22시,월요일,인천광역시 남구 도화동,경상사고,0,0,1,0,차대차 - 추돌,안전운전불이행,건조,맑음,교차로 - 교차로안,이륜,남,26세,상해없음,승용,여,53세,상해없음
2016031400100566,2016년 3월 14일 22시,월요일,인천광역시 서구 가좌동,중상사고,0,1,0,0,차대차 - 측면충돌,안전거리미확보,건조,맑음,단일로 - 기타,승용,남,45세,상해없음,이륜,남,32세,중상
2016031400100585,2016년 3월 14일 23시,월요일,인천광역시 남동구 간석동,경상사고,0,0,1,0,차대사람 - 횡단중,보행자보호의무위반,건조,맑음,단일로 - 횡단보도상,승용,남,64세,상해없음,보행자,여,51세,경상
2016031400100586,2016년 3월 14일 23시,월요일,인천광역시 남동구 구월동,경상사고,0,0,2,0,차대차 - 측면직각충돌,교차로운행방법위반,건조,맑음,교차로 - 교차로안,승용,남,45세,상해없음,이륜,남,30세,경상
2016031500100105,2016년 3월 15일 07시,화요일,인천광역시 연수구 동춘동,경상사고,0,0,1,0,차대사람 - 차도통행중,안전운전불이행,건조,맑음,단일로 - 기타,승용,남,57세,상해없음,보행자,여,21세,경상
2016031500100106,2016년 3월 15일 07시,화요일,인천광역시 연수구 선학동,중상사고,0,1,1,0,차대차 - 측면직각충돌,안전운전불이행,건조,맑음,교차로 - 교차로안,승용,남,39세,상해없음,승용,여,29세,중상
2016031500100150,2016년 3월 15일 08시,화요일,인천광역시 남동구 구월동,경상사고,0,0,1,0,차대차 - 측면충돌,안전운전불이행,건조,맑음,단일로 - 기타,승용,남,52세,기타불명,승용,남,53세,경상
2016031500100184,2016년 3월 15일 09시,화요일,인천광역시 남동구 간석동,중상사고,0,1,0,0,차대사람 - 길가장자리구역통행중,안전운전불이행,건조,맑음,단일로 - 기타,승용,여,52세,상해없음,보행자,여,84세,중상
2016031500100185,2016년 3월 15일 09시,화요일,인천광역시 남동구 서창동,경상사고,0,0,1,0,차대차 - 측면직각충돌,차로위반,건조,맑음,단일로 - 기타,승용,여,49세,상해없음,화물,남,45세,경상
2016031500100291,2016년 3월 15일 13시,화요일,인천광역시 부평구 부평동,경상사고,0,0,2,0,차대차 - 추돌,안전운전불이행,건조,맑음,교차로 - 교차로안,승용,남,40세,상해없음,화물,남,44세,경상
2016031500100292,2016년 3월 15일 13시,화요일,인천광역시 부평구 부평동,경상사고,0,0,1,0,차대차 - 추돌,안전운전불이행,건조,맑음,단일로 - 기타,승용,남,64세,상해없음,이륜,남,39세,경상
2016031500100314,2016년 3월 15일 14시,화요일,인천광역시 남구 숭의동,경상사고,0,0,1,0,차대차 - 추돌,안전운전불이행,건조,맑음,기타 - 기타,승용,여,27세,상해없음,승용,여,30세,경상
2016031500100337,2016년 3월 15일 15시,화요일,인천광역시 남동구 논현동,중상사고,0,1,0,0,차대사람 - 길가장자리구역통행중,신호위반,건조,맑음,단일로 - 횡단보도상,승용,여,46세,상해없음,보행자,남,7세,중상
2016031500100338,2016년 3월 15일 15시,화요일,인천광역시 서구 가정동,경상사고,0,0,1,0,차대차 - 기타,안전운전불이행,건조,맑음,교차로 - 교차로부근,화물,남,40세,상해없음,화물,남,46세,경상
2016031500100339,2016년 3월 15일 15시,화요일,인천광역시 계양구 귤현동,중상사고,0,1,1,0,차대차 - 기타,안전거리미확보,건조,맑음,단일로 - 기타,승용,남,53세,상해없음,승합,남,63세,경상
2016031500100403,2016년 3월 15일 17시,화요일,인천광역시 동구 송현동,경상사고,0,0,1,0,차대차 - 추돌,안전운전불이행,건조,맑음,교차로 - 교차로부근,승용,남,26세,상해없음,승용,남,32세,경상
2016031500100404,2016년 3월 15일 17시,화요일,인천광역시 부평구 십정동,중상사고,0,1,0,0,차대사람 - 기타,안전운전불이행,건조,맑음,단일로 - 기타,승용,남,60세,상해없음,보행자,남,42세,중상
2016031500100483,2016년 3월 15일 19시,화요일,인천광역시 계양구 효성동,중상사고,0,1,0,0,차대사람 - 횡단중,보행자보호의무위반,건조,맑음,교차로 - 교차로안,승용,남,35세,상해없음,보행자,여,59세,중상
2016031500100484,2016년 3월 15일 19시,화요일,인천광역시 계양구 효성동,중상사고,0,2,0,0,차대차 - 정면충돌,신호위반,건조,맑음,교차로 - 교차로안,승용,남,50세,상해없음,승용,남,46세,중상
2016031500100539,2016년 3월 15일 21시,화요일,인천광역시 동구 화수동,경상사고,0,0,1,0,차대차 - 측면충돌,차로위반,건조,맑음,단일로 - 기타,화물,남,56세,상해없음,승용,여,33세,경상
2016031500100540,2016년 3월 15일 21시,화요일,인천광역시 남구 학익동,경상사고,0,0,1,0,차대차 - 추돌,안전운전불이행,건조,맑음,단일로 - 기타,원동기,남,16세,상해없음,승용,남,42세,경상
2016031500100541,2016년 3월 15일 21시,화요일,인천광역시 남동구 도림동,경상사고,0,0,2,0,차대차 - 추돌,안전운전불이행,건조,맑음,단일로 - 기타,승합,남,42세,상해없음,승용,여,27세,경상
2016031500100542,2016년 3월 15일 21시,화요일,인천광역시 계양구 박촌동,중상사고,0,1,0,0,차대사람 - 횡단중,보행자보호의무위반,건조,맑음,교차로 - 교차로안,승합,남,58세,상해없음,보행자,남,40세,중상
2016031600100048,2016년 3월 16일 03시,수요일,인천광역시 연수구 연수동,경상사고,0,0,1,0,차대차 - 측면충돌,불법유턴,건조,맑음,단일로 - 기타,승용,남,29세,상해없음,승용,여,49세,경상
2016031600100067,2016년 3월 16일 05시,수요일,인천광역시 계양구 서운동,경상사고,0,0,1,0,차대차 - 측면충돌,안전운전불이행,건조,맑음,교차로 - 교차로안,승용,남,68세,상해없음,승용,남,43세,경상
2016031600100090,2016년 3월 16일 07시,수요일,인천광역시 남구 숭의동,경상사고,0,0,1,0,차대차 - 기타,신호위반,건조,맑음,교차로 - 교차로안,승용,남,66세,상해없음,승합,여,59세,상해없음
2016031600100091,2016년 3월 16일 07시,수요일,인천광역시 서구 석남동,경상사고,0,0,3,0,차대차 - 측면충돌,신호위반,건조,맑음,교차로 - 교차로안,승용,남,36세,상해없음,승합,남,56세,경상
2016031600100165,2016년 3월 16일 09시,수요일,인천광역시 서구 경서동,중상사고,0,1,0,0,차대차 - 측면충돌,신호위반,건조,맑음,교차로 - 교차로안,승용,여,30세,상해없음,승용,남,54세,중상
2016031600100166,2016년 3월 16일 09시,수요일,인천광역시 연수구 송도동,중상사고,0,1,0,0,차대사람 - 횡단중,보행자보호의무위반,건조,맑음,단일로 - 횡단보도상,건설기계,남,45세,상해없음,보행자,여,20세,중상
2016031600100225,2016년 3월 16일 11시,수요일,인천광역시 남구 숭의동,경상사고,0,0,1,0,차대차 - 추돌,안전운전불이행,건조,맑음,단일로 - 기타,승합,여,60세,상해없음,화물,남,41세,경상
2016031600100226,2016년 3월 16일 11시,수요일,인천광역시 부평구 부평동,중상사고,0,1,0,0,차대사람 - 차도통행중,안전운전불이행,건조,맑음,교차로 - 교차로부근,승합,남,54세,상해없음,보행자,남,77세,중상
2016031600100280,2016년 3월 16일 13시,수요일,인천광역시 서구 가좌동,경상사고,0,0,1,0,차대차 - 기타,안전운전불이행,건조,맑음,교차로 - 교차로부근,승용,남,71세,상해없음,승용,여,54세,경상