사고번호,사고일시,요일,시군구,사고내용,사망자수,중상자수,경상자수,부상신고자수,사고유형,법규위반,노면상태,기상상태,도로형태,가해운전자 차종,가해운전자 성별,가해운전자 연령,가해운전자 상해정도,피해운전자 차종,피해운전자 성별,피해운전자 연령,피해운전자 상해정도
2016031600100281,2016년 3월 16일 13시,수요일,인천광역시 부평구 삼산동,경상사고,0,0,1,0,차대사람 - 횡단중,보행자보호의무위반,건조,맑음,단일로 - 횡단보도상,승용,여,44세,상해없음,보행자,여,11세,경상
2016031600100414,2016년 3월 16일 17시,수요일,인천광역시 남동구 논현동,중상사고,0,1,0,0,차대사람 - 횡단중,기타,건조,맑음,교차로 - 교차로안,화물,남,55세,상해없음,보행자,남,8세,중상
2016031600100415,2016년 3월 16일 17시,수요일,인천광역시 남동구 논현동,중상사고,0,1,0,0,차대사람 - 횡단중,신호위반,건조,맑음,단일로 - 횡단보도상,승합,남,65세,상해없음,보행자,여,11세,중상
2016031600100416,2016년 3월 16일 17시,수요일,인천광역시 남동구 만수동,중상사고,0,3,0,0,차대차 - 측면충돌,안전거리미확보,건조,맑음,단일로 - 기타,승용,남,67세,중상,화물,남,54세,중상
2016031600100456,2016년 3월 16일 18시,수요일,인천광역시 남동구 간석동,경상사고,0,0,1,0,차대사람 - 보도통행중,기타,건조,맑음,단일로 - 기타,승용,남,57세,상해없음,보행자,여,42세,경상
2016031600100457,2016년 3월 16일 18시,수요일,인천광역시 남동구 서창동,경상사고,0,0,1,0,차대차 - 측면직각충돌,교차로운행방법위반,건조,맑음,교차로 - 교차로안,승용,여,53세,상해없음,자전거,남,12세,경상
2016031600100502,2016년 3월 16일 19시,수요일,인천광역시 서구 석남동,경상사고,0,0,1,0,차대사람 - 횡단중,보행자보호의무위반,건조,맑음,단일로 - 횡단보도상,승용,남,37세,상해없음,보행자,여,58세,경상
2016031600100503,2016년 3월 16일 19시,수요일,인천광역시 서구 가좌동,경상사고,0,0,1,0,차대차 - 기타,중앙선침범,건조,맑음,단일로 - 기타,승용,남,65세,상해없음,승용,남,24세,경상
2016031600100504,2016년 3월 16일 19시,수요일,인천광역시 부평구 구산동,경상사고,0,0,2,0,차대차 - 추돌,안전거리미확보,건조,맑음,단일로 - 기타,승용,남,47세,경상,승용,남,40세,경상
2016031600100540,2016년 3월 16일 20시,수요일,인천광역시 서구 연희동,경상사고,0,0,1,0,차대차 - 측면충돌,안전운전불이행,건조,맑음,교차로 - 교차로안,승용,남,56세,상해없음,승용,남,45세,경상
2016031600100541,2016년 3월 16일 20시,수요일,인천광역시 계양구 효성동,중상사고,0,1,0,0,차대차 - 추돌,안전운전불이행,건조,맑음,단일로 - 기타,승용,남,51세,상해없음,승용,남,42세,중상
2016031600100573,2016년 3월 16일 21시,수요일,인천광역시 남구 도화동,중상사고,0,1,0,0,차대사람 - 차도통행중,신호위반,습기,맑음,교차로 - 교차로부근,승용,남,69세,상해없음,보행자,여,15세,중상
2016031600100574,2016년 3월 16일 21시,수요일,인천광역시 연수구 연수동,중상사고,0,1,0,0,차대차 - 정면충돌,교차로운행방법위반,건조,맑음,교차로 - 교차로안,승용,남,47세,상해없음,이륜,남,33세,중상
2016031600100620,2016년 3월 16일 23시,수요일,인천광역시 연수구 송도동,경상사고,0,0,1,0,차대차 - 기타,안전운전불이행,건조,맑음,단일로 - 기타,승용,남,37세,상해없음,이륜,남,25세,경상
2016031700100108,2016년 3월 17일 07시,목요일,인천광역시 동구 송현동,경상사고,0,0,1,0,차대차 - 추돌,안전거리미확보,건조,맑음,교차로 - 교차로부근,건설기계,남,61세,상해없음,승용,남,40세,경상
2016031700100109,2016년 3월 17일 07시,목요일,인천광역시 중구 운서동,경상사고,0,0,2,0,차대차 - 정면충돌,과속,건조,맑음,교차로 - 교차로안,승용,여,45세,경상,승용,여,46세,경상
2016031700100110,2016년 3월 17일 07시,목요일,인천광역시 부평구 산곡동,중상사고,0,1,7,0,차대차 - 측면충돌,신호위반,건조,맑음,교차로 - 교차로안,승용,남,63세,상해없음,승합,남,24세,상해없음
2016031700100165,2016년 3월 17일 08시,목요일,인천광역시 부평구 부평동,경상사고,0,0,3,0,차대차 - 추돌,안전운전불이행,건조,맑음,단일로 - 기타,승용,남,27세,상해없음,승용,남,37세,경상
2016031700100193,2016년 3월 17일 09시,목요일,인천광역시 서구 신현동,경상사고,0,0,1,0,차대차 - 측면직각충돌,안전운전불이행,건조,맑음,단일로 - 기타,승합,남,61세,기타불명,승용,남,43세,경상
2016031700100322,2016년 3월 17일 13시,목요일,인천광역시 부평구 부평동,경상사고,0,0,1,0,차대사람 - 기타,안전운전불이행,건조,맑음,교차로 - 교차로부근,승용,여,59세,상해없음,보행자,여,47세,경상
2016031700100381,2016년 3월 17일 15시,목요일,인천광역시 남구 숭의동,경상사고,0,0,1,0,차대차 - 측면직각충돌,안전운전불이행,건조,맑음,교차로 - 교차로부근,화물,남,59세,상해없음,승용,남,29세,경상
2016031700100415,2016년 3월 17일 16시,목요일,인천광역시 남동구 구월동,경상사고,0,0,2,0,차대차 - 기타,안전운전불이행,건조,맑음,교차로 - 교차로부근,승용,여,47세,상해없음,승용,남,25세,경상
2016031700100451,2016년 3월 17일 17시,목요일,인천광역시 강화군 선원면,중상사고,0,1,0,0,차대차 - 정면충돌,중앙선침범,건조,맑음,단일로 - 기타,화물,남,43세,상해없음,승용,여,47세,중상
2016031700100487,2016년 3월 17일 18시,목요일,인천광역시 남동구 도림동,중상사고,0,1,0,0,차대사람 - 횡단중,신호위반,건조,맑음,단일로 - 횡단보도상,승합,남,54세,상해없음,보행자,여,35세,중상
2016031700100488,2016년 3월 17일 18시,목요일,인천광역시 연수구 선학동,중상사고,0,1,0,0,차대차 - 기타,안전운전불이행,건조,맑음,기타 - 기타,기타불명,기타불명,기타불명,기타불명,자전거,여,61세,중상
2016031700100524,2016년 3월 17일 19시,목요일,인천광역시 부평구 부평동,중상사고,0,1,0,0,차대차 - 측면충돌,안전운전불이행,건조,맑음,교차로 - 교차로안,승용,여,33세,상해없음,승용,남,50세,중상
2016031700100554,2016년 3월 17일 20시,목요일,인천광역시 연수구 옥련동,경상사고,0,0,1,0,차대차 - 기타,안전거리미확보,건조,맑음,단일로 - 기타,농기계,남,69세,상해없음,승합,남,53세,상해없음
2016031700100591,2016년 3월 17일 21시,목요일,인천광역시 남동구 논현동,중상사고,0,1,0,0,차대사람 - 횡단중,안전운전불이행,건조,맑음,단일로 - 기타,승용,여,40세,상해없음,보행자,남,56세,중상
2016031700100624,2016년 3월 17일 22시,목요일,인천광역시 중구 운서동,경상사고,0,0,1,0,차대차 - 기타,안전운전불이행,건조,맑음,교차로 - 교차로부근,승용,남,48세,상해없음,승용,남,30세,경상
2016031700100625,2016년 3월 17일 22시,목요일,인천광역시 남구 용현동,경상사고,0,0,1,0,차대사람 - 횡단중,안전운전불이행,건조,맑음,단일로 - 기타,승용,남,29세,상해없음,보행자,여,61세,경상
2016031700100626,2016년 3월 17일 22시,목요일,인천광역시 부평구 부평동,경상사고,0,0,1,0,차대차 - 측면직각충돌,안전운전불이행,건조,맑음,교차로 - 교차로안,승용,남,59세,상해없음,승용,남,29세,상해없음
2016031700100650,2016년 3월 17일 23시,목요일,인천광역시 계양구 노오지동,중상사고,0,2,2,0,차대차 - 추돌,과속,건조,맑음,단일로 - 기타,승용,남,32세,경상,화물,남,52세,중상
2016031800100024,2016년 3월 18일 01시,금요일,인천광역시 연수구 동춘동,경상사고,0,0,3,0,차대차 - 측면직각충돌,신호위반,건조,맑음,교차로 - 교차로안,승용,남,46세,상해없음,승용,남,50세,경상
2016031800100103,2016년 3월 18일 07시,금요일,인천광역시 강화군 길상면,중상사고,0,1,0,0,차량단독 - 전도전복,안전운전불이행,건조,맑음,단일로 - 기타,화물,남,57세,중상,,,,
2016031800100143,2016년 3월 18일 08시,금요일,인천광역시 서구 경서동,경상사고,0,0,1,0,차대차 - 측면충돌,안전운전불이행,건조,맑음,교차로 - 교차로안,승용,여,45세,상해없음,승용,남,27세,경상
2016031800100144,2016년 3월 18일 08시,금요일,인천광역시 서구 왕길동,중상사고,0,1,2,0,차대차 - 측면충돌,안전운전불이행,건조,맑음,교차로 - 교차로안,승용,남,23세,경상,승용,남,52세,경상
2016031800100176,2016년 3월 18일 09시,금요일,인천광역시 남동구 간석동,중상사고,0,1,0,0,차대사람 - 보도통행중,보행자보호의무위반,건조,맑음,단일로 - 횡단보도상,화물,남,59세,상해없음,보행자,여,58세,중상
2016031800100177,2016년 3월 18일 09시,금요일,인천광역시 서구 금곡동,중상사고,0,1,1,0,차대차 - 기타,안전운전불이행,건조,맑음,교차로 - 교차로부근,승용,남,52세,상해없음,승용,여,52세,중상
2016031800100199,2016년 3월 18일 10시,금요일,인천광역시 남구 주안동,경상사고,0,0,1,0,차대차 - 추돌,안전운전불이행,건조,맑음,단일로 - 기타,승용,남,58세,상해없음,승합,남,69세,경상
2016031800100227,2016년 3월 18일 11시,금요일,인천광역시 남동구 간석동,경상사고,0,0,1,0,차대차 - 기타,신호위반,건조,맑음,교차로 - 교차로안,승합,남,53세,상해없음,승합,남,57세,상해없음
2016031800100228,2016년 3월 18일 11시,금요일,인천광역시 계양구 효성동,경상사고,0,0,1,0,차대차 - 측면직각충돌,안전운전불이행,건조,맑음,기타 - 기타,승용,여,44세,상해없음,승용,남,39세,경상
2016031800100368,2016년 3월 18일 16시,금요일,인천광역시 남구 학익동,중상사고,0,1,0,0,차대사람 - 기타,기타,건조,맑음,교차로 - 교차로부근,승합,남,51세,상해없음,보행자,여,32세,중상
2016031800100369,2016년 3월 18일 16시,금요일,인천광역시 서구 가좌동,경상사고,0,0,2,0,차대차 - 측면직각충돌,안전운전불이행,건조,맑음,교차로 - 교차로부근,승용,여,36세,상해없음,승합,남,56세,상해없음
2016031800100462,2016년 3월 18일 18시,금요일,인천광역시 부평구 부평동,경상사고,0,0,2,0,차대차 - 측면직각충돌,안전운전불이행,건조,맑음,단일로 - 기타,승용,남,46세,상해없음,승용,남,27세,경상
2016031800100507,2016년 3월 18일 19시,금요일,인천광역시 중구 도원동,경상사고,0,0,1,0,차대사람 - 횡단중,보행자보호의무위반,건조,맑음,단일로 - 횡단보도상,승용,여,73세,상해없음,보행자,남,58세,경상
2016031800100508,2016년 3월 18일 19시,금요일,인천광역시 서구 경서동,중상사고,0,1,0,0,차대차 - 기타,안전운전불이행,건조,맑음,교차로 - 교차로안,승용,남,35세,상해없음,이륜,남,21세,중상
2016031800100547,2016년 3월 18일 20시,금요일,인천광역시 계양구 병방동,경상사고,0,0,1,0,차대차 - 측면충돌,교차로운행방법위반,건조,맑음,교차로 - 교차로안,승용,여,45세,상해없음,이륜,남,31세,경상
2016031800100548,2016년 3월 18일 20시,금요일,인천광역시 부평구 부개동,중상사고,0,1,0,0,차대사람 - 기타,기타,건조,맑음,기타 - 기타,승용,남,44세,상해없음,보행자,여,63세,중상
2016031800100636,2016년 3월 18일 23시,금요일,인천광역시 부평구 삼산동,경상사고,0,0,2,0,차대차 - 추돌,안전운전불이행,건조,맑음,교차로 - 교차로부근,승용,남,40세,상해없음,승용,남,49세,경상
2016031800100637,2016년 3월 18일 23시,금요일,인천광역시 부평구 삼산동,중상사고,0,2,0,0,차대차 - 정면충돌,안전운전불이행,건조,맑음,교차로 - 교차로안,승용,남,40세,중상,승용,남,52세,중상
2016031900100016,2016년 3월 19일 00시,토요일,인천광역시 부평구 청천동,경상사고,0,0,2,0,차대차 - 추돌,안전운전불이행,건조,맑음,단일로 - 기타,승용,남,37세,상해없음,승합,남,33세,경상
2016031900100070,2016년 3월 19일 03시,토요일,인천광역시 남동구 간석동,사망사고,1,0,0,0,차대사람 - 횡단중,안전운전불이행,건조,맑음,단일로 - 횡단보도상,승용,남,48세,상해없음,보행자,여,67세,사망
2016031900100089,2016년 3월 19일 05시,토요일,인천광역시 중구 운서동,중상사고,0,1,0,0,차대차 - 추돌,안전거리미확보,건조,맑음,단일로 - 기타,승용,남,54세,상해없음,화물,남,53세,중상
2016031900100142,2016년 3월 19일 08시,토요일,인천광역시 남동구 논현동,경상사고,0,0,1,0,차대사람 - 길가장자리구역통행중,안전운전불이행,건조,맑음,단일로 - 기타,이륜,남,69세,상해없음,보행자,남,32세,경상
2016031900100170,2016년 3월 19일 09시,토요일,인천광역시 계양구 장기동,경상사고,0,0,4,0,차대차 - 추돌,안전운전불이행,건조,맑음,단일로 - 교량,승용,남,33세,상해없음,승용,여,31세,경상
2016031900100198,2016년 3월 19일 10시,토요일,인천광역시 계양구 작전동,경상사고,0,0,1,0,차대차 - 추돌,안전운전불이행,건조,맑음,단일로 - 횡단보도부근,승용,남,27세,상해없음,승용,여,50세,경상
2016031900100226,2016년 3월 19일 11시,토요일,인천광역시 연수구 송도동,중상사고,0,1,4,0,차대차 - 측면직각충돌,신호위반,건조,맑음,교차로 - 교차로안,승합,남,63세,상해없음,화물,남,44세,중상
2016031900100259,2016년 3월 19일 12시,토요일,인천광역시 동구 금곡동,중상사고,0,1,0,0,차대차 - 기타,안전운전불이행,건조,맑음,단일로 - 기타,승용,남,55세,상해없음,승용,여,51세,중상
2016031900100260,2016년 3월 19일 12시,토요일,인천광역시 남동구 고잔동,경상사고,0,0,2,0,차대차 - 측면직각충돌,안전운전불이행,건조,맑음,단일로 - 기타,화물,남,54세,상해없음,승용,남,59세,경상
2016031900100261,2016년 3월 19일 12시,토요일,인천광역시 남동구 고잔동,경상사고,0,0,1,0,차대차 - 추돌,안전운전불이행,건조,맑음,단일로 - 기타,승용,여,76세,상해없음,승용,남,33세,경상
2016031900100262,2016년 3월 19일 12시,토요일,인천광역시 남동구 고잔동,경상사고,0,0,1,0,차대차 - 기타,안전운전불이행,건조,맑음,단일로 - 기타,승용,여,46세,상해없음,승용,여,38세,경상
2016031900100297,2016년 3월 19일 13시,토요일,인천광역시 연수구 송도동,중상사고,0,1,0,0,차대차 - 정면충돌,중앙선침범,건조,맑음,교차로 - 교차로부근,승용,여,56세,상해없음,이륜,남,27세,중상
2016031900100298,2016년 3월 19일 13시,토요일,인천광역시 부평구 구산동,경상사고,0,0,2,0,차대차 - 기타,안전거리미확보,건조,맑음,기타 - 기타,승용,남,19세,상해없음,승용,남,53세,경상
2016031900100429,2016년 3월 19일 16시,토요일,인천광역시 계양구 귤현동,경상사고,0,0,2,0,차대차 - 측면직각충돌,안전운전불이행,건조,맑음,단일로 - 기타,자전거,남,11세,경상,자전거,남,30세,경상
2016031900100461,2016년 3월 19일 17시,토요일,인천광역시 서구 심곡동,중상사고,0,3,0,0,차대차 - 기타,안전운전불이행,건조,맑음,교차로 - 교차로안,화물,남,51세,상해없음,승용,남,34세,중상
2016031900100553,2016년 3월 19일 19시,토요일,인천광역시 남동구 간석동,경상사고,0,0,1,0,차대차 - 측면직각충돌,신호위반,건조,맑음,교차로 - 교차로안,승용,남,51세,상해없음,승용,남,55세,경상
2016031900100554,2016년 3월 19일 19시,토요일,인천광역시 서구 석남동,중상사고,0,1,0,0,차대사람 - 횡단중,안전운전불이행,건조,흐림,단일로 - 기타,승합,여,55세,상해없음,보행자,남,77세,중상
2016031900100581,2016년 3월 19일 20시,토요일,인천광역시 남동구 간석동,경상사고,0,0,1,0,차대차 - 측면직각충돌,신호위반,건조,맑음,교차로 - 교차로안,승용,남,68세,상해없음,원동기,남,65세,경상
2016031900100582,2016년 3월 19일 20시,토요일,인천광역시 남동구 구월동,경상사고,0,0,1,0,차대사람 - 길가장자리구역통행중,안전운전불이행,건조,맑음,단일로 - 기타,승용,남,24세,상해없음,보행자,남,58세,경상
2016031900100583,2016년 3월 19일 20시,토요일,인천광역시 계양구 작전동,경상사고,0,0,1,0,차대차 - 측면직각충돌,안전운전불이행,건조,맑음,단일로 - 기타,승용,여,26세,상해없음,이륜,남,20세,경상
2016031900100651,2016년 3월 19일 23시,토요일,인천광역시 남동구 구월동,경상사고,0,0,3,0,차대차 - 추돌,안전운전불이행,건조,맑음,단일로 - 기타,승용,남,32세,상해없음,승용,남,53세,경상
2016031900100652,2016년 3월 19일 23시,토요일,인천광역시 연수구 동춘동,부상신고사고,0,0,0,3,차대차 - 추돌,안전운전불이행,건조,맑음,교차로 - 교차로부근,승용,남,43세,상해없음,승용,남,21세,부상신고
2016032000100019,2016년 3월 20일 00시,일요일,인천광역시 부평구 십정동,중상사고,0,1,0,0,차대차 - 추돌,안전운전불이행,건조,맑음,단일로 - 기타,승용,남,50세,기타불명,승용,남,47세,중상
2016032000100020,2016년 3월 20일 00시,일요일,인천광역시 연수구 선학동,중상사고,0,1,2,0,차대차 - 추돌,안전운전불이행,건조,맑음,교차로 - 교차로부근,승용,남,48세,상해없음,승용,남,48세,중상
2016032000100061,2016년 3월 20일 03시,일요일,인천광역시 남동구 간석동,중상사고,0,1,2,0,차대차 - 정면충돌,신호위반,건조,맑음,교차로 - 교차로안,승용,남,28세,상해없음,승용,남,43세,경상
2016032000100075,2016년 3월 20일 04시,일요일,인천광역시 남구 용현동,중상사고,0,1,0,0,차대사람 - 횡단중,보행자보호의무위반,건조,맑음,단일로 - 기타,승용,남,53세,상해없음,보행자,여,70세,중상
2016032000100083,2016년 3월 20일 05시,일요일,인천광역시 남동구 간석동,중상사고,0,1,0,0,차대차 - 추돌,안전운전불이행,건조,맑음,단일로 - 기타,승용,남,29세,상해없음,승용,남,58세,중상
2016032000100084,2016년 3월 20일 05시,일요일,인천광역시 남동구 남촌동,경상사고,0,0,1,0,차대차 - 추돌,안전운전불이행,건조,맑음,교차로 - 교차로부근,승용,남,27세,상해없음,승용,남,36세,경상
2016032000100109,2016년 3월 20일 07시,일요일,인천광역시 남동구 고잔동,경상사고,0,0,1,0,차대차 - 측면직각충돌,신호위반,건조,맑음,교차로 - 교차로안,특수,남,50세,상해없음,승용,남,26세,경상
2016032000100110,2016년 3월 20일 07시,일요일,인천광역시 강화군 길상면,중상사고,0,1,0,0,차대차 - 측면직각충돌,기타,건조,맑음,단일로 - 기타,화물,남,58세,상해없음,이륜,남,69세,중상
2016032000100229,2016년 3월 20일 13시,일요일,인천광역시 남동구 만수동,중상사고,0,1,3,0,차대차 - 추돌,안전운전불이행,건조,맑음,단일로 - 횡단보도부근,승용,여,41세,경상,승용,여,41세,중상
2016032000100281,2016년 3월 20일 15시,일요일,인천광역시 남동구 장수동,경상사고,0,0,1,0,차대차 - 측면충돌,안전운전불이행,건조,맑음,단일로 - 기타,승용,남,58세,상해없음,승용,남,31세,경상
2016032000100303,2016년 3월 20일 16시,일요일,인천광역시 강화군 강화읍,중상사고,0,1,0,0,차대차 - 정면충돌,신호위반,건조,맑음,단일로 - 기타,이륜,남,35세,상해없음,이륜,남,34세,중상
2016032000100358,2016년 3월 20일 18시,일요일,인천광역시 서구 검암동,경상사고,0,0,1,0,차대차 - 기타,안전운전불이행,건조,맑음,단일로 - 기타,화물,남,57세,상해없음,승용,남,19세,경상
2016032000100359,2016년 3월 20일 18시,일요일,인천광역시 연수구 선학동,경상사고,0,0,1,0,차대사람 - 기타,안전운전불이행,건조,맑음,단일로 - 기타,승용,남,45세,상해없음,보행자,여,23세,경상
2016032000100386,2016년 3월 20일 19시,일요일,인천광역시 부평구 부평동,경상사고,0,0,1,0,차대사람 - 길가장자리구역통행중,안전운전불이행,건조,맑음,단일로 - 기타,이륜,남,18세,상해없음,보행자,남,3세,경상
2016032000100408,2016년 3월 20일 20시,일요일,인천광역시 동구 송림동,중상사고,0,1,0,0,차대차 - 기타,안전운전불이행,건조,맑음,단일로 - 기타,승용,남,43세,상해없음,이륜,남,26세,중상
2016032000100435,2016년 3월 20일 21시,일요일,인천광역시 동구 송림동,경상사고,0,0,1,0,차대차 - 기타,신호위반,건조,맑음,교차로 - 교차로안,승용,여,29세,기타불명,이륜,남,17세,경상
2016032000100436,2016년 3월 20일 21시,일요일,인천광역시 부평구 산곡동,경상사고,0,0,1,0,차대차 - 추돌,안전운전불이행,건조,맑음,교차로 - 교차로부근,승용,여,51세,상해없음,승용,남,47세,상해없음
2016032000100437,2016년 3월 20일 21시,일요일,인천광역시 남동구 간석동,경상사고,0,0,2,0,차대차 - 측면충돌,불법유턴,건조,맑음,교차로 - 교차로안,승용,남,63세,상해없음,승용,남,33세,경상
2016032000100438,2016년 3월 20일 21시,일요일,인천광역시 남동구 논현동,경상사고,0,0,1,0,차대사람 - 횡단중,신호위반,건조,맑음,단일로 - 기타,승용,기타불명,기타불명,기타불명,보행자,여,15세,경상
2016032100100031,2016년 3월 21일 02시,월요일,인천광역시 남동구 논현동,중상사고,0,1,0,0,차대차 - 측면직각충돌,안전거리미확보,건조,흐림,단일로 - 기타,승용,남,62세,상해없음,승합,남,40세,중상
2016032100100032,2016년 3월 21일 02시,월요일,인천광역시 서구 가정동,경상사고,0,0,1,0,차량단독 - 기타,안전운전불이행,건조,맑음,단일로 - 기타,기타불명,기타불명,기타불명,기타불명,,,,
2016032100100034,2016년 3월 21일 03시,월요일,인천광역시 연수구 옥련동,사망사고,1,0,1,0,차대차 - 기타,신호위반,건조,맑음,교차로 - 교차로안,이륜,남,17세,사망,승용,남,61세,상해없음
2016032100100087,2016년 3월 21일 07시,월요일,인천광역시 남동구 논현동,경상사고,0,0,1,0,차대사람 - 기타,안전운전불이행,건조,맑음,교차로 - 교차로안,기타불명,기타불명,기타불명,기타불명,보행자,남,19세,경상
2016032100100088,2016년 3월 21일 07시,월요일,인천광역시 남동구 구월동,경상사고,0,0,1,0,차대차 - 측면직각충돌,안전운전불이행,건조,맑음,단일로 - 기타,승용,남,51세,상해없음,승용,남,58세,상해없음
2016032100100130,2016년 3월 21일 08시,월요일,인천광역시 남동구 구월동,경상사고,0,0,1,0,차대차 - 측면직각충돌,교차로운행방법위반,건조,맑음,교차로 - 교차로안,승용,남,50세,상해없음,승합,남,49세,경상
2016032100100172,2016년 3월 21일 09시,월요일,인천광역시 남동구 구월동,경상사고,0,0,1,0,차대차 - 측면직각충돌,교차로운행방법위반,건조,맑음,교차로 - 교차로부근,승용,남,56세,상해없음,승용,남,61세,상해없음
2016032100100173,2016년 3월 21일 09시,월요일,인천광역시 계양구 계산동,경상사고,0,0,1,0,차량단독 - 기타,안전운전불이행,건조,맑음,단일로 - 기타,승합,남,58세,상해없음,,,,
2016032100100201,2016년 3월 21일 10시,월요일,인천광역시 계양구 효성동,경상사고,0,0,1,0,차대차 - 측면직각충돌,안전운전불이행,건조,맑음,기타 - 기타,승용,남,54세,상해없음,승용,남,35세,경상
2016032100100224,2016년 3월 21일 11시,월요일,인천광역시 연수구 선학동,중상사고,0,1,2,0,차대차 - 기타,안전운전불이행,건조,맑음,교차로 - 교차로부근,승용,남,73세,상해없음,승용,여,49세,경상
2016032100100256,2016년 3월 21일 12시,월요일,인천광역시 남동구 도림동,중상사고,0,1,0,0,차대차 - 추돌,안전운전불이행,건조,맑음,교차로 - 교차로안,화물,남,57세,상해없음,승용,여,26세,중상
2016032100100293,2016년 3월 21일 13시,월요일,인천광역시 부평구 청천동,경상사고,0,0,2,0,차대차 - 추돌,안전거리미확보,건조,맑음,교차로 - 교차로부근,승용,남,34세,상해없음,승용,여,43세,상해없음
2016032100100294,2016년 3월 21일 13시,월요일,인천광역시 서구 연희동,경상사고,0,0,1,0,차대사람 - 기타,안전거리미확보,건조,맑음,단일로 - 기타,승합,남,56세,상해없음,보행자,여,63세,경상
2016032100100322,2016년 3월 21일 14시,월요일,인천광역시 계양구 작전동,경상사고,0,0,1,0,차대차 - 측면직각충돌,안전거리미확보,건조,맑음,단일로 - 기타,화물,남,50세,상해없음,승용,여,46세,경상
2016032100100365,2016년 3월 21일 15시,월요일,인천광역시 남구 숭의동,경상사고,0,0,1,0,차량단독 - 기타,안전운전불이행,건조,맑음,교차로 - 교차로안,승용,남,56세,상해없음,,,,
2016032100100441,2016년 3월 21일 17시,월요일,인천광역시 중구 을왕동,경상사고,0,0,1,0,차대사람 - 기타,안전운전불이행,건조,맑음,단일로 - 기타,승용,여,21세,상해없음,보행자,여,57세,경상
2016032100100442,2016년 3월 21일 17시,월요일,인천광역시 남구 학익동,경상사고,0,0,1,0,차대사람 - 횡단중,신호위반,건조,맑음,단일로 - 횡단보도상,승용,남,45세,상해없음,보행자,여,55세,경상
2016032100100443,2016년 3월 21일 17시,월요일,인천광역시 남구 주안동,경상사고,0,0,1,0,차대사람 - 기타,안전운전불이행,건조,맑음,단일로 - 기타,승용,남,27세,상해없음,보행자,남,52세,경상
2016032100100444,2016년 3월 21일 17시,월요일,인천광역시 연수구 선학동,경상사고,0,0,3,0,차대차 - 추돌,안전운전불이행,건조,맑음,단일로 - 기타,승용,남,60세,상해없음,승용,남,23세,경상
2016032100100481,2016년 3월 21일 18시,월요일,인천광역시 남구 도화동,중상사고,0,1,0,0,차대사람 - 횡단중,안전운전불이행,건조,맑음,단일로 - 기타,승용,여,43세,상해없음,보행자,남,30세,중상
2016032100100482,2016년 3월 21일 18시,월요일,인천광역시 부평구 산곡동,경상사고,0,0,1,0,차대사람 - 횡단중,안전운전불이행,건조,맑음,단일로 - 기타,승용,여,60세,상해없음,보행자,여,42세,경상
2016032100100483,2016년 3월 21일 18시,월요일,인천광역시 남동구 간석동,경상사고,0,0,1,0,차대차 - 추돌,안전운전불이행,건조,맑음,단일로 - 기타,승용,남,30세,상해없음,승용,여,46세,경상
2016032100100518,2016년 3월 21일 19시,월요일,인천광역시 남구 숭의동,경상사고,0,0,1,0,차대차 - 측면직각충돌,중앙선침범,건조,맑음,단일로 - 기타,승용,여,27세,상해없음,승용,남,54세,경상
2016032100100519,2016년 3월 21일 19시,월요일,인천광역시 남동구 고잔동,중상사고,0,1,0,0,차대차 - 정면충돌,안전운전불이행,건조,맑음,교차로 - 교차로안,승용,남,49세,상해없음,자전거,남,17세,중상
2016032100100586,2016년 3월 21일 21시,월요일,인천광역시 남구 학익동,경상사고,0,0,2,0,차대차 - 기타,안전운전불이행,건조,맑음,단일로 - 기타,승용,남,49세,상해없음,화물,남,62세,경상
2016032100100609,2016년 3월 21일 22시,월요일,인천광역시 계양구 작전동,경상사고,0,0,1,0,차대차 - 추돌,안전운전불이행,건조,맑음,단일로 - 기타,승용,남,36세,상해없음,승용,남,42세,경상
2016032100100624,2016년 3월 21일 23시,월요일,인천광역시 남구 학익동,중상사고,0,1,0,0,차대차 - 측면직각충돌,직진우회전진행방해,건조,맑음,교차로 - 교차로안,승용,남,57세,상해없음,이륜,남,40세,중상
2016032200100015,2016년 3월 22일 00시,화요일,인천광역시 남구 학익동,중상사고,0,1,0,0,차대사람 - 횡단중,신호위반,건조,맑음,기타 - 기타,승용,남,23세,상해없음,보행자,남,43세,중상
2016032200100036,2016년 3월 22일 03시,화요일,인천광역시 남동구 논현동,경상사고,0,0,1,0,차대차 - 측면충돌,안전운전불이행,건조,맑음,단일로 - 기타,승용,남,35세,상해없음,승용,여,52세,경상
2016032200100104,2016년 3월 22일 07시,화요일,인천광역시 남동구 만수동,경상사고,0,0,2,0,차대차 - 측면충돌,안전운전불이행,건조,맑음,단일로 - 기타,승용,남,34세,상해없음,승합,남,62세,상해없음
2016032200100105,2016년 3월 22일 07시,화요일,인천광역시 남동구 간석동,경상사고,0,0,1,0,차대차 - 추돌,신호위반,건조,맑음,교차로 - 교차로안,이륜,남,36세,기타불명,자전거,남,37세,경상
2016032200100154,2016년 3월 22일 08시,화요일,인천광역시 서구 원당동,중상사고,0,1,0,0,차대사람 - 횡단중,보행자보호의무위반,건조,맑음,기타 - 기타,승용,여,54세,상해없음,보행자,여,12세,중상
2016032200100196,2016년 3월 22일 09시,화요일,인천광역시 남구 주안동,사망사고,1,0,0,0,차대사람 - 횡단중,신호위반,건조,맑음,단일로 - 기타,승합,남,54세,상해없음,보행자,여,66세,사망