사고번호,사고일시,요일,시군구,사고내용,사망자수,중상자수,경상자수,부상신고자수,사고유형,법규위반,노면상태,기상상태,도로형태,가해운전자 차종,가해운전자 성별,가해운전자 연령,가해운전자 상해정도,피해운전자 차종,피해운전자 성별,피해운전자 연령,피해운전자 상해정도
2016032200100220,2016년 3월 22일 10시,화요일,인천광역시 부평구 부평동,경상사고,0,0,3,0,차대차 - 측면충돌,교차로운행방법위반,건조,맑음,교차로 - 교차로안,승용,여,44세,상해없음,승합,남,56세,상해없음
2016032200100221,2016년 3월 22일 10시,화요일,인천광역시 계양구 효성동,경상사고,0,0,1,0,차대차 - 측면충돌,신호위반,건조,맑음,교차로 - 교차로안,화물,남,66세,상해없음,승용,남,19세,경상
2016032200100272,2016년 3월 22일 12시,화요일,인천광역시 남동구 간석동,경상사고,0,0,1,0,차대차 - 측면직각충돌,교차로운행방법위반,건조,맑음,교차로 - 교차로안,원동기,남,37세,상해없음,승용,남,46세,경상
2016032200100292,2016년 3월 22일 13시,화요일,인천광역시 계양구 계산동,중상사고,0,1,0,0,차대사람 - 길가장자리구역통행중,안전운전불이행,건조,맑음,단일로 - 기타,승용,남,65세,상해없음,보행자,여,88세,중상
2016032200100359,2016년 3월 22일 15시,화요일,인천광역시 동구 송림동,경상사고,0,0,1,0,차대차 - 측면충돌,안전운전불이행,건조,맑음,단일로 - 기타,승용,남,41세,상해없음,승용,여,43세,경상
2016032200100467,2016년 3월 22일 18시,화요일,인천광역시 동구 송현동,중상사고,0,1,0,0,차대사람 - 횡단중,보행자보호의무위반,건조,맑음,단일로 - 횡단보도상,화물,남,28세,상해없음,보행자,여,81세,중상
2016032200100468,2016년 3월 22일 18시,화요일,인천광역시 남동구 구월동,경상사고,0,0,1,0,차대차 - 측면직각충돌,안전운전불이행,건조,맑음,교차로 - 교차로안,특수,남,53세,상해없음,승합,남,48세,경상
2016032200100469,2016년 3월 22일 18시,화요일,인천광역시 서구 경서동,경상사고,0,0,1,0,차대차 - 정면충돌,교차로운행방법위반,건조,맑음,교차로 - 교차로안,승용,여,46세,상해없음,승용,여,31세,경상
2016032200100510,2016년 3월 22일 19시,화요일,인천광역시 남동구 만수동,경상사고,0,0,1,0,차대차 - 추돌,안전운전불이행,건조,맑음,단일로 - 기타,승용,여,28세,상해없음,승용,남,26세,경상
2016032200100511,2016년 3월 22일 19시,화요일,인천광역시 서구 경서동,중상사고,0,1,0,0,차대차 - 측면충돌,안전운전불이행,건조,맑음,단일로 - 기타,승용,남,53세,상해없음,승용,남,58세,중상
2016032200100512,2016년 3월 22일 19시,화요일,인천광역시 계양구 효성동,경상사고,0,0,3,0,차대차 - 추돌,안전운전불이행,건조,맑음,교차로 - 교차로부근,승용,남,35세,기타불명,승용,여,35세,경상
2016032200100538,2016년 3월 22일 20시,화요일,인천광역시 남동구 간석동,중상사고,0,1,0,0,차대사람 - 횡단중,보행자보호의무위반,건조,맑음,단일로 - 횡단보도상,승용,남,48세,상해없음,보행자,남,27세,중상
2016032200100539,2016년 3월 22일 20시,화요일,인천광역시 부평구 부개동,중상사고,0,1,0,0,차대사람 - 횡단중,신호위반,건조,맑음,교차로 - 교차로안,승용,남,54세,상해없음,보행자,남,27세,중상
2016032200100571,2016년 3월 22일 21시,화요일,인천광역시 남동구 구월동,중상사고,0,1,0,0,차대차 - 측면직각충돌,차로위반,건조,맑음,교차로 - 교차로부근,승용,남,49세,상해없음,화물,남,38세,중상
2016032200100572,2016년 3월 22일 21시,화요일,인천광역시 서구 당하동,중상사고,0,1,0,0,차대차 - 측면충돌,신호위반,건조,맑음,교차로 - 교차로안,승용,남,40세,상해없음,승용,남,59세,중상
2016032200100573,2016년 3월 22일 21시,화요일,인천광역시 서구 심곡동,경상사고,0,0,1,0,차대차 - 측면충돌,중앙선침범,건조,맑음,교차로 - 교차로안,승용,남,23세,상해없음,승합,남,47세,경상
2016032200100604,2016년 3월 22일 22시,화요일,인천광역시 연수구 선학동,경상사고,0,0,1,0,차대차 - 추돌,안전운전불이행,건조,맑음,단일로 - 교량,승용,남,34세,상해없음,승용,여,49세,경상
2016032200100633,2016년 3월 22일 23시,화요일,인천광역시 남구 용현동,경상사고,0,0,1,0,차대차 - 측면직각충돌,중앙선침범,건조,맑음,단일로 - 기타,승용,남,24세,경상,승합,남,46세,상해없음
2016032300100123,2016년 3월 23일 08시,수요일,인천광역시 부평구 부개동,경상사고,0,0,1,0,차대차 - 추돌,안전운전불이행,건조,맑음,교차로 - 교차로부근,승합,남,46세,상해없음,승용,남,22세,경상
2016032300100149,2016년 3월 23일 09시,수요일,인천광역시 남동구 고잔동,중상사고,0,1,0,0,차대사람 - 횡단중,안전운전불이행,건조,맑음,단일로 - 기타,화물,남,53세,상해없음,보행자,남,25세,중상
2016032300100177,2016년 3월 23일 10시,수요일,인천광역시 남동구 구월동,경상사고,0,0,2,0,차대차 - 측면충돌,신호위반,건조,맑음,교차로 - 교차로안,승합,남,63세,상해없음,승용,남,73세,경상
2016032300100246,2016년 3월 23일 13시,수요일,인천광역시 남구 주안동,경상사고,0,0,1,0,차대차 - 추돌,안전거리미확보,건조,맑음,교차로 - 교차로부근,승용,남,51세,상해없음,승용,여,67세,경상
2016032300100247,2016년 3월 23일 13시,수요일,인천광역시 연수구 선학동,경상사고,0,0,1,0,차대사람 - 기타,안전운전불이행,건조,맑음,교차로 - 교차로부근,승용,여,32세,상해없음,보행자,남,73세,경상
2016032300100275,2016년 3월 23일 14시,수요일,인천광역시 남동구 구월동,경상사고,0,0,1,0,차대차 - 기타,안전운전불이행,건조,맑음,기타 - 기타,자전거,남,8세,경상,승용,남,32세,상해없음
2016032300100339,2016년 3월 23일 16시,수요일,인천광역시 남구 숭의동,중상사고,0,2,0,0,차대차 - 측면직각충돌,차로위반,건조,맑음,단일로 - 기타,승용,남,57세,상해없음,화물,남,50세,중상
2016032300100367,2016년 3월 23일 17시,수요일,인천광역시 남동구 남촌동,부상신고사고,0,0,0,1,차대차 - 측면직각충돌,안전운전불이행,건조,맑음,교차로 - 교차로안,원동기,남,63세,부상신고,승용,여,39세,상해없음
2016032300100368,2016년 3월 23일 17시,수요일,인천광역시 남동구 논현동,경상사고,0,0,2,0,차대차 - 기타,안전운전불이행,건조,맑음,교차로 - 교차로안,승용,여,56세,상해없음,승용,남,42세,경상
2016032300100369,2016년 3월 23일 17시,수요일,인천광역시 서구 연희동,중상사고,0,1,0,0,차대사람 - 횡단중,안전운전불이행,건조,맑음,교차로 - 교차로부근,승합,남,41세,상해없음,보행자,여,56세,중상
2016032300100410,2016년 3월 23일 18시,수요일,인천광역시 남구 문학동,경상사고,0,0,1,0,차대차 - 기타,안전운전불이행,건조,맑음,교차로 - 교차로안,기타불명,기타불명,기타불명,기타불명,자전거,남,13세,경상
2016032300100411,2016년 3월 23일 18시,수요일,인천광역시 남구 숭의동,경상사고,0,0,2,0,차대사람 - 기타,안전운전불이행,건조,맑음,교차로 - 교차로부근,승용,남,62세,상해없음,보행자,여,23세,경상
2016032300100412,2016년 3월 23일 18시,수요일,인천광역시 부평구 산곡동,경상사고,0,0,2,0,차대차 - 측면직각충돌,교차로운행방법위반,건조,맑음,교차로 - 교차로안,승용,남,50세,상해없음,승용,남,61세,상해없음
2016032300100476,2016년 3월 23일 20시,수요일,인천광역시 남구 도화동,경상사고,0,0,1,0,차대차 - 기타,안전거리미확보,건조,맑음,단일로 - 기타,승용,남,59세,상해없음,화물,남,53세,경상
2016032300100506,2016년 3월 23일 21시,수요일,인천광역시 동구 화평동,중상사고,0,1,0,0,차량단독 - 기타,안전운전불이행,건조,맑음,교차로 - 교차로안,승합,남,53세,상해없음,,,,
2016032300100556,2016년 3월 23일 23시,수요일,인천광역시 남동구 간석동,중상사고,0,2,0,0,차대차 - 측면직각충돌,차로위반,건조,맑음,단일로 - 기타,승용,남,37세,상해없음,승용,남,23세,중상
2016032300100557,2016년 3월 23일 23시,수요일,인천광역시 서구 석남동,경상사고,0,0,2,0,차대차 - 측면충돌,안전운전불이행,건조,맑음,교차로 - 교차로안,승용,남,57세,상해없음,승용,남,35세,경상
2016032400100019,2016년 3월 24일 00시,목요일,인천광역시 남구 학익동,경상사고,0,0,1,0,차대사람 - 횡단중,보행자보호의무위반,건조,맑음,단일로 - 기타,승용,남,52세,상해없음,보행자,남,49세,경상
2016032400100020,2016년 3월 24일 00시,목요일,인천광역시 서구 석남동,중상사고,0,1,1,0,차대사람 - 기타,안전운전불이행,건조,맑음,단일로 - 기타,승용,남,54세,상해없음,보행자,남,45세,경상
2016032400100036,2016년 3월 24일 01시,목요일,인천광역시 남구 주안동,사망사고,1,0,0,0,차대차 - 기타,안전운전불이행,건조,맑음,교차로 - 교차로안,원동기,남,16세,사망,승용,남,55세,상해없음
2016032400100037,2016년 3월 24일 01시,목요일,인천광역시 서구 석남동,중상사고,0,1,0,0,차대사람 - 횡단중,안전운전불이행,건조,맑음,교차로 - 교차로안,승용,남,60세,상해없음,보행자,남,24세,중상
2016032400100061,2016년 3월 24일 03시,목요일,인천광역시 남동구 논현동,경상사고,0,0,1,0,차대차 - 기타,안전운전불이행,건조,맑음,단일로 - 기타,승용,남,31세,상해없음,이륜,남,42세,경상
2016032400100071,2016년 3월 24일 04시,목요일,인천광역시 남구 학익동,경상사고,0,0,1,0,차대차 - 기타,안전운전불이행,건조,맑음,교차로 - 교차로안,건설기계,남,57세,상해없음,승용,남,43세,경상
2016032400100120,2016년 3월 24일 07시,목요일,인천광역시 남구 도화동,중상사고,0,1,1,0,차대사람 - 횡단중,신호위반,건조,맑음,교차로 - 교차로안,승합,남,50세,상해없음,보행자,여,55세,중상
2016032400100165,2016년 3월 24일 08시,목요일,인천광역시 남동구 만수동,중상사고,0,1,0,0,차대사람 - 길가장자리구역통행중,안전운전불이행,건조,맑음,단일로 - 기타,기타불명,기타불명,기타불명,기타불명,보행자,남,64세,중상
2016032400100166,2016년 3월 24일 08시,목요일,인천광역시 서구 연희동,경상사고,0,0,1,0,차대차 - 측면충돌,신호위반,건조,맑음,교차로 - 교차로안,승용,남,27세,상해없음,승용,여,31세,경상
2016032400100167,2016년 3월 24일 08시,목요일,인천광역시 연수구 송도동,경상사고,0,0,1,0,차대차 - 측면직각충돌,안전거리미확보,건조,맑음,교차로 - 교차로부근,승용,남,24세,상해없음,승용,여,38세,경상
2016032400100168,2016년 3월 24일 08시,목요일,인천광역시 부평구 갈산동,경상사고,0,0,2,0,차대사람 - 기타,신호위반,건조,맑음,교차로 - 교차로부근,승용,남,24세,경상,보행자,남,50세,경상
2016032400100208,2016년 3월 24일 09시,목요일,인천광역시 남동구 남촌동,경상사고,0,0,1,0,차대사람 - 기타,안전운전불이행,건조,맑음,교차로 - 교차로부근,승용,여,45세,상해없음,보행자,여,48세,경상
2016032400100209,2016년 3월 24일 09시,목요일,인천광역시 계양구 작전동,경상사고,0,0,1,0,차대차 - 추돌,안전운전불이행,건조,맑음,단일로 - 횡단보도부근,승용,여,51세,상해없음,승용,여,44세,경상
2016032400100240,2016년 3월 24일 10시,목요일,인천광역시 남동구 남촌동,중상사고,0,1,1,0,차대차 - 추돌,안전거리미확보,건조,맑음,단일로 - 기타,화물,남,59세,상해없음,승용,남,60세,중상
2016032400100241,2016년 3월 24일 10시,목요일,인천광역시 남동구 논현동,경상사고,0,0,1,0,차대차 - 측면직각충돌,안전운전불이행,건조,맑음,단일로 - 기타,승용,남,28세,상해없음,화물,남,26세,경상
2016032400100266,2016년 3월 24일 11시,목요일,인천광역시 남구 도화동,경상사고,0,0,1,0,차대사람 - 기타,안전운전불이행,건조,맑음,교차로 - 교차로부근,화물,남,35세,상해없음,보행자,여,74세,경상
2016032400100267,2016년 3월 24일 11시,목요일,인천광역시 남동구 고잔동,경상사고,0,0,1,0,차대차 - 추돌,기타,건조,맑음,단일로 - 기타,화물,남,44세,상해없음,승용,남,46세,경상
2016032400100324,2016년 3월 24일 13시,목요일,인천광역시 계양구 상야동,중상사고,0,2,0,0,차대차 - 정면충돌,안전운전불이행,건조,맑음,단일로 - 기타,승용,남,27세,상해없음,화물,남,48세,중상
2016032400100374,2016년 3월 24일 15시,목요일,인천광역시 남동구 만수동,중상사고,0,1,5,0,차대차 - 추돌,안전운전불이행,건조,맑음,단일로 - 기타,화물,남,72세,경상,승합,남,61세,상해없음
2016032400100408,2016년 3월 24일 16시,목요일,인천광역시 계양구 임학동,중상사고,0,1,0,0,차대차 - 기타,안전운전불이행,건조,맑음,교차로 - 교차로안,자전거,남,47세,중상,승용,남,37세,상해없음
2016032400100517,2016년 3월 24일 19시,목요일,인천광역시 남동구 논현동,경상사고,0,0,1,0,차대차 - 측면충돌,안전운전불이행,건조,맑음,교차로 - 교차로안,이륜,남,16세,상해없음,승용,남,27세,상해없음
2016032400100576,2016년 3월 24일 21시,목요일,인천광역시 부평구 부평동,경상사고,0,0,1,0,차대차 - 측면직각충돌,직진우회전진행방해,건조,맑음,교차로 - 교차로안,승용,남,47세,상해없음,승용,여,50세,경상
2016032400100622,2016년 3월 24일 23시,목요일,인천광역시 남구 용현동,중상사고,0,1,0,0,차대차 - 추돌,안전운전불이행,건조,기타,기타 - 기타,승용,남,38세,상해없음,승용,남,32세,중상
2016032500100059,2016년 3월 25일 05시,금요일,인천광역시 남동구 서창동,경상사고,0,0,3,0,차대차 - 측면충돌,신호위반,건조,맑음,교차로 - 교차로안,승용,남,34세,상해없음,승합,남,57세,경상
2016032500100072,2016년 3월 25일 06시,금요일,인천광역시 서구 석남동,경상사고,0,0,1,0,차대차 - 기타,안전운전불이행,건조,맑음,단일로 - 기타,승용,남,67세,상해없음,승용,남,56세,상해없음
2016032500100094,2016년 3월 25일 07시,금요일,인천광역시 남구 주안동,경상사고,0,0,1,0,차대차 - 측면직각충돌,기타,건조,맑음,교차로 - 교차로안,승용,남,25세,상해없음,화물,남,56세,경상
2016032500100135,2016년 3월 25일 08시,금요일,인천광역시 부평구 십정동,경상사고,0,0,1,0,차대차 - 기타,안전운전불이행,건조,맑음,교차로 - 교차로안,승용,여,51세,상해없음,승용,남,41세,상해없음
2016032500100239,2016년 3월 25일 12시,금요일,인천광역시 서구 심곡동,중상사고,0,2,1,0,차대차 - 측면충돌,안전운전불이행,건조,맑음,단일로 - 기타,승용,남,41세,상해없음,승용,남,34세,중상
2016032500100273,2016년 3월 25일 13시,금요일,인천광역시 중구 운서동,경상사고,0,0,2,0,차대차 - 측면직각충돌,교차로운행방법위반,건조,맑음,교차로 - 교차로안,건설기계,남,54세,상해없음,화물,남,25세,경상
2016032500100274,2016년 3월 25일 13시,금요일,인천광역시 남동구 구월동,경상사고,0,0,1,0,차대사람 - 기타,안전운전불이행,건조,맑음,단일로 - 기타,승합,남,55세,상해없음,보행자,여,66세,경상
2016032500100301,2016년 3월 25일 14시,금요일,인천광역시 부평구 부평동,중상사고,0,1,0,0,차대사람 - 기타,안전운전불이행,건조,맑음,단일로 - 기타,기타불명,기타불명,기타불명,기타불명,보행자,여,73세,중상
2016032500100302,2016년 3월 25일 14시,금요일,인천광역시 연수구 송도동,경상사고,0,0,1,0,차대차 - 기타,안전운전불이행,건조,맑음,단일로 - 기타,이륜,남,23세,경상,승용,여,38세,상해없음
2016032500100334,2016년 3월 25일 15시,금요일,인천광역시 남구 주안동,경상사고,0,0,1,0,차대차 - 기타,안전운전불이행,건조,맑음,단일로 - 기타,이륜,남,69세,경상,승용,남,27세,상해없음
2016032500100335,2016년 3월 25일 15시,금요일,인천광역시 부평구 부평동,경상사고,0,0,1,0,차대차 - 측면충돌,차로위반,건조,맑음,단일로 - 기타,이륜,남,16세,상해없음,승용,남,62세,상해없음
2016032500100382,2016년 3월 25일 16시,금요일,인천광역시 남동구 구월동,중상사고,0,1,0,0,차대사람 - 차도통행중,안전운전불이행,건조,맑음,단일로 - 기타,승용,여,46세,상해없음,보행자,남,79세,중상
2016032500100383,2016년 3월 25일 16시,금요일,인천광역시 연수구 옥련동,중상사고,0,1,0,0,차대사람 - 횡단중,안전운전불이행,건조,맑음,단일로 - 기타,승합,남,59세,상해없음,보행자,여,25세,중상
2016032500100419,2016년 3월 25일 17시,금요일,인천광역시 남동구 논현동,경상사고,0,0,1,0,차대차 - 측면충돌,안전운전불이행,건조,맑음,교차로 - 교차로안,화물,남,57세,상해없음,이륜,남,21세,경상
2016032500100420,2016년 3월 25일 17시,금요일,인천광역시 연수구 옥련동,중상사고,0,1,0,0,차대차 - 기타,안전운전불이행,건조,맑음,교차로 - 교차로안,특수,남,56세,상해없음,원동기,남,35세,중상
2016032500100464,2016년 3월 25일 18시,금요일,인천광역시 부평구 부평동,중상사고,0,1,0,0,차대사람 - 기타,안전운전불이행,건조,맑음,단일로 - 기타,승합,남,51세,상해없음,보행자,여,14세,중상
2016032500100562,2016년 3월 25일 20시,금요일,인천광역시 계양구 서운동,경상사고,0,0,1,0,차대차 - 측면직각충돌,안전운전불이행,건조,맑음,단일로 - 기타,승용,남,35세,상해없음,승용,남,36세,경상
2016032500100599,2016년 3월 25일 21시,금요일,인천광역시 남구 주안동,중상사고,0,1,0,0,차대사람 - 길가장자리구역통행중,안전운전불이행,건조,맑음,단일로 - 기타,승용,남,25세,상해없음,보행자,남,24세,중상
2016032500100600,2016년 3월 25일 21시,금요일,인천광역시 남구 숭의동,경상사고,0,0,1,0,차대차 - 추돌,안전운전불이행,건조,맑음,교차로 - 교차로부근,승용,남,63세,상해없음,승합,남,48세,경상
2016032500100601,2016년 3월 25일 21시,금요일,인천광역시 부평구 부개동,중상사고,0,1,0,0,차대사람 - 기타,안전운전불이행,건조,맑음,단일로 - 기타,승용,남,42세,상해없음,보행자,남,86세,중상
2016032500100624,2016년 3월 25일 22시,금요일,인천광역시 남동구 구월동,경상사고,0,0,1,0,차대차 - 정면충돌,신호위반,건조,맑음,교차로 - 교차로안,승용,남,52세,상해없음,이륜,남,18세,경상
2016032600100022,2016년 3월 26일 00시,토요일,인천광역시 남구 주안동,중상사고,0,1,0,0,차대사람 - 횡단중,안전운전불이행,건조,맑음,단일로 - 기타,승용,남,53세,기타불명,보행자,남,43세,중상
2016032600100023,2016년 3월 26일 00시,토요일,인천광역시 서구 검암동,중상사고,0,1,0,0,차대사람 - 횡단중,보행자보호의무위반,건조,맑음,단일로 - 횡단보도상,승용,남,58세,상해없음,보행자,여,18세,중상
2016032600100066,2016년 3월 26일 02시,토요일,인천광역시 계양구 계산동,부상신고사고,0,0,0,1,차대차 - 추돌,안전운전불이행,건조,맑음,단일로 - 기타,이륜,남,25세,상해없음,승용,남,58세,부상신고
2016032600100067,2016년 3월 26일 02시,토요일,인천광역시 연수구 연수동,경상사고,0,0,2,0,차대차 - 측면직각충돌,안전운전불이행,건조,맑음,단일로 - 기타,승용,남,29세,상해없음,승용,남,26세,경상
2016032600100080,2016년 3월 26일 03시,토요일,인천광역시 남동구 구월동,중상사고,0,1,0,0,차대사람 - 횡단중,안전운전불이행,건조,맑음,단일로 - 기타,승용,남,50세,상해없음,보행자,여,27세,중상
2016032600100081,2016년 3월 26일 03시,토요일,인천광역시 남동구 고잔동,경상사고,0,0,1,0,차대차 - 측면충돌,신호위반,건조,맑음,단일로 - 기타,화물,남,43세,상해없음,화물,남,56세,경상
2016032600100082,2016년 3월 26일 03시,토요일,인천광역시 연수구 선학동,중상사고,0,1,0,0,차대사람 - 횡단중,안전운전불이행,건조,맑음,단일로 - 기타,승용,남,62세,상해없음,보행자,여,24세,중상
2016032600100136,2016년 3월 26일 07시,토요일,인천광역시 계양구 효성동,경상사고,0,0,1,0,차대차 - 기타,신호위반,건조,맑음,교차로 - 교차로안,승합,남,56세,상해없음,승용,남,43세,경상
2016032600100180,2016년 3월 26일 09시,토요일,인천광역시 남구 용현동,경상사고,0,0,1,0,차대차 - 기타,안전운전불이행,건조,맑음,단일로 - 기타,승용,여,48세,상해없음,승용,남,21세,경상
2016032600100217,2016년 3월 26일 10시,토요일,인천광역시 연수구 동춘동,중상사고,0,1,0,0,차대차 - 측면직각충돌,신호위반,건조,맑음,교차로 - 교차로부근,자전거,남,22세,중상,승용,남,30세,상해없음
2016032600100267,2016년 3월 26일 11시,토요일,인천광역시 계양구 계산동,중상사고,0,1,1,0,차대차 - 추돌,안전운전불이행,건조,맑음,단일로 - 기타,승합,남,54세,상해없음,승용,남,61세,중상
2016032600100304,2016년 3월 26일 12시,토요일,인천광역시 남동구 만수동,중상사고,0,1,0,0,차대차 - 측면직각충돌,중앙선침범,건조,맑음,단일로 - 기타,승용,남,80세,상해없음,승용,남,52세,중상
2016032600100305,2016년 3월 26일 12시,토요일,인천광역시 서구 신현동,중상사고,0,1,0,0,차대차 - 측면충돌,안전운전불이행,건조,맑음,단일로 - 횡단보도부근,자전거,여,17세,중상,화물,남,50세,상해없음
2016032600100306,2016년 3월 26일 12시,토요일,인천광역시 연수구 동춘동,경상사고,0,0,1,0,차대사람 - 횡단중,안전운전불이행,건조,맑음,단일로 - 기타,승용,여,62세,상해없음,보행자,남,7세,경상
2016032600100418,2016년 3월 26일 15시,토요일,인천광역시 남동구 도림동,중상사고,0,1,0,0,차대사람 - 횡단중,안전운전불이행,건조,맑음,단일로 - 기타,승용,여,43세,상해없음,보행자,남,4세,중상
2016032600100454,2016년 3월 26일 16시,토요일,인천광역시 중구 운남동,중상사고,0,1,0,0,차대사람 - 횡단중,안전운전불이행,건조,맑음,단일로 - 횡단보도상,승용,여,46세,상해없음,보행자,여,25세,중상
2016032600100455,2016년 3월 26일 16시,토요일,인천광역시 남동구 수산동,중상사고,0,2,0,0,차대차 - 기타,교차로운행방법위반,건조,맑음,교차로 - 교차로부근,승합,남,34세,상해없음,승용,남,54세,상해없음
2016032600100533,2016년 3월 26일 18시,토요일,인천광역시 서구 석남동,경상사고,0,0,1,0,차대사람 - 횡단중,보행자보호의무위반,건조,맑음,단일로 - 횡단보도상,승용,남,65세,상해없음,보행자,여,46세,경상
2016032600100568,2016년 3월 26일 19시,토요일,인천광역시 부평구 청천동,경상사고,0,0,1,0,차대사람 - 횡단중,안전운전불이행,건조,맑음,교차로 - 교차로부근,원동기,남,28세,상해없음,보행자,남,13세,경상
2016032600100569,2016년 3월 26일 19시,토요일,인천광역시 서구 가좌동,부상신고사고,0,0,0,2,차대차 - 측면충돌,안전운전불이행,건조,맑음,교차로 - 교차로부근,승용,여,39세,상해없음,승용,남,48세,상해없음
2016032600100602,2016년 3월 26일 20시,토요일,인천광역시 남구 관교동,경상사고,0,0,1,0,차대차 - 추돌,안전운전불이행,건조,맑음,단일로 - 기타,승용,남,47세,상해없음,승용,남,37세,경상
2016032600100635,2016년 3월 26일 21시,토요일,인천광역시 계양구 작전동,중상사고,0,1,0,0,차대사람 - 횡단중,안전운전불이행,건조,맑음,단일로 - 횡단보도부근,승용,남,56세,상해없음,보행자,남,54세,중상
2016032600100636,2016년 3월 26일 21시,토요일,인천광역시 연수구 동춘동,경상사고,0,0,1,0,차대사람 - 횡단중,안전운전불이행,건조,맑음,단일로 - 횡단보도부근,승용,남,69세,상해없음,보행자,남,58세,경상
2016032600100637,2016년 3월 26일 21시,토요일,인천광역시 부평구 일신동,경상사고,0,0,1,0,차대사람 - 횡단중,안전운전불이행,건조,맑음,기타 - 기타,승용,여,20세,상해없음,보행자,여,56세,경상
2016032600100664,2016년 3월 26일 22시,토요일,인천광역시 남동구 구월동,경상사고,0,0,1,0,차대사람 - 횡단중,안전운전불이행,건조,맑음,교차로 - 교차로안,승용,남,34세,상해없음,보행자,남,57세,경상
2016032600100665,2016년 3월 26일 22시,토요일,인천광역시 남동구 논현동,중상사고,0,2,0,0,차대차 - 정면충돌,안전운전불이행,건조,맑음,단일로 - 기타,화물,남,53세,상해없음,승용,여,48세,중상
2016032600100684,2016년 3월 26일 23시,토요일,인천광역시 강화군 길상면,경상사고,0,0,2,0,차대차 - 정면충돌,중앙선침범,건조,기타,단일로 - 기타,승용,남,22세,상해없음,승용,여,59세,경상
2016032700100012,2016년 3월 27일 00시,일요일,인천광역시 계양구 효성동,경상사고,0,0,2,0,차대차 - 추돌,안전운전불이행,건조,맑음,단일로 - 기타,승용,남,55세,상해없음,승용,여,42세,경상
2016032700100031,2016년 3월 27일 02시,일요일,인천광역시 남동구 장수동,중상사고,0,1,0,0,차대차 - 측면충돌,중앙선침범,건조,맑음,단일로 - 기타,승용,남,24세,상해없음,승용,여,46세,중상
2016032700100032,2016년 3월 27일 02시,일요일,인천광역시 서구 가정동,경상사고,0,0,1,0,차대차 - 추돌,신호위반,건조,맑음,교차로 - 교차로안,승용,남,37세,상해없음,승용,남,52세,상해없음
2016032700100045,2016년 3월 27일 03시,일요일,인천광역시 남동구 구월동,중상사고,0,1,0,0,차대차 - 추돌,안전운전불이행,건조,맑음,단일로 - 기타,승용,남,28세,상해없음,승용,남,63세,기타불명
2016032700100080,2016년 3월 27일 06시,일요일,인천광역시 부평구 부평동,경상사고,0,0,2,0,차대차 - 추돌,안전운전불이행,건조,맑음,교차로 - 교차로부근,승용,남,28세,상해없음,승용,남,56세,경상
2016032700100089,2016년 3월 27일 07시,일요일,인천광역시 남동구 구월동,중상사고,0,1,0,0,차대사람 - 횡단중,안전운전불이행,건조,맑음,단일로 - 기타,승용,남,26세,상해없음,보행자,남,72세,중상
2016032700100090,2016년 3월 27일 07시,일요일,인천광역시 연수구 동춘동,경상사고,0,0,1,0,차대차 - 측면충돌,안전거리미확보,건조,맑음,단일로 - 기타,승용,남,54세,상해없음,승용,남,37세,경상
2016032700100115,2016년 3월 27일 09시,일요일,인천광역시 남동구 구월동,경상사고,0,0,1,0,차대차 - 추돌,안전운전불이행,건조,맑음,단일로 - 기타,승용,남,55세,상해없음,승용,여,50세,경상
2016032700100137,2016년 3월 27일 10시,일요일,인천광역시 연수구 송도동,중상사고,0,1,0,0,차대사람 - 횡단중,보행자보호의무위반,건조,맑음,교차로 - 교차로부근,화물,남,36세,상해없음,보행자,남,14세,중상
2016032700100181,2016년 3월 27일 12시,일요일,인천광역시 강화군 길상면,경상사고,0,0,1,0,차량단독 - 전도전복,안전운전불이행,건조,맑음,단일로 - 기타,승합,남,29세,경상,,,,
2016032700100241,2016년 3월 27일 14시,일요일,인천광역시 중구 을왕동,부상신고사고,0,0,0,2,차량단독 - 전도전복,안전운전불이행,건조,맑음,교차로 - 교차로부근,이륜,여,18세,부상신고,,,,
2016032700100242,2016년 3월 27일 14시,일요일,인천광역시 중구 을왕동,경상사고,0,0,3,0,차대차 - 추돌,안전운전불이행,건조,맑음,교차로 - 교차로부근,승용,남,58세,상해없음,승용,남,30세,경상
2016032700100243,2016년 3월 27일 14시,일요일,인천광역시 남동구 논현동,경상사고,0,0,3,0,차대차 - 추돌,안전운전불이행,건조,맑음,단일로 - 기타,승용,남,36세,상해없음,승용,남,34세,경상
2016032700100244,2016년 3월 27일 14시,일요일,인천광역시 부평구 삼산동,중상사고,0,1,0,0,차대사람 - 기타,안전운전불이행,건조,맑음,단일로 - 기타,이륜,남,34세,상해없음,보행자,남,74세,중상
2016032700100274,2016년 3월 27일 15시,일요일,인천광역시 서구 경서동,경상사고,0,0,1,0,차량단독 - 기타,안전운전불이행,건조,맑음,단일로 - 기타,승합,남,59세,상해없음,,,,
2016032700100339,2016년 3월 27일 17시,일요일,인천광역시 중구 운서동,중상사고,0,2,1,0,차대차 - 측면충돌,신호위반,건조,맑음,교차로 - 교차로안,승용,남,27세,상해없음,승용,여,59세,중상
2016032700100340,2016년 3월 27일 17시,일요일,인천광역시 계양구 작전동,중상사고,0,1,2,0,차대차 - 측면충돌,안전거리미확보,건조,맑음,단일로 - 기타,승용,남,55세,상해없음,승합,남,54세,경상