사고번호,사고일시,요일,시군구,사고내용,사망자수,중상자수,경상자수,부상신고자수,사고유형,법규위반,노면상태,기상상태,도로형태,가해운전자 차종,가해운전자 성별,가해운전자 연령,가해운전자 상해정도,피해운전자 차종,피해운전자 성별,피해운전자 연령,피해운전자 상해정도
2016032700100413,2016년 3월 27일 20시,일요일,인천광역시 남동구 구월동,경상사고,0,0,1,0,차대차 - 기타,안전운전불이행,건조,맑음,단일로 - 기타,승용,남,21세,기타불명,승용,남,58세,경상
2016032700100432,2016년 3월 27일 21시,일요일,인천광역시 서구 마전동,경상사고,0,0,1,0,차대차 - 정면충돌,신호위반,건조,맑음,교차로 - 교차로안,이륜,남,22세,상해없음,이륜,남,19세,경상
2016032700100448,2016년 3월 27일 22시,일요일,인천광역시 남동구 남촌동,경상사고,0,0,1,0,차대사람 - 차도통행중,안전운전불이행,건조,맑음,단일로 - 기타,승용,남,74세,상해없음,보행자,여,21세,경상
2016032700100463,2016년 3월 27일 23시,일요일,인천광역시 계양구 임학동,중상사고,0,2,0,0,차대차 - 정면충돌,안전운전불이행,건조,맑음,교차로 - 교차로안,승용,남,60세,상해없음,이륜,남,20세,중상
2016032800100029,2016년 3월 28일 03시,월요일,인천광역시 부평구 십정동,중상사고,0,1,0,0,차대차 - 추돌,안전운전불이행,건조,맑음,교차로 - 교차로부근,승용,남,36세,상해없음,승용,남,35세,중상
2016032800100044,2016년 3월 28일 05시,월요일,인천광역시 부평구 삼산동,경상사고,0,0,2,0,차대차 - 정면충돌,직진우회전진행방해,건조,맑음,교차로 - 교차로안,승용,남,24세,경상,승용,남,53세,경상
2016032800100085,2016년 3월 28일 07시,월요일,인천광역시 중구 운서동,경상사고,0,0,2,0,차대차 - 측면충돌,안전운전불이행,건조,맑음,단일로 - 기타,화물,남,60세,상해없음,승용,남,60세,경상
2016032800100141,2016년 3월 28일 08시,월요일,인천광역시 남구 주안동,경상사고,0,0,5,0,차대차 - 측면직각충돌,안전운전불이행,건조,맑음,기타 - 기타,승용,남,74세,경상,승용,남,40세,경상
2016032800100181,2016년 3월 28일 09시,월요일,인천광역시 부평구 부평동,경상사고,0,0,1,0,차대차 - 추돌,안전운전불이행,건조,맑음,단일로 - 기타,승합,남,71세,상해없음,승용,여,44세,경상
2016032800100182,2016년 3월 28일 09시,월요일,인천광역시 남동구 간석동,경상사고,0,0,1,0,차대차 - 측면충돌,신호위반,건조,맑음,교차로 - 교차로안,승용,남,55세,상해없음,승용,남,44세,경상
2016032800100183,2016년 3월 28일 09시,월요일,인천광역시 강화군 길상면,중상사고,0,1,0,0,차대사람 - 횡단중,신호위반,건조,맑음,단일로 - 기타,특수,남,56세,상해없음,보행자,여,84세,중상
2016032800100184,2016년 3월 28일 09시,월요일,인천광역시 부평구 삼산동,중상사고,0,1,0,0,차대사람 - 차도통행중,안전운전불이행,건조,맑음,단일로 - 기타,승용,남,52세,상해없음,보행자,여,68세,중상
2016032800100347,2016년 3월 28일 14시,월요일,인천광역시 부평구 십정동,경상사고,0,0,1,0,차대차 - 기타,안전운전불이행,건조,맑음,단일로 - 기타,승용,남,36세,상해없음,화물,남,56세,경상
2016032800100387,2016년 3월 28일 15시,월요일,인천광역시 동구 만석동,경상사고,0,0,5,0,차대차 - 정면충돌,교차로운행방법위반,건조,맑음,교차로 - 교차로안,승용,남,53세,경상,승용,남,47세,경상
2016032800100495,2016년 3월 28일 18시,월요일,인천광역시 부평구 부평동,중상사고,0,1,0,0,차대사람 - 기타,안전운전불이행,건조,맑음,교차로 - 교차로부근,승용,남,63세,상해없음,보행자,남,8세,중상
2016032800100548,2016년 3월 28일 19시,월요일,인천광역시 부평구 부평동,경상사고,0,0,1,0,차대차 - 추돌,안전운전불이행,건조,맑음,단일로 - 기타,승용,남,28세,상해없음,승용,남,32세,경상
2016032800100549,2016년 3월 28일 19시,월요일,인천광역시 남동구 논현동,경상사고,0,0,2,0,차대차 - 측면직각충돌,안전운전불이행,건조,맑음,단일로 - 기타,승용,여,36세,상해없음,승용,여,40세,경상
2016032800100622,2016년 3월 28일 21시,월요일,인천광역시 연수구 송도동,중상사고,0,1,0,0,차대차 - 측면충돌,중앙선침범,건조,맑음,단일로 - 기타,승용,남,24세,상해없음,이륜,남,33세,중상
2016032800100623,2016년 3월 28일 21시,월요일,인천광역시 연수구 동춘동,중상사고,0,1,0,0,차대차 - 측면직각충돌,안전운전불이행,건조,맑음,교차로 - 교차로안,승용,남,58세,상해없음,승용,여,34세,중상
2016032800100671,2016년 3월 28일 23시,월요일,인천광역시 중구 신흥동1가,경상사고,0,0,1,0,차대차 - 측면충돌,신호위반,기타,맑음,교차로 - 교차로안,승용,남,55세,상해없음,승용,남,62세,경상
2016032900100013,2016년 3월 29일 00시,화요일,인천광역시 계양구 계산동,경상사고,0,0,1,0,차대차 - 정면충돌,중앙선침범,건조,맑음,교차로 - 교차로부근,이륜,남,17세,상해없음,승용,남,58세,경상
2016032900100027,2016년 3월 29일 01시,화요일,인천광역시 부평구 부평동,중상사고,0,1,0,0,차대사람 - 횡단중,안전운전불이행,건조,맑음,단일로 - 기타,승용,남,47세,상해없음,보행자,남,42세,중상
2016032900100045,2016년 3월 29일 02시,화요일,인천광역시 동구 송림동,중상사고,0,1,2,0,차대차 - 측면직각충돌,신호위반,건조,맑음,교차로 - 교차로안,화물,남,51세,경상,승용,남,58세,경상
2016032900100056,2016년 3월 29일 04시,화요일,인천광역시 중구 신흥동3가,중상사고,0,1,0,0,차대차 - 측면직각충돌,신호위반,건조,맑음,교차로 - 교차로안,건설기계,남,46세,상해없음,승용,남,46세,중상
2016032900100130,2016년 3월 29일 08시,화요일,인천광역시 계양구 서운동,경상사고,0,0,1,0,차대차 - 측면충돌,안전운전불이행,건조,맑음,단일로 - 기타,건설기계,남,43세,상해없음,승용,남,54세,경상
2016032900100175,2016년 3월 29일 10시,화요일,인천광역시 남동구 도림동,중상사고,0,1,2,0,차대차 - 측면직각충돌,신호위반,건조,맑음,교차로 - 교차로안,특수,남,36세,상해없음,승합,남,63세,상해없음
2016032900100176,2016년 3월 29일 10시,화요일,인천광역시 서구 가정동,중상사고,0,2,1,0,차대차 - 측면직각충돌,안전운전불이행,건조,맑음,교차로 - 교차로안,승용,여,57세,상해없음,승용,남,51세,경상
2016032900100232,2016년 3월 29일 12시,화요일,인천광역시 서구 심곡동,경상사고,0,0,1,0,차대차 - 기타,안전운전불이행,건조,맑음,교차로 - 교차로부근,화물,남,49세,상해없음,승용,남,29세,경상
2016032900100248,2016년 3월 29일 13시,화요일,인천광역시 남동구 고잔동,경상사고,0,0,2,0,차대차 - 측면충돌,교차로운행방법위반,건조,맑음,교차로 - 교차로안,화물,남,41세,경상,승용,남,24세,경상
2016032900100310,2016년 3월 29일 15시,화요일,인천광역시 부평구 갈산동,중상사고,0,1,0,0,차대차 - 기타,안전운전불이행,건조,맑음,교차로 - 교차로안,화물,남,61세,상해없음,기타불명,여,90세 이상,중상
2016032900100341,2016년 3월 29일 16시,화요일,인천광역시 서구 왕길동,중상사고,0,1,0,0,차대사람 - 횡단중,안전운전불이행,건조,맑음,단일로 - 기타,승용,남,43세,상해없음,보행자,여,70세,중상
2016032900100458,2016년 3월 29일 19시,화요일,인천광역시 서구 왕길동,경상사고,0,0,1,0,차대사람 - 기타,안전운전불이행,건조,맑음,단일로 - 기타,승용,남,59세,상해없음,보행자,여,29세,경상
2016032900100459,2016년 3월 29일 19시,화요일,인천광역시 계양구 작전동,경상사고,0,0,4,0,차대차 - 추돌,안전운전불이행,건조,맑음,단일로 - 기타,승용,남,38세,상해없음,승합,남,65세,경상
2016032900100460,2016년 3월 29일 19시,화요일,인천광역시 연수구 옥련동,경상사고,0,0,1,0,차대차 - 정면충돌,안전운전불이행,건조,맑음,교차로 - 교차로안,승용,남,31세,상해없음,승용,여,45세,경상
2016032900100486,2016년 3월 29일 20시,화요일,인천광역시 계양구 병방동,중상사고,0,1,0,0,차대차 - 추돌,안전운전불이행,건조,맑음,단일로 - 기타,승용,남,56세,상해없음,승용,남,56세,중상
2016032900100539,2016년 3월 29일 22시,화요일,인천광역시 남구 학익동,경상사고,0,0,1,0,차대사람 - 횡단중,안전운전불이행,건조,맑음,단일로 - 기타,승용,남,55세,상해없음,보행자,남,33세,경상
2016032900100568,2016년 3월 29일 23시,화요일,인천광역시 남동구 만수동,중상사고,0,1,0,0,차대사람 - 횡단중,보행자보호의무위반,건조,맑음,단일로 - 횡단보도상,승용,남,65세,상해없음,보행자,여,23세,중상
2016032900100569,2016년 3월 29일 23시,화요일,인천광역시 계양구 용종동,경상사고,0,0,1,0,차대차 - 측면직각충돌,신호위반,건조,맑음,교차로 - 교차로안,승용,남,59세,상해없음,승용,여,30세,경상
2016033000100008,2016년 3월 30일 00시,수요일,인천광역시 부평구 부평동,경상사고,0,0,1,0,차대차 - 측면충돌,안전운전불이행,건조,맑음,단일로 - 기타,승용,남,40세,상해없음,승용,여,56세,경상
2016033000100061,2016년 3월 30일 06시,수요일,인천광역시 남구 용현동,중상사고,0,1,0,0,차대사람 - 횡단중,안전운전불이행,건조,맑음,단일로 - 횡단보도상,승용,남,55세,상해없음,보행자,여,58세,중상
2016033000100062,2016년 3월 30일 06시,수요일,인천광역시 계양구 작전동,경상사고,0,0,1,0,차대차 - 측면충돌,안전운전불이행,건조,맑음,단일로 - 기타,승용,남,75세,상해없음,이륜,남,44세,경상
2016033000100115,2016년 3월 30일 08시,수요일,인천광역시 중구 남북동,중상사고,0,1,0,0,차량단독 - 전도전복,안전운전불이행,건조,맑음,단일로 - 기타,이륜,남,77세,중상,,,,
2016033000100117,2016년 3월 30일 08시,수요일,인천광역시 부평구 부평동,중상사고,0,1,0,0,차대사람 - 횡단중,안전운전불이행,건조,맑음,교차로 - 교차로부근,승용,남,35세,상해없음,보행자,여,33세,중상
2016033000100155,2016년 3월 30일 09시,수요일,인천광역시 부평구 산곡동,경상사고,0,0,1,0,차대사람 - 횡단중,안전운전불이행,건조,맑음,단일로 - 기타,승용,여,35세,상해없음,보행자,남,74세,경상
2016033000100156,2016년 3월 30일 09시,수요일,인천광역시 남동구 만수동,경상사고,0,0,1,0,차대사람 - 기타,안전운전불이행,건조,맑음,단일로 - 기타,승합,남,45세,상해없음,보행자,여,50세,경상
2016033000100157,2016년 3월 30일 09시,수요일,인천광역시 연수구 송도동,경상사고,0,0,1,0,차대차 - 측면충돌,신호위반,건조,맑음,교차로 - 교차로안,승용,남,37세,상해없음,승용,남,50세,경상
2016033000100219,2016년 3월 30일 11시,수요일,인천광역시 부평구 부평동,중상사고,0,1,0,0,차대차 - 기타,안전운전불이행,건조,맑음,교차로 - 교차로부근,화물,남,53세,상해없음,이륜,남,25세,중상
2016033000100220,2016년 3월 30일 11시,수요일,인천광역시 강화군 화도면,중상사고,0,1,0,0,차대차 - 추돌,안전운전불이행,건조,맑음,단일로 - 기타,화물,남,55세,상해없음,자전거,남,76세,중상
2016033000100248,2016년 3월 30일 12시,수요일,인천광역시 서구 경서동,경상사고,0,0,1,0,차대차 - 정면충돌,신호위반,건조,맑음,교차로 - 교차로안,승용,여,30세,상해없음,승용,남,26세,경상
2016033000100322,2016년 3월 30일 14시,수요일,인천광역시 남동구 논현동,중상사고,0,1,0,0,차대차 - 추돌,안전운전불이행,건조,맑음,단일로 - 기타,승용,남,52세,기타불명,승용,여,34세,중상
2016033000100357,2016년 3월 30일 15시,수요일,인천광역시 부평구 산곡동,중상사고,0,1,0,0,차대사람 - 길가장자리구역통행중,안전운전불이행,건조,맑음,단일로 - 기타,화물,남,49세,상해없음,보행자,여,17세,중상
2016033000100395,2016년 3월 30일 16시,수요일,인천광역시 남구 주안동,중상사고,0,2,0,1,차대차 - 추돌,안전운전불이행,건조,맑음,교차로 - 교차로부근,승용,남,40세,부상신고,승용,여,31세,중상
2016033000100396,2016년 3월 30일 16시,수요일,인천광역시 남동구 고잔동,경상사고,0,0,1,0,차대차 - 추돌,안전운전불이행,건조,맑음,단일로 - 기타,승용,남,38세,상해없음,승용,남,24세,경상
2016033000100397,2016년 3월 30일 16시,수요일,인천광역시 서구 석남동,중상사고,0,1,0,0,차대사람 - 횡단중,보행자보호의무위반,건조,맑음,교차로 - 교차로부근,승용,남,52세,기타불명,보행자,남,9세,중상
2016033000100398,2016년 3월 30일 16시,수요일,인천광역시 계양구 계산동,경상사고,0,0,1,0,차대사람 - 기타,안전운전불이행,건조,맑음,단일로 - 기타,승용,여,43세,상해없음,보행자,여,20세,경상
2016033000100399,2016년 3월 30일 16시,수요일,인천광역시 계양구 작전동,중상사고,0,2,0,0,차대차 - 측면직각충돌,신호위반,건조,맑음,교차로 - 교차로안,승용,남,51세,상해없음,승용,여,42세,중상
2016033000100400,2016년 3월 30일 16시,수요일,인천광역시 부평구 부개동,경상사고,0,0,1,0,차대사람 - 기타,안전운전불이행,건조,맑음,기타 - 기타,화물,남,57세,상해없음,보행자,여,33세,경상
2016033000100430,2016년 3월 30일 17시,수요일,인천광역시 남동구 간석동,중상사고,0,1,0,0,차대차 - 측면직각충돌,신호위반,건조,맑음,교차로 - 교차로안,승용,남,40세,상해없음,승용,여,69세,중상
2016033000100431,2016년 3월 30일 17시,수요일,인천광역시 남동구 논현동,경상사고,0,0,2,0,차대차 - 측면직각충돌,교차로운행방법위반,건조,맑음,교차로 - 교차로부근,승용,남,69세,기타불명,승용,여,40세,경상
2016033000100466,2016년 3월 30일 18시,수요일,인천광역시 서구 경서동,경상사고,0,0,1,0,차대차 - 측면충돌,신호위반,건조,맑음,교차로 - 교차로안,승용,남,34세,상해없음,승용,남,36세,경상
2016033000100497,2016년 3월 30일 19시,수요일,인천광역시 남동구 만수동,경상사고,0,0,1,0,차대차 - 측면충돌,안전거리미확보,건조,맑음,교차로 - 교차로부근,승용,남,37세,상해없음,승용,남,57세,경상
2016033000100522,2016년 3월 30일 20시,수요일,인천광역시 남동구 고잔동,중상사고,0,1,0,0,차대차 - 측면충돌,안전운전불이행,건조,맑음,교차로 - 교차로안,승용,남,48세,상해없음,자전거,남,54세,중상
2016033000100554,2016년 3월 30일 21시,수요일,인천광역시 계양구 계산동,부상신고사고,0,0,0,1,차대차 - 정면충돌,교차로운행방법위반,건조,맑음,교차로 - 교차로안,승용,여,40세,상해없음,자전거,남,25세,부상신고
2016033000100600,2016년 3월 30일 23시,수요일,인천광역시 남동구 도림동,중상사고,0,2,0,0,차대차 - 추돌,안전운전불이행,건조,맑음,교차로 - 교차로부근,승용,남,46세,상해없음,승용,남,29세,중상
2016033000100601,2016년 3월 30일 23시,수요일,인천광역시 남동구 장수동,경상사고,0,0,1,0,차대차 - 측면직각충돌,차로위반,건조,맑음,단일로 - 기타,승용,남,55세,상해없음,승용,남,61세,경상
2016033100100012,2016년 3월 31일 00시,목요일,인천광역시 남구 주안동,중상사고,0,1,0,0,차대차 - 측면직각충돌,안전운전불이행,건조,맑음,단일로 - 기타,승용,여,53세,상해없음,이륜,남,14세,중상
2016033100100013,2016년 3월 31일 00시,목요일,인천광역시 부평구 부개동,경상사고,0,0,1,0,차대차 - 측면충돌,안전운전불이행,건조,맑음,단일로 - 기타,승용,남,26세,상해없음,승용,남,26세,상해없음
2016033100100039,2016년 3월 31일 04시,목요일,인천광역시 동구 송현동,사망사고,1,0,0,0,차대사람 - 횡단중,신호위반,건조,맑음,단일로 - 횡단보도상,건설기계,남,46세,상해없음,보행자,여,79세,사망
2016033100100082,2016년 3월 31일 07시,목요일,인천광역시 남동구 만수동,경상사고,0,0,1,0,차대사람 - 횡단중,보행자보호의무위반,건조,맑음,단일로 - 횡단보도상,승합,남,64세,상해없음,보행자,여,20세,경상
2016033100100083,2016년 3월 31일 07시,목요일,인천광역시 강화군 강화읍,중상사고,0,1,0,0,차대사람 - 횡단중,안전운전불이행,건조,맑음,교차로 - 교차로부근,승합,남,63세,상해없음,보행자,여,68세,중상
2016033100100115,2016년 3월 31일 08시,목요일,인천광역시 서구 가좌동,경상사고,0,0,1,0,차대차 - 기타,안전운전불이행,건조,맑음,단일로 - 기타,승용,남,35세,상해없음,승용,남,47세,경상
2016033100100116,2016년 3월 31일 08시,목요일,인천광역시 서구 경서동,경상사고,0,0,1,0,차대차 - 측면충돌,안전운전불이행,건조,맑음,교차로 - 교차로부근,승용,여,46세,상해없음,자전거,남,13세,경상
2016033100100117,2016년 3월 31일 08시,목요일,인천광역시 계양구 장기동,중상사고,0,1,0,0,차대차 - 측면직각충돌,안전운전불이행,건조,맑음,교차로 - 교차로부근,이륜,남,36세,중상,화물,남,58세,상해없음
2016033100100144,2016년 3월 31일 09시,목요일,인천광역시 동구 송림동,중상사고,0,1,0,0,차대차 - 정면충돌,안전운전불이행,건조,맑음,교차로 - 교차로안,자전거,남,57세,중상,건설기계,남,53세,상해없음
2016033100100178,2016년 3월 31일 10시,목요일,인천광역시 계양구 작전동,경상사고,0,0,1,0,차대차 - 측면직각충돌,안전거리미확보,건조,맑음,단일로 - 기타,승합,남,51세,상해없음,승용,남,67세,경상
2016033100100179,2016년 3월 31일 10시,목요일,인천광역시 부평구 부개동,경상사고,0,0,1,0,차대차 - 측면충돌,안전운전불이행,건조,맑음,교차로 - 교차로부근,승합,남,60세,상해없음,승용,남,32세,경상
2016033100100279,2016년 3월 31일 14시,목요일,인천광역시 서구 가정동,경상사고,0,0,1,0,차대차 - 측면충돌,신호위반,건조,맑음,교차로 - 교차로안,승용,여,52세,상해없음,승합,남,40세,경상
2016033100100317,2016년 3월 31일 15시,목요일,인천광역시 남동구 구월동,경상사고,0,0,1,0,차대차 - 측면직각충돌,안전운전불이행,건조,맑음,단일로 - 기타,승용,남,65세,상해없음,이륜,남,27세,경상
2016033100100354,2016년 3월 31일 16시,목요일,인천광역시 남구 도화동,경상사고,0,0,1,0,차대차 - 측면직각충돌,안전운전불이행,건조,맑음,교차로 - 교차로안,승용,여,51세,상해없음,승용,남,33세,경상
2016033100100355,2016년 3월 31일 16시,목요일,인천광역시 남동구 구월동,경상사고,0,0,3,0,차대차 - 추돌,안전운전불이행,건조,맑음,단일로 - 기타,승용,남,33세,상해없음,승용,여,47세,경상
2016033100100426,2016년 3월 31일 18시,목요일,인천광역시 서구 가좌동,중상사고,0,1,0,0,차대차 - 추돌,안전운전불이행,건조,맑음,단일로 - 기타,승용,남,81세,상해없음,승용,여,28세,중상
2016033100100467,2016년 3월 31일 19시,목요일,인천광역시 남동구 도림동,경상사고,0,0,1,0,차대차 - 측면충돌,신호위반,건조,맑음,단일로 - 횡단보도상,이륜,남,22세,상해없음,자전거,남,53세,경상
2016033100100468,2016년 3월 31일 19시,목요일,인천광역시 강화군 강화읍,사망사고,1,0,0,0,차량단독 - 전도전복,안전운전불이행,건조,맑음,단일로 - 기타,이륜,남,75세,사망,,,,
2016033100100530,2016년 3월 31일 21시,목요일,인천광역시 남동구 만수동,경상사고,0,0,1,0,차대사람 - 기타,안전운전불이행,건조,맑음,단일로 - 기타,승용,남,26세,상해없음,보행자,여,47세,경상
2016033100100553,2016년 3월 31일 22시,목요일,인천광역시 남동구 구월동,경상사고,0,0,3,0,차대차 - 추돌,안전운전불이행,건조,맑음,단일로 - 기타,승용,남,33세,상해없음,승용,남,56세,경상
2016033100100574,2016년 3월 31일 23시,목요일,인천광역시 남동구 만수동,경상사고,0,0,4,0,차대차 - 추돌,안전운전불이행,건조,맑음,단일로 - 기타,특수,남,53세,상해없음,승용,남,47세,경상
2016033100100575,2016년 3월 31일 23시,목요일,인천광역시 부평구 부평동,중상사고,0,1,0,0,차대사람 - 보도통행중,중앙선침범,건조,맑음,기타 - 기타,승용,여,43세,상해없음,보행자,남,58세,중상
2016040100100012,2016년 4월 1일 00시,금요일,인천광역시 남구 주안동,경상사고,0,0,1,0,차대사람 - 횡단중,안전운전불이행,건조,맑음,교차로 - 교차로안,승용,남,28세,상해없음,보행자,남,56세,경상
2016040100100013,2016년 4월 1일 00시,금요일,인천광역시 계양구 효성동,경상사고,0,0,3,0,차대차 - 측면충돌,신호위반,건조,맑음,교차로 - 교차로안,승용,남,44세,상해없음,승용,남,36세,경상
2016040100100014,2016년 4월 1일 00시,금요일,인천광역시 계양구 작전동,중상사고,0,2,0,0,차대차 - 정면충돌,안전운전불이행,건조,맑음,교차로 - 교차로안,승용,남,40세,상해없음,이륜,남,20세,중상
2016040100100036,2016년 4월 1일 01시,금요일,인천광역시 남구 도화동,중상사고,0,1,0,0,차대차 - 추돌,안전운전불이행,건조,맑음,교차로 - 교차로부근,승용,남,48세,상해없음,원동기,남,36세,중상
2016040100100037,2016년 4월 1일 01시,금요일,인천광역시 남구 도화동,경상사고,0,0,3,0,차대차 - 추돌,안전운전불이행,건조,맑음,교차로 - 교차로부근,승용,남,28세,상해없음,승용,남,41세,경상
2016040100100056,2016년 4월 1일 04시,금요일,인천광역시 남동구 논현동,중상사고,0,2,0,0,차량단독 - 전도전복,안전운전불이행,건조,맑음,단일로 - 기타,이륜,남,24세,중상,,,,
2016040100100109,2016년 4월 1일 07시,금요일,인천광역시 남동구 고잔동,중상사고,0,1,0,0,차대차 - 측면직각충돌,신호위반,건조,맑음,교차로 - 교차로안,건설기계,남,22세,상해없음,승용,여,43세,중상
2016040100100110,2016년 4월 1일 07시,금요일,인천광역시 남동구 남촌동,경상사고,0,0,1,0,차대차 - 측면충돌,교차로운행방법위반,건조,맑음,교차로 - 교차로안,화물,남,40세,상해없음,자전거,여,47세,경상
2016040100100111,2016년 4월 1일 07시,금요일,인천광역시 서구 가좌동,중상사고,0,1,0,0,차대사람 - 횡단중,보행자보호의무위반,건조,맑음,교차로 - 교차로안,승용,남,59세,상해없음,보행자,여,54세,중상
2016040100100112,2016년 4월 1일 07시,금요일,인천광역시 서구 검암동,경상사고,0,0,1,0,차대사람 - 횡단중,보행자보호의무위반,건조,맑음,교차로 - 교차로부근,승용,남,44세,상해없음,보행자,남,26세,경상
2016040100100113,2016년 4월 1일 07시,금요일,인천광역시 부평구 부평동,경상사고,0,0,1,0,차대사람 - 기타,안전운전불이행,건조,맑음,교차로 - 교차로부근,화물,남,47세,상해없음,보행자,여,64세,경상
2016040100100153,2016년 4월 1일 08시,금요일,인천광역시 강화군 강화읍,경상사고,0,0,3,0,차대사람 - 기타,안전운전불이행,건조,맑음,단일로 - 기타,승합,남,48세,상해없음,보행자,여,41세,경상
2016040100100337,2016년 4월 1일 14시,금요일,인천광역시 남구 학익동,경상사고,0,0,1,0,차대차 - 추돌,안전운전불이행,건조,맑음,기타 - 기타,승용,여,43세,상해없음,승용,여,54세,경상
2016040100100338,2016년 4월 1일 14시,금요일,인천광역시 서구 심곡동,중상사고,0,1,0,0,차대차 - 추돌,안전운전불이행,건조,맑음,교차로 - 교차로부근,승합,남,55세,상해없음,승합,남,61세,상해없음
2016040100100463,2016년 4월 1일 17시,금요일,인천광역시 남동구 간석동,경상사고,0,0,3,0,차대차 - 측면충돌,교차로운행방법위반,건조,맑음,교차로 - 교차로안,승합,남,62세,경상,승용,여,19세,경상
2016040100100507,2016년 4월 1일 18시,금요일,인천광역시 계양구 작전동,경상사고,0,0,1,0,차대사람 - 기타,안전운전불이행,건조,맑음,교차로 - 교차로부근,승합,남,26세,상해없음,보행자,남,80세,경상
2016040100100508,2016년 4월 1일 18시,금요일,인천광역시 계양구 장기동,중상사고,0,1,0,0,차대사람 - 횡단중,안전운전불이행,건조,맑음,단일로 - 기타,승합,남,42세,상해없음,보행자,남,60세,중상
2016040100100568,2016년 4월 1일 19시,금요일,인천광역시 남동구 구월동,경상사고,0,0,1,0,차대사람 - 차도통행중,안전운전불이행,건조,맑음,단일로 - 기타,승합,남,52세,상해없음,보행자,여,56세,경상
2016040100100569,2016년 4월 1일 19시,금요일,인천광역시 연수구 송도동,경상사고,0,0,1,0,차대차 - 추돌,안전거리미확보,건조,맑음,단일로 - 기타,승용,남,51세,상해없음,승용,남,33세,경상
2016040100100623,2016년 4월 1일 20시,금요일,인천광역시 부평구 부평동,중상사고,0,2,2,0,차대차 - 정면충돌,교차로운행방법위반,건조,맑음,교차로 - 교차로안,승용,남,32세,상해없음,승용,남,49세,중상
2016040100100624,2016년 4월 1일 20시,금요일,인천광역시 부평구 십정동,경상사고,0,0,1,0,차대차 - 기타,교차로운행방법위반,건조,맑음,교차로 - 교차로부근,승용,남,40세,상해없음,화물,여,50세,경상
2016040100100625,2016년 4월 1일 20시,금요일,인천광역시 서구 연희동,경상사고,0,0,1,0,차대차 - 측면충돌,안전운전불이행,건조,맑음,단일로 - 기타,승용,남,37세,상해없음,승용,남,56세,경상
2016040100100626,2016년 4월 1일 20시,금요일,인천광역시 서구 경서동,경상사고,0,0,1,0,차대차 - 측면충돌,안전운전불이행,건조,맑음,단일로 - 기타,승용,남,37세,상해없음,승용,남,46세,경상
2016040100100667,2016년 4월 1일 21시,금요일,인천광역시 연수구 연수동,경상사고,0,0,2,0,차대차 - 추돌,안전운전불이행,건조,맑음,교차로 - 교차로부근,승용,남,33세,상해없음,승용,남,29세,경상
2016040100100697,2016년 4월 1일 22시,금요일,인천광역시 서구 왕길동,중상사고,0,1,0,0,차대차 - 기타,안전운전불이행,건조,맑음,단일로 - 기타,승용,남,51세,상해없음,자전거,남,55세,중상
2016040100100698,2016년 4월 1일 22시,금요일,인천광역시 연수구 동춘동,경상사고,0,0,1,0,차대사람 - 기타,안전운전불이행,건조,맑음,단일로 - 기타,승용,남,44세,상해없음,보행자,남,28세,경상
2016040100100730,2016년 4월 1일 23시,금요일,인천광역시 부평구 부평동,중상사고,0,1,0,0,차대차 - 측면충돌,안전거리미확보,건조,맑음,교차로 - 교차로안,승용,남,29세,상해없음,원동기,남,17세,중상
2016040100100731,2016년 4월 1일 23시,금요일,인천광역시 연수구 송도동,중상사고,0,2,0,0,차대차 - 측면직각충돌,신호위반,건조,맑음,교차로 - 교차로안,승용,남,61세,상해없음,승용,여,44세,중상
2016040200100020,2016년 4월 2일 00시,토요일,인천광역시 서구 가좌동,경상사고,0,0,2,0,차대차 - 측면충돌,안전운전불이행,건조,맑음,교차로 - 교차로안,승용,남,34세,상해없음,승용,여,57세,경상
2016040200100021,2016년 4월 2일 00시,토요일,인천광역시 부평구 부평동,경상사고,0,0,1,0,차대차 - 추돌,안전운전불이행,건조,맑음,단일로 - 기타,승용,남,43세,상해없음,승용,남,56세,경상
2016040200100081,2016년 4월 2일 04시,토요일,인천광역시 남동구 구월동,사망사고,1,0,1,0,차대차 - 측면직각충돌,신호위반,건조,맑음,단일로 - 횡단보도상,승용,남,68세,상해없음,자전거,여,77세,사망
2016040200100159,2016년 4월 2일 08시,토요일,인천광역시 옹진군 영흥면,경상사고,0,0,1,0,차대차 - 정면충돌,안전거리미확보,건조,맑음,단일로 - 기타,승용,남,23세,상해없음,승용,남,32세,경상
2016040200100189,2016년 4월 2일 09시,토요일,인천광역시 부평구 청천동,경상사고,0,0,1,0,차대차 - 기타,안전운전불이행,건조,맑음,교차로 - 교차로부근,승용,여,49세,상해없음,승용,여,55세,경상
2016040200100190,2016년 4월 2일 09시,토요일,인천광역시 부평구 부평동,경상사고,0,0,1,0,차대차 - 측면직각충돌,안전운전불이행,건조,맑음,교차로 - 교차로안,승용,남,47세,상해없음,승용,여,52세,경상
2016040200100216,2016년 4월 2일 10시,토요일,인천광역시 남동구 남촌동,중상사고,0,1,0,0,차대차 - 측면직각충돌,신호위반,건조,맑음,교차로 - 교차로안,승용,남,73세,상해없음,승용,남,52세,중상
2016040200100293,2016년 4월 2일 12시,토요일,인천광역시 중구 운서동,경상사고,0,0,2,0,차대차 - 측면충돌,안전거리미확보,건조,맑음,단일로 - 기타,승합,남,32세,경상,승용,여,47세,경상
2016040200100333,2016년 4월 2일 13시,토요일,인천광역시 남구 주안동,경상사고,0,0,1,0,차대차 - 측면직각충돌,신호위반,건조,맑음,교차로 - 교차로부근,이륜,남,28세,상해없음,승용,남,74세,경상