사고번호,사고일시,요일,시군구,사고내용,사망자수,중상자수,경상자수,부상신고자수,사고유형,법규위반,노면상태,기상상태,도로형태,가해운전자 차종,가해운전자 성별,가해운전자 연령,가해운전자 상해정도,피해운전자 차종,피해운전자 성별,피해운전자 연령,피해운전자 상해정도
2016040200100334,2016년 4월 2일 13시,토요일,인천광역시 남동구 만수동,중상사고,0,1,0,0,차대사람 - 횡단중,보행자보호의무위반,건조,맑음,교차로 - 교차로안,승용,남,43세,상해없음,보행자,남,72세,중상
2016040200100431,2016년 4월 2일 15시,토요일,인천광역시 남동구 구월동,경상사고,0,0,2,0,차대차 - 측면충돌,안전운전불이행,건조,맑음,단일로 - 기타,승용,남,32세,상해없음,승용,남,27세,경상
2016040200100432,2016년 4월 2일 15시,토요일,인천광역시 서구 심곡동,경상사고,0,0,1,0,차대차 - 기타,안전운전불이행,건조,맑음,교차로 - 교차로부근,이륜,남,44세,경상,승용,남,48세,상해없음
2016040200100549,2016년 4월 2일 18시,토요일,인천광역시 계양구 작전동,경상사고,0,0,1,0,차대차 - 기타,신호위반,건조,맑음,단일로 - 기타,승용,남,63세,상해없음,승합,남,46세,상해없음
2016040200100588,2016년 4월 2일 19시,토요일,인천광역시 부평구 부평동,경상사고,0,0,1,0,차대차 - 추돌,안전운전불이행,건조,맑음,단일로 - 기타,승용,남,59세,기타불명,이륜,남,32세,경상
2016040200100589,2016년 4월 2일 19시,토요일,인천광역시 남동구 운연동,경상사고,0,0,1,0,차대차 - 측면직각충돌,안전운전불이행,건조,맑음,교차로 - 교차로안,자전거,남,55세,경상,승용,남,45세,상해없음
2016040200100590,2016년 4월 2일 19시,토요일,인천광역시 서구 연희동,경상사고,0,0,1,0,차대사람 - 횡단중,안전운전불이행,건조,흐림,단일로 - 기타,승용,남,41세,상해없음,보행자,남,6세,경상
2016040200100645,2016년 4월 2일 21시,토요일,인천광역시 남동구 만수동,경상사고,0,0,1,0,차대차 - 측면충돌,안전운전불이행,건조,맑음,단일로 - 기타,승용,남,57세,상해없음,승용,여,50세,경상
2016040200100666,2016년 4월 2일 22시,토요일,인천광역시 남동구 만수동,중상사고,0,1,0,0,차대차 - 정면충돌,안전운전불이행,건조,맑음,교차로 - 교차로안,승용,남,37세,상해없음,이륜,남,17세,중상
2016040200100667,2016년 4월 2일 22시,토요일,인천광역시 서구 검암동,경상사고,0,0,1,0,차대차 - 추돌,교차로운행방법위반,건조,맑음,교차로 - 교차로안,승용,남,58세,상해없음,이륜,남,22세,경상
2016040200100687,2016년 4월 2일 23시,토요일,인천광역시 남동구 수산동,중상사고,0,1,2,0,차대차 - 측면충돌,안전거리미확보,건조,맑음,교차로 - 교차로안,승용,남,52세,상해없음,승용,남,50세,경상
2016040200100688,2016년 4월 2일 23시,토요일,인천광역시 연수구 송도동,경상사고,0,0,1,0,차대차 - 기타,안전운전불이행,건조,맑음,교차로 - 교차로안,원동기,남,48세,상해없음,자전거,남,14세,경상
2016040300100020,2016년 4월 3일 00시,일요일,인천광역시 남구 주안동,부상신고사고,0,0,0,1,차대사람 - 기타,기타,건조,맑음,단일로 - 기타,승용,남,31세,상해없음,보행자,남,24세,부상신고
2016040300100021,2016년 4월 3일 00시,일요일,인천광역시 남동구 남촌동,경상사고,0,0,1,0,차대차 - 추돌,안전운전불이행,건조,맑음,단일로 - 기타,승용,남,54세,상해없음,승합,남,56세,경상
2016040300100048,2016년 4월 3일 01시,일요일,인천광역시 중구 북성동1가,중상사고,0,1,0,0,차대차 - 기타,교차로운행방법위반,건조,맑음,교차로 - 교차로안,자전거,남,12세,중상,승용,여,57세,상해없음
2016040300100085,2016년 4월 3일 03시,일요일,인천광역시 남동구 남촌동,중상사고,0,2,0,0,차대차 - 측면직각충돌,과속,건조,맑음,교차로 - 교차로안,승용,남,34세,중상,승용,남,55세,중상
2016040300100086,2016년 4월 3일 03시,일요일,인천광역시 남동구 장수동,경상사고,0,0,2,0,차대차 - 추돌,안전운전불이행,건조,맑음,단일로 - 기타,승용,남,66세,상해없음,승용,남,47세,경상
2016040300100267,2016년 4월 3일 13시,일요일,인천광역시 남구 주안동,경상사고,0,0,2,0,차대차 - 추돌,안전운전불이행,건조,맑음,단일로 - 기타,승용,남,66세,상해없음,승용,남,24세,경상
2016040300100268,2016년 4월 3일 13시,일요일,인천광역시 부평구 부평동,경상사고,0,0,1,0,차량단독 - 공작물충돌,안전운전불이행,건조,맑음,단일로 - 기타,승합,남,60세,상해없음,,,,
2016040300100269,2016년 4월 3일 13시,일요일,인천광역시 남동구 만수동,경상사고,0,0,1,0,차대차 - 측면충돌,안전운전불이행,건조,맑음,단일로 - 기타,승용,남,81세,상해없음,승용,남,61세,경상
2016040300100295,2016년 4월 3일 14시,일요일,인천광역시 중구 운북동,중상사고,0,1,1,0,차대차 - 정면충돌,신호위반,건조,맑음,교차로 - 교차로안,화물,남,64세,경상,승용,남,60세,중상
2016040300100332,2016년 4월 3일 15시,일요일,인천광역시 남동구 수산동,경상사고,0,0,4,0,차대차 - 추돌,안전운전불이행,습기,비,단일로 - 기타,승합,남,45세,상해없음,승합,여,50세,경상
2016040300100333,2016년 4월 3일 15시,일요일,인천광역시 부평구 부개동,경상사고,0,0,1,0,차대차 - 기타,안전운전불이행,습기,흐림,교차로 - 교차로안,승용,남,25세,상해없음,자전거,남,8세,경상
2016040300100375,2016년 4월 3일 16시,일요일,인천광역시 계양구 병방동,경상사고,0,0,1,0,차대사람 - 횡단중,안전운전불이행,건조,맑음,단일로 - 기타,승용,남,44세,상해없음,보행자,남,39세,경상
2016040300100406,2016년 4월 3일 17시,일요일,인천광역시 서구 신현동,경상사고,0,0,3,0,차대차 - 측면직각충돌,안전운전불이행,습기,비,단일로 - 기타,승용,여,49세,경상,승용,남,43세,경상
2016040300100407,2016년 4월 3일 17시,일요일,인천광역시 계양구 작전동,경상사고,0,0,2,0,차대차 - 추돌,안전운전불이행,습기,비,교차로 - 교차로부근,승용,남,28세,상해없음,승용,남,37세,경상
2016040300100408,2016년 4월 3일 17시,일요일,인천광역시 계양구 계산동,경상사고,0,0,1,0,차대차 - 추돌,안전운전불이행,건조,맑음,교차로 - 교차로부근,승용,남,54세,기타불명,승용,여,33세,경상
2016040300100433,2016년 4월 3일 18시,일요일,인천광역시 남동구 수산동,경상사고,0,0,1,0,차대차 - 기타,교차로운행방법위반,습기,비,교차로 - 교차로부근,승용,남,68세,상해없음,이륜,남,31세,경상
2016040300100475,2016년 4월 3일 19시,일요일,인천광역시 남구 주안동,경상사고,0,0,1,0,차대차 - 측면직각충돌,안전거리미확보,건조,맑음,단일로 - 기타,승용,여,65세,상해없음,승용,남,36세,경상
2016040300100507,2016년 4월 3일 20시,일요일,인천광역시 부평구 부평동,경상사고,0,0,2,0,차대차 - 추돌,안전운전불이행,건조,맑음,단일로 - 기타,승용,남,48세,상해없음,승합,남,38세,경상
2016040300100561,2016년 4월 3일 22시,일요일,인천광역시 연수구 옥련동,경상사고,0,0,1,0,차대사람 - 기타,안전운전불이행,건조,맑음,교차로 - 교차로부근,승용,여,52세,상해없음,보행자,여,37세,경상
2016040400100037,2016년 4월 4일 03시,월요일,인천광역시 옹진군 백령면,중상사고,0,2,0,0,차량단독 - 전도전복,안전운전불이행,건조,맑음,단일로 - 기타,화물,남,24세,중상,,,,
2016040400100054,2016년 4월 4일 05시,월요일,인천광역시 서구 가좌동,중상사고,0,1,0,0,차대차 - 정면충돌,중앙선침범,건조,맑음,단일로 - 기타,승용,남,59세,상해없음,승용,남,55세,중상
2016040400100073,2016년 4월 4일 06시,월요일,인천광역시 남구 주안동,중상사고,0,1,0,0,차대사람 - 횡단중,안전운전불이행,건조,맑음,교차로 - 교차로부근,승합,남,62세,상해없음,보행자,여,64세,중상
2016040400100074,2016년 4월 4일 06시,월요일,인천광역시 남동구 장수동,경상사고,0,0,1,0,차대차 - 측면직각충돌,신호위반,건조,맑음,교차로 - 교차로안,승용,남,26세,상해없음,승용,남,62세,상해없음
2016040400100106,2016년 4월 4일 07시,월요일,인천광역시 연수구 연수동,경상사고,0,0,1,0,차대차 - 측면충돌,안전운전불이행,건조,맑음,교차로 - 교차로안,승용,남,36세,상해없음,원동기,남,58세,경상
2016040400100150,2016년 4월 4일 08시,월요일,인천광역시 남구 주안동,중상사고,0,1,0,0,차대사람 - 길가장자리구역통행중,안전운전불이행,건조,맑음,단일로 - 기타,승용,남,46세,상해없음,보행자,남,60세,중상
2016040400100151,2016년 4월 4일 08시,월요일,인천광역시 서구 경서동,경상사고,0,0,1,0,차대차 - 측면충돌,신호위반,건조,맑음,교차로 - 교차로안,승용,남,56세,상해없음,승용,남,34세,경상
2016040400100201,2016년 4월 4일 09시,월요일,인천광역시 서구 당하동,경상사고,0,0,1,0,차대차 - 측면충돌,안전운전불이행,건조,맑음,교차로 - 교차로안,승용,남,33세,상해없음,원동기,남,32세,경상
2016040400100202,2016년 4월 4일 09시,월요일,인천광역시 서구 석남동,경상사고,0,0,2,0,차대차 - 측면직각충돌,교차로운행방법위반,건조,맑음,교차로 - 교차로안,승용,여,31세,경상,화물,여,53세,경상
2016040400100237,2016년 4월 4일 10시,월요일,인천광역시 서구 원창동,경상사고,0,0,1,0,차대차 - 측면충돌,안전운전불이행,건조,맑음,단일로 - 기타,화물,남,54세,상해없음,승용,여,42세,경상
2016040400100238,2016년 4월 4일 10시,월요일,인천광역시 남구 학익동,사망사고,1,0,0,0,차대차 - 추돌,안전운전불이행,건조,맑음,단일로 - 기타,화물,남,56세,사망,화물,남,28세,상해없음
2016040400100239,2016년 4월 4일 10시,월요일,인천광역시 남구 문학동,경상사고,0,0,2,0,차대차 - 추돌,안전운전불이행,건조,맑음,단일로 - 기타,화물,남,59세,상해없음,화물,남,34세,경상
2016040400100320,2016년 4월 4일 13시,월요일,인천광역시 중구 운서동,부상신고사고,0,0,0,2,차량단독 - 전도전복,안전운전불이행,건조,맑음,단일로 - 기타,승용,남,32세,상해없음,,,,
2016040400100321,2016년 4월 4일 13시,월요일,인천광역시 남구 용현동,경상사고,0,0,1,0,차량단독 - 기타,안전운전불이행,건조,맑음,단일로 - 기타,승합,남,52세,상해없음,,,,
2016040400100357,2016년 4월 4일 14시,월요일,인천광역시 연수구 옥련동,경상사고,0,0,1,0,차대사람 - 횡단중,중앙선침범,건조,맑음,단일로 - 횡단보도부근,승용,남,40세,상해없음,보행자,남,68세,경상
2016040400100386,2016년 4월 4일 15시,월요일,인천광역시 남동구 간석동,중상사고,0,1,0,0,차대차 - 정면충돌,신호위반,건조,맑음,교차로 - 교차로안,화물,남,58세,상해없음,이륜,남,40세,중상
2016040400100387,2016년 4월 4일 15시,월요일,인천광역시 서구 검암동,중상사고,0,1,0,0,차대사람 - 횡단중,안전운전불이행,건조,맑음,단일로 - 기타,승용,남,64세,상해없음,보행자,남,75세,중상
2016040400100420,2016년 4월 4일 16시,월요일,인천광역시 남동구 구월동,경상사고,0,0,5,0,차대차 - 추돌,안전운전불이행,건조,맑음,교차로 - 교차로부근,화물,남,48세,상해없음,승합,남,47세,상해없음
2016040400100421,2016년 4월 4일 16시,월요일,인천광역시 남동구 간석동,중상사고,0,1,0,0,차대사람 - 횡단중,보행자보호의무위반,건조,맑음,단일로 - 횡단보도상,원동기,남,57세,상해없음,보행자,남,51세,중상
2016040400100422,2016년 4월 4일 16시,월요일,인천광역시 계양구 서운동,경상사고,0,0,1,0,차대차 - 추돌,기타,건조,맑음,기타 - 기타,화물,남,47세,기타불명,승용,남,61세,경상
2016040400100536,2016년 4월 4일 19시,월요일,인천광역시 서구 왕길동,경상사고,0,0,2,0,차대차 - 측면충돌,교차로운행방법위반,건조,맑음,교차로 - 교차로안,승용,여,36세,경상,승용,여,36세,경상
2016040400100576,2016년 4월 4일 20시,월요일,인천광역시 서구 가좌동,중상사고,0,1,0,0,차대차 - 측면충돌,교차로운행방법위반,건조,맑음,단일로 - 기타,승합,남,34세,상해없음,승용,남,26세,중상
2016040400100577,2016년 4월 4일 20시,월요일,인천광역시 계양구 효성동,경상사고,0,0,3,0,차대차 - 추돌,안전운전불이행,건조,맑음,교차로 - 교차로부근,승용,남,41세,상해없음,승용,남,50세,경상
2016040500100015,2016년 4월 5일 00시,화요일,인천광역시 남구 주안동,경상사고,0,0,1,0,차대사람 - 횡단중,안전운전불이행,건조,맑음,단일로 - 기타,승용,여,68세,상해없음,보행자,여,19세,경상
2016040500100137,2016년 4월 5일 08시,화요일,인천광역시 남동구 간석동,경상사고,0,0,1,0,차대차 - 측면충돌,신호위반,건조,맑음,교차로 - 교차로안,승용,남,75세,상해없음,승용,남,60세,경상
2016040500100138,2016년 4월 5일 08시,화요일,인천광역시 남동구 장수동,경상사고,0,0,1,0,차대차 - 추돌,안전운전불이행,건조,맑음,교차로 - 교차로부근,승용,여,33세,상해없음,승용,여,55세,경상
2016040500100139,2016년 4월 5일 08시,화요일,인천광역시 서구 가정동,경상사고,0,0,3,0,차대차 - 측면직각충돌,안전운전불이행,건조,맑음,단일로 - 기타,승용,여,50세,상해없음,승용,남,23세,경상
2016040500100188,2016년 4월 5일 09시,화요일,인천광역시 부평구 부평동,중상사고,0,1,0,0,차대차 - 추돌,차로위반,건조,맑음,기타 - 기타,특수,남,51세,상해없음,승용,여,46세,중상
2016040500100223,2016년 4월 5일 10시,화요일,인천광역시 서구 가좌동,경상사고,0,0,1,0,차대차 - 측면충돌,교차로운행방법위반,건조,맑음,교차로 - 교차로안,화물,남,34세,상해없음,승용,남,35세,경상
2016040500100264,2016년 4월 5일 11시,화요일,인천광역시 동구 만석동,경상사고,0,0,1,0,차대차 - 측면충돌,교차로운행방법위반,건조,맑음,교차로 - 교차로안,화물,남,47세,상해없음,이륜,남,71세,경상
2016040500100265,2016년 4월 5일 11시,화요일,인천광역시 남구 숭의동,경상사고,0,0,1,0,차대사람 - 기타,안전운전불이행,건조,맑음,단일로 - 기타,승용,여,44세,상해없음,보행자,여,70세,경상
2016040500100297,2016년 4월 5일 12시,화요일,인천광역시 남구 주안동,경상사고,0,0,1,1,차대사람 - 기타,안전운전불이행,건조,맑음,교차로 - 교차로안,이륜,남,54세,부상신고,보행자,남,45세,경상
2016040500100298,2016년 4월 5일 12시,화요일,인천광역시 강화군 선원면,중상사고,0,1,0,0,차대차 - 측면충돌,안전운전불이행,건조,맑음,교차로 - 교차로안,승용,남,47세,상해없음,원동기,남,73세,중상
2016040500100354,2016년 4월 5일 14시,화요일,인천광역시 남동구 간석동,중상사고,0,1,0,0,차대사람 - 횡단중,안전운전불이행,건조,맑음,단일로 - 기타,승용,남,34세,상해없음,보행자,남,35세,중상
2016040500100387,2016년 4월 5일 15시,화요일,인천광역시 부평구 부평동,경상사고,0,0,3,0,차대차 - 측면충돌,교차로운행방법위반,건조,맑음,교차로 - 교차로안,승용,남,23세,기타불명,승용,남,27세,경상
2016040500100388,2016년 4월 5일 15시,화요일,인천광역시 부평구 삼산동,경상사고,0,0,1,0,차대차 - 추돌,안전운전불이행,건조,맑음,교차로 - 교차로부근,원동기,남,20세,상해없음,이륜,남,26세,경상
2016040500100433,2016년 4월 5일 16시,화요일,인천광역시 중구 남북동,중상사고,0,3,0,0,차대차 - 기타,안전운전불이행,건조,맑음,단일로 - 기타,승용,여,55세,상해없음,승용,남,41세,중상
2016040500100434,2016년 4월 5일 16시,화요일,인천광역시 부평구 갈산동,중상사고,0,1,0,0,차대차 - 기타,안전운전불이행,건조,맑음,교차로 - 교차로부근,승용,여,57세,상해없음,승용,남,63세,상해없음
2016040500100478,2016년 4월 5일 17시,화요일,인천광역시 부평구 부평동,경상사고,0,0,1,0,차대차 - 측면직각충돌,안전운전불이행,건조,맑음,교차로 - 교차로부근,화물,남,35세,상해없음,자전거,남,42세,경상
2016040500100479,2016년 4월 5일 17시,화요일,인천광역시 부평구 부평동,경상사고,0,0,1,1,차대차 - 기타,기타,건조,맑음,단일로 - 기타,승합,남,51세,상해없음,원동기,남,42세,부상신고
2016040500100518,2016년 4월 5일 18시,화요일,인천광역시 동구 송림동,경상사고,0,0,2,2,차대차 - 측면충돌,안전운전불이행,건조,맑음,교차로 - 교차로안,승용,남,48세,상해없음,승용,남,41세,부상신고
2016040500100519,2016년 4월 5일 18시,화요일,인천광역시 남동구 구월동,경상사고,0,0,1,0,차대차 - 추돌,안전운전불이행,건조,맑음,단일로 - 기타,승용,여,43세,상해없음,승용,남,42세,경상
2016040500100554,2016년 4월 5일 19시,화요일,인천광역시 남구 용현동,부상신고사고,0,0,0,1,차대차 - 기타,안전거리미확보,건조,맑음,단일로 - 기타,승용,남,69세,상해없음,승용,남,29세,상해없음
2016040500100583,2016년 4월 5일 20시,화요일,인천광역시 남동구 논현동,중상사고,0,1,0,0,차대차 - 측면직각충돌,교차로운행방법위반,건조,맑음,교차로 - 교차로안,승용,여,25세,상해없음,원동기,남,45세,중상
2016040500100614,2016년 4월 5일 21시,화요일,인천광역시 계양구 계산동,중상사고,0,1,0,0,차대차 - 측면충돌,불법유턴,건조,맑음,교차로 - 교차로안,이륜,여,28세,중상,승합,남,50세,상해없음
2016040600100014,2016년 4월 6일 00시,수요일,인천광역시 연수구 송도동,경상사고,0,0,2,0,차대차 - 추돌,안전운전불이행,건조,맑음,교차로 - 교차로부근,승용,남,32세,상해없음,승용,남,62세,경상
2016040600100022,2016년 4월 6일 01시,수요일,인천광역시 서구 원창동,부상신고사고,0,0,0,1,차대차 - 기타,안전운전불이행,건조,맑음,단일로 - 기타,승용,남,32세,상해없음,승용,여,54세,부상신고
2016040600100051,2016년 4월 6일 05시,수요일,인천광역시 남동구 남촌동,중상사고,0,2,0,0,차대차 - 측면충돌,신호위반,건조,맑음,교차로 - 교차로안,화물,남,47세,중상,화물,남,32세,중상
2016040600100063,2016년 4월 6일 06시,수요일,인천광역시 중구 운서동,중상사고,0,9,26,2,차대차 - 측면직각충돌,안전운전불이행,건조,맑음,단일로 - 기타,승합,남,58세,중상,승용,남,24세,상해없음
2016040600100148,2016년 4월 6일 09시,수요일,인천광역시 남동구 장수동,부상신고사고,0,0,0,1,차대사람 - 기타,안전운전불이행,건조,맑음,단일로 - 기타,기타불명,기타불명,기타불명,기타불명,보행자,여,57세,부상신고
2016040600100175,2016년 4월 6일 10시,수요일,인천광역시 중구 운서동,중상사고,0,4,2,0,차대차 - 추돌,안전운전불이행,건조,맑음,단일로 - 기타,화물,남,68세,중상,화물,남,45세,경상
2016040600100176,2016년 4월 6일 10시,수요일,인천광역시 부평구 갈산동,경상사고,0,0,2,0,차대차 - 측면직각충돌,안전운전불이행,건조,맑음,단일로 - 교량,승용,남,59세,상해없음,승용,남,63세,경상
2016040600100205,2016년 4월 6일 11시,수요일,인천광역시 부평구 산곡동,중상사고,0,1,0,0,차대차 - 기타,안전운전불이행,건조,맑음,단일로 - 기타,화물,남,57세,상해없음,원동기,남,35세,중상
2016040600100236,2016년 4월 6일 12시,수요일,인천광역시 남동구 구월동,중상사고,0,1,0,0,차대차 - 측면충돌,안전거리미확보,건조,맑음,단일로 - 기타,승용,남,53세,상해없음,이륜,남,55세,중상
2016040600100303,2016년 4월 6일 14시,수요일,인천광역시 중구 신흥동3가,중상사고,0,3,2,0,차대차 - 추돌,안전운전불이행,건조,맑음,단일로 - 기타,승용,여,52세,상해없음,이륜,남,41세,중상
2016040600100331,2016년 4월 6일 15시,수요일,인천광역시 부평구 부평동,경상사고,0,0,1,0,차대차 - 추돌,안전운전불이행,건조,맑음,교차로 - 교차로안,승용,여,33세,상해없음,자전거,남,31세,경상
2016040600100377,2016년 4월 6일 16시,수요일,인천광역시 중구 전동,경상사고,0,0,1,0,차대사람 - 횡단중,신호위반,건조,맑음,단일로 - 기타,원동기,남,63세,기타불명,보행자,여,65세,경상
2016040600100378,2016년 4월 6일 16시,수요일,인천광역시 남동구 간석동,경상사고,0,0,1,0,차대사람 - 횡단중,안전운전불이행,건조,맑음,단일로 - 기타,승용,여,65세,상해없음,보행자,여,9세,경상
2016040600100379,2016년 4월 6일 16시,수요일,인천광역시 서구 석남동,경상사고,0,0,1,0,차대차 - 측면충돌,안전운전불이행,건조,맑음,교차로 - 교차로안,승용,남,48세,상해없음,이륜,남,37세,경상
2016040600100417,2016년 4월 6일 17시,수요일,인천광역시 부평구 청천동,중상사고,0,1,0,0,차대사람 - 기타,안전운전불이행,건조,맑음,단일로 - 기타,승용,남,36세,상해없음,보행자,여,69세,중상
2016040600100418,2016년 4월 6일 17시,수요일,인천광역시 남동구 만수동,중상사고,0,1,0,0,차대사람 - 횡단중,보행자보호의무위반,건조,맑음,단일로 - 횡단보도상,승용,남,63세,상해없음,보행자,여,63세,중상
2016040600100419,2016년 4월 6일 17시,수요일,인천광역시 남동구 고잔동,경상사고,0,0,1,0,차대차 - 정면충돌,중앙선침범,건조,맑음,단일로 - 기타,화물,남,52세,상해없음,승용,남,49세,경상
2016040600100420,2016년 4월 6일 17시,수요일,인천광역시 서구 검암동,중상사고,0,1,0,0,차대사람 - 차도통행중,안전운전불이행,건조,맑음,교차로 - 교차로안,기타불명,기타불명,기타불명,기타불명,보행자,여,41세,중상
2016040600100470,2016년 4월 6일 18시,수요일,인천광역시 부평구 부평동,경상사고,0,0,1,0,차대차 - 기타,안전운전불이행,건조,맑음,단일로 - 기타,승용,남,67세,상해없음,승용,남,37세,경상
2016040600100471,2016년 4월 6일 18시,수요일,인천광역시 서구 가좌동,경상사고,0,0,1,0,차대사람 - 차도통행중,안전운전불이행,건조,맑음,단일로 - 기타,화물,남,55세,상해없음,보행자,남,3세,경상
2016040600100517,2016년 4월 6일 19시,수요일,인천광역시 부평구 부평동,경상사고,0,0,3,0,차대차 - 기타,안전거리미확보,건조,맑음,단일로 - 기타,승용,남,45세,상해없음,승용,남,31세,경상
2016040600100518,2016년 4월 6일 19시,수요일,인천광역시 남동구 만수동,중상사고,0,1,0,0,차대사람 - 횡단중,안전운전불이행,건조,맑음,교차로 - 교차로부근,승용,여,28세,상해없음,보행자,남,64세,중상
2016040600100519,2016년 4월 6일 19시,수요일,인천광역시 계양구 작전동,사망사고,1,0,1,0,차대차 - 기타,신호위반,건조,맑음,교차로 - 교차로안,승용,남,19세,상해없음,이륜,남,45세,사망
2016040600100558,2016년 4월 6일 20시,수요일,인천광역시 남동구 구월동,중상사고,0,1,0,0,차대차 - 측면직각충돌,중앙선침범,건조,맑음,단일로 - 횡단보도상,기타불명,남,30세,중상,승용,남,28세,상해없음
2016040600100559,2016년 4월 6일 20시,수요일,인천광역시 서구 석남동,중상사고,0,1,0,0,차대사람 - 횡단중,안전운전불이행,건조,맑음,단일로 - 기타,승용,남,47세,상해없음,보행자,남,60세,중상
2016040600100560,2016년 4월 6일 20시,수요일,인천광역시 서구 공촌동,경상사고,0,0,1,0,차대차 - 추돌,안전운전불이행,건조,맑음,교차로 - 교차로부근,이륜,남,30세,상해없음,승용,남,49세,경상
2016040600100657,2016년 4월 6일 22시,수요일,인천광역시 남구 주안동,경상사고,0,0,1,0,차대사람 - 기타,안전운전불이행,건조,맑음,교차로 - 교차로부근,승용,남,27세,상해없음,보행자,여,59세,경상
2016040600100658,2016년 4월 6일 22시,수요일,인천광역시 남동구 논현동,경상사고,0,0,1,0,차대차 - 측면직각충돌,안전운전불이행,건조,맑음,교차로 - 교차로안,자전거,남,15세,경상,승용,남,50세,상해없음
2016040600100659,2016년 4월 6일 22시,수요일,인천광역시 서구 가좌동,중상사고,0,1,1,0,차대차 - 측면충돌,안전운전불이행,습기,비,교차로 - 교차로안,이륜,남,14세,경상,승용,남,58세,상해없음
2016040600100660,2016년 4월 6일 22시,수요일,인천광역시 서구 경서동,중상사고,0,2,0,0,차대차 - 측면충돌,안전거리미확보,습기,비,교차로 - 교차로부근,승용,여,60세,중상,화물,남,57세,중상
2016040600100721,2016년 4월 6일 23시,수요일,인천광역시 남동구 논현동,경상사고,0,0,2,0,차대차 - 측면충돌,신호위반,습기,비,단일로 - 기타,승용,남,23세,상해없음,승용,남,25세,경상
2016040600100722,2016년 4월 6일 23시,수요일,인천광역시 서구 경서동,경상사고,0,0,1,0,차대차 - 기타,안전운전불이행,건조,맑음,단일로 - 기타,승용,남,36세,상해없음,승용,여,53세,경상
2016040600100723,2016년 4월 6일 23시,수요일,인천광역시 부평구 일신동,경상사고,0,0,1,0,차대차 - 추돌,안전운전불이행,습기,비,단일로 - 기타,승용,남,43세,상해없음,승용,여,35세,경상
2016040700100031,2016년 4월 7일 00시,목요일,인천광역시 남동구 논현동,경상사고,0,0,3,0,차대차 - 측면충돌,안전거리미확보,건조,맑음,단일로 - 기타,승용,여,34세,상해없음,승용,여,37세,경상
2016040700100032,2016년 4월 7일 00시,목요일,인천광역시 서구 검암동,경상사고,0,0,2,0,차대차 - 기타,안전운전불이행,습기,비,교차로 - 교차로부근,승용,남,35세,상해없음,승용,남,58세,경상
2016040700100033,2016년 4월 7일 00시,목요일,인천광역시 부평구 부평동,중상사고,0,1,0,0,차대사람 - 길가장자리구역통행중,안전운전불이행,습기,비,교차로 - 교차로부근,승용,남,62세,상해없음,보행자,남,30세,중상
2016040700100080,2016년 4월 7일 02시,목요일,인천광역시 남구 주안동,경상사고,0,0,1,0,차대차 - 정면충돌,신호위반,습기,비,교차로 - 교차로안,승용,남,32세,기타불명,화물,남,27세,경상
2016040700100081,2016년 4월 7일 02시,목요일,인천광역시 계양구 작전동,경상사고,0,0,1,0,차대차 - 기타,안전운전불이행,적설,맑음,단일로 - 기타,승합,남,55세,상해없음,승용,남,55세,경상
2016040700100095,2016년 4월 7일 03시,목요일,인천광역시 부평구 부개동,중상사고,0,2,0,0,차대차 - 측면직각충돌,신호위반,습기,비,교차로 - 교차로안,승용,남,37세,상해없음,승용,남,50세,중상
2016040700100116,2016년 4월 7일 05시,목요일,인천광역시 부평구 부평동,중상사고,0,1,0,0,차대사람 - 횡단중,안전운전불이행,습기,맑음,단일로 - 기타,이륜,남,23세,상해없음,보행자,여,64세,중상
2016040700100117,2016년 4월 7일 05시,목요일,인천광역시 서구 공촌동,경상사고,0,0,1,0,차대차 - 추돌,안전운전불이행,건조,맑음,단일로 - 기타,승용,남,29세,상해없음,승용,남,60세,경상
2016040700100166,2016년 4월 7일 07시,목요일,인천광역시 부평구 부평동,경상사고,0,0,1,1,차대차 - 기타,중앙선침범,건조,맑음,교차로 - 교차로부근,승용,남,52세,상해없음,승용,남,56세,경상
2016040700100205,2016년 4월 7일 08시,목요일,인천광역시 서구 금곡동,중상사고,0,1,0,0,차대차 - 기타,안전운전불이행,건조,맑음,단일로 - 기타,화물,남,36세,상해없음,원동기,남,46세,중상
2016040700100206,2016년 4월 7일 08시,목요일,인천광역시 부평구 부개동,중상사고,0,1,0,0,차대사람 - 횡단중,보행자보호의무위반,건조,맑음,교차로 - 교차로안,승용,남,35세,상해없음,보행자,남,12세,중상
2016040700100242,2016년 4월 7일 09시,목요일,인천광역시 계양구 작전동,부상신고사고,0,0,0,1,차대차 - 정면충돌,중앙선침범,건조,맑음,교차로 - 교차로안,자전거,여,76세,부상신고,승합,남,60세,상해없음
2016040700100412,2016년 4월 7일 15시,목요일,인천광역시 부평구 산곡동,부상신고사고,0,0,0,4,차대차 - 측면충돌,신호위반,건조,맑음,교차로 - 교차로안,승합,남,74세,상해없음,승합,남,25세,부상신고
2016040700100413,2016년 4월 7일 15시,목요일,인천광역시 서구 연희동,경상사고,0,0,1,0,차대차 - 측면충돌,안전운전불이행,건조,맑음,단일로 - 기타,자전거,여,64세,경상,승합,여,54세,상해없음
2016040700100441,2016년 4월 7일 16시,목요일,인천광역시 부평구 부평동,경상사고,0,0,1,0,차대사람 - 횡단중,보행자보호의무위반,건조,맑음,단일로 - 횡단보도상,승용,남,30세,상해없음,보행자,남,11세,경상
2016040700100442,2016년 4월 7일 16시,목요일,인천광역시 계양구 박촌동,중상사고,0,1,0,0,차대차 - 측면충돌,안전운전불이행,건조,맑음,단일로 - 횡단보도부근,건설기계,남,61세,상해없음,자전거,남,52세,중상