사고번호,사고일시,요일,시군구,사고내용,사망자수,중상자수,경상자수,부상신고자수,사고유형,법규위반,노면상태,기상상태,도로형태,가해운전자 차종,가해운전자 성별,가해운전자 연령,가해운전자 상해정도,피해운전자 차종,피해운전자 성별,피해운전자 연령,피해운전자 상해정도
2016041300100047,2016년 4월 13일 01시,수요일,인천광역시 남구 학익동,경상사고,0,0,6,0,차대차 - 추돌,안전운전불이행,건조,맑음,단일로 - 기타,승용,남,40세,경상,승용,남,50세,경상
2016041300100048,2016년 4월 13일 01시,수요일,인천광역시 부평구 부평동,경상사고,0,0,2,0,차대차 - 추돌,안전운전불이행,건조,맑음,단일로 - 기타,승용,남,30세,상해없음,승용,남,63세,경상
2016041300100066,2016년 4월 13일 02시,수요일,인천광역시 동구 송림동,부상신고사고,0,0,0,1,차대차 - 추돌,안전운전불이행,습기,비,교차로 - 교차로부근,승용,남,32세,상해없음,승용,남,62세,부상신고
2016041300100117,2016년 4월 13일 05시,수요일,인천광역시 남동구 간석동,경상사고,0,0,1,0,차대차 - 추돌,중앙선침범,습기,비,단일로 - 기타,승용,남,29세,상해없음,승용,남,48세,경상
2016041300100138,2016년 4월 13일 06시,수요일,인천광역시 부평구 청천동,경상사고,0,0,1,0,차대차 - 추돌,안전운전불이행,습기,비,단일로 - 기타,승용,남,26세,상해없음,승용,남,60세,경상
2016041300100241,2016년 4월 13일 10시,수요일,인천광역시 서구 신현동,경상사고,0,0,1,0,차대차 - 측면충돌,안전운전불이행,건조,맑음,단일로 - 기타,자전거,남,15세,경상,승용,남,59세,기타불명
2016041300100242,2016년 4월 13일 10시,수요일,인천광역시 계양구 용종동,경상사고,0,0,1,0,차대차 - 정면충돌,안전운전불이행,건조,맑음,교차로 - 교차로안,자전거,남,10세,경상,승용,남,44세,상해없음
2016041300100243,2016년 4월 13일 10시,수요일,인천광역시 강화군 길상면,중상사고,0,1,3,0,차대차 - 추돌,안전운전불이행,건조,맑음,단일로 - 기타,승용,남,39세,상해없음,승용,남,44세,경상
2016041300100313,2016년 4월 13일 12시,수요일,인천광역시 강화군 길상면,중상사고,0,1,0,0,차대차 - 측면충돌,중앙선침범,건조,맑음,단일로 - 기타,승용,남,44세,상해없음,이륜,남,78세,중상
2016041300100367,2016년 4월 13일 14시,수요일,인천광역시 계양구 귤현동,경상사고,0,0,1,0,차대차 - 측면직각충돌,신호위반,건조,맑음,교차로 - 교차로부근,화물,남,47세,상해없음,자전거,남,81세,경상
2016041300100402,2016년 4월 13일 15시,수요일,인천광역시 강화군 양도면,중상사고,0,1,0,0,차량단독 - 전도전복,안전운전불이행,건조,맑음,단일로 - 기타,농기계,남,67세,중상,,,,
2016041300100403,2016년 4월 13일 15시,수요일,인천광역시 연수구 송도동,경상사고,0,0,2,0,차대차 - 측면직각충돌,안전운전불이행,건조,맑음,단일로 - 기타,승용,남,52세,상해없음,화물,남,25세,경상
2016041300100433,2016년 4월 13일 16시,수요일,인천광역시 부평구 갈산동,경상사고,0,0,1,0,차대차 - 추돌,안전운전불이행,건조,맑음,교차로 - 교차로부근,승용,남,49세,상해없음,승용,남,52세,경상
2016041300100434,2016년 4월 13일 16시,수요일,인천광역시 중구 운북동,경상사고,0,0,1,0,차대차 - 측면직각충돌,안전운전불이행,건조,맑음,단일로 - 기타,승용,남,64세,상해없음,승용,남,54세,경상
2016041300100481,2016년 4월 13일 17시,수요일,인천광역시 서구 가정동,중상사고,0,1,0,0,차대사람 - 횡단중,안전운전불이행,건조,맑음,단일로 - 기타,원동기,남,18세,상해없음,보행자,여,64세,중상
2016041300100522,2016년 4월 13일 18시,수요일,인천광역시 남구 주안동,경상사고,0,0,1,0,차대사람 - 기타,기타,건조,맑음,단일로 - 기타,승합,남,61세,상해없음,보행자,여,57세,경상
2016041300100523,2016년 4월 13일 18시,수요일,인천광역시 남동구 간석동,중상사고,0,1,0,0,차대사람 - 횡단중,안전운전불이행,건조,맑음,단일로 - 기타,승용,여,58세,상해없음,보행자,남,4세,중상
2016041300100524,2016년 4월 13일 18시,수요일,인천광역시 서구 가좌동,경상사고,0,0,1,0,차대차 - 기타,안전운전불이행,건조,맑음,교차로 - 교차로부근,승합,여,49세,기타불명,승용,남,47세,경상
2016041300100525,2016년 4월 13일 18시,수요일,인천광역시 서구 가좌동,경상사고,0,0,1,0,차대차 - 측면충돌,교차로운행방법위반,건조,맑음,교차로 - 교차로안,승용,남,57세,기타불명,승용,여,34세,경상
2016041300100576,2016년 4월 13일 20시,수요일,인천광역시 남동구 간석동,중상사고,0,1,3,0,차대차 - 측면충돌,차로위반,건조,맑음,단일로 - 기타,승용,남,56세,상해없음,승용,남,18세,경상
2016041300100577,2016년 4월 13일 20시,수요일,인천광역시 서구 마전동,중상사고,0,1,0,0,차대사람 - 차도통행중,안전운전불이행,건조,맑음,교차로 - 교차로안,승용,남,53세,상해없음,보행자,남,50세,중상
2016041300100602,2016년 4월 13일 21시,수요일,인천광역시 부평구 부평동,중상사고,0,1,0,0,차대차 - 측면직각충돌,신호위반,건조,맑음,교차로 - 교차로부근,승용,여,41세,상해없음,원동기,남,19세,중상
2016041300100623,2016년 4월 13일 22시,수요일,인천광역시 연수구 연수동,경상사고,0,0,2,0,차대차 - 추돌,안전운전불이행,건조,맑음,단일로 - 기타,승용,남,33세,상해없음,승용,남,50세,경상
2016041400100021,2016년 4월 14일 01시,목요일,인천광역시 강화군 강화읍,경상사고,0,0,1,0,차대차 - 측면충돌,안전운전불이행,건조,맑음,교차로 - 교차로안,이륜,남,16세,경상,승용,남,53세,상해없음
2016041400100163,2016년 4월 14일 09시,목요일,인천광역시 남구 관교동,경상사고,0,0,1,0,차대차 - 기타,교차로운행방법위반,건조,맑음,교차로 - 교차로안,승용,남,73세,상해없음,승합,남,45세,상해없음
2016041400100196,2016년 4월 14일 10시,목요일,인천광역시 남구 도화동,경상사고,0,0,1,0,차대차 - 기타,안전운전불이행,건조,맑음,교차로 - 교차로안,승용,여,35세,상해없음,승용,여,51세,경상
2016041400100197,2016년 4월 14일 10시,목요일,인천광역시 계양구 작전동,중상사고,0,1,0,0,차대사람 - 기타,안전운전불이행,건조,맑음,교차로 - 교차로부근,이륜,남,46세,상해없음,보행자,여,62세,중상
2016041400100229,2016년 4월 14일 11시,목요일,인천광역시 연수구 연수동,경상사고,0,0,2,0,차대차 - 추돌,안전운전불이행,건조,맑음,교차로 - 교차로부근,승용,남,39세,상해없음,승합,남,63세,경상
2016041400100254,2016년 4월 14일 12시,목요일,인천광역시 서구 가정동,부상신고사고,0,0,0,2,차대차 - 측면직각충돌,안전거리미확보,건조,맑음,단일로 - 기타,기타불명,기타불명,기타불명,기타불명,승용,남,45세,부상신고
2016041400100304,2016년 4월 14일 14시,목요일,인천광역시 남동구 서창동,경상사고,0,0,2,0,차대차 - 측면직각충돌,기타,건조,맑음,단일로 - 기타,건설기계,남,63세,상해없음,승용,여,60세,경상
2016041400100346,2016년 4월 14일 15시,목요일,인천광역시 서구 불로동,중상사고,0,1,0,0,차대사람 - 기타,안전운전불이행,건조,맑음,단일로 - 기타,승용,남,32세,상해없음,보행자,남,7세,중상
2016041400100391,2016년 4월 14일 16시,목요일,인천광역시 남구 관교동,중상사고,0,1,0,0,차량단독 - 기타,안전운전불이행,건조,맑음,단일로 - 기타,승합,남,56세,상해없음,,,,
2016041400100392,2016년 4월 14일 16시,목요일,인천광역시 부평구 삼산동,경상사고,0,0,1,0,차대사람 - 기타,안전운전불이행,건조,맑음,교차로 - 교차로안,승합,여,54세,상해없음,보행자,여,58세,경상
2016041400100479,2016년 4월 14일 18시,목요일,인천광역시 남동구 고잔동,중상사고,0,1,0,0,차량단독 - 공작물충돌,안전운전불이행,건조,맑음,교차로 - 교차로안,승합,남,63세,상해없음,,,,
2016041400100518,2016년 4월 14일 19시,목요일,인천광역시 남동구 논현동,경상사고,0,0,1,0,차대차 - 측면직각충돌,안전거리미확보,건조,맑음,단일로 - 기타,승용,남,56세,상해없음,이륜,남,21세,경상
2016041400100519,2016년 4월 14일 19시,목요일,인천광역시 남동구 논현동,경상사고,0,0,1,0,차대차 - 측면직각충돌,기타,건조,맑음,단일로 - 기타,승합,남,54세,상해없음,자전거,남,23세,상해없음
2016041400100544,2016년 4월 14일 20시,목요일,인천광역시 부평구 부평동,경상사고,0,0,1,0,차대차 - 추돌,안전거리미확보,건조,맑음,단일로 - 기타,승용,여,44세,상해없음,이륜,남,24세,경상
2016041400100577,2016년 4월 14일 21시,목요일,인천광역시 중구 북성동1가,경상사고,0,0,5,0,차대차 - 측면직각충돌,교차로운행방법위반,건조,맑음,교차로 - 교차로안,승용,남,50세,상해없음,승용,남,24세,상해없음
2016041400100578,2016년 4월 14일 21시,목요일,인천광역시 남동구 구월동,경상사고,0,0,2,0,차대차 - 추돌,안전운전불이행,건조,맑음,단일로 - 기타,승용,남,53세,경상,승용,남,47세,경상
2016041400100603,2016년 4월 14일 22시,목요일,인천광역시 남동구 도림동,중상사고,0,1,0,0,차대차 - 측면충돌,안전운전불이행,건조,맑음,단일로 - 기타,승용,남,44세,상해없음,승용,남,55세,중상
2016041400100604,2016년 4월 14일 22시,목요일,인천광역시 서구 연희동,경상사고,0,0,1,0,차대차 - 추돌,안전운전불이행,건조,맑음,교차로 - 교차로부근,화물,남,61세,상해없음,승용,여,53세,경상
2016041400100631,2016년 4월 14일 23시,목요일,인천광역시 중구 북성동1가,중상사고,0,4,0,0,차대차 - 정면충돌,중앙선침범,건조,맑음,교차로 - 교차로부근,승합,남,53세,상해없음,승합,남,60세,중상
2016041400100632,2016년 4월 14일 23시,목요일,인천광역시 중구 운서동,경상사고,0,0,1,0,차대차 - 기타,안전운전불이행,습기,안개,단일로 - 기타,승용,남,65세,상해없음,승용,남,49세,경상
2016041400100633,2016년 4월 14일 23시,목요일,인천광역시 남동구 남촌동,중상사고,0,1,0,0,차대차 - 측면직각충돌,신호위반,건조,맑음,교차로 - 교차로안,이륜,남,51세,중상,화물,남,33세,상해없음
2016041400100634,2016년 4월 14일 23시,목요일,인천광역시 남동구 논현동,사망사고,1,0,0,0,차대사람 - 횡단중,안전운전불이행,건조,맑음,단일로 - 횡단보도상,승용,남,28세,상해없음,보행자,남,36세,사망
2016041400100635,2016년 4월 14일 23시,목요일,인천광역시 남동구 간석동,경상사고,0,0,2,0,차대사람 - 횡단중,신호위반,건조,맑음,단일로 - 횡단보도상,승용,남,58세,상해없음,보행자,남,73세,경상
2016041500100019,2016년 4월 15일 00시,금요일,인천광역시 부평구 청천동,중상사고,0,1,0,1,차대차 - 측면충돌,신호위반,건조,맑음,교차로 - 교차로안,원동기,남,43세,부상신고,자전거,남,46세,중상
2016041500100020,2016년 4월 15일 00시,금요일,인천광역시 서구 마전동,중상사고,0,1,0,0,차대사람 - 기타,기타,건조,맑음,단일로 - 기타,승합,남,44세,기타불명,보행자,남,60세,중상
2016041500100051,2016년 4월 15일 03시,금요일,인천광역시 연수구 동춘동,중상사고,0,1,0,0,차대차 - 추돌,안전운전불이행,습기,안개,단일로 - 기타,승용,남,52세,상해없음,승용,남,73세,상해없음
2016041500100074,2016년 4월 15일 05시,금요일,인천광역시 계양구 작전동,중상사고,0,1,1,0,차대차 - 기타,안전운전불이행,건조,맑음,교차로 - 교차로안,승용,여,35세,상해없음,승합,남,46세,중상
2016041500100209,2016년 4월 15일 10시,금요일,인천광역시 남구 도화동,경상사고,0,0,1,0,차대사람 - 기타,안전운전불이행,건조,맑음,단일로 - 기타,승용,남,29세,상해없음,보행자,여,49세,경상
2016041500100210,2016년 4월 15일 10시,금요일,인천광역시 부평구 청천동,경상사고,0,0,1,0,차대차 - 추돌,안전거리미확보,건조,맑음,단일로 - 기타,승용,남,41세,상해없음,승용,여,52세,경상
2016041500100211,2016년 4월 15일 10시,금요일,인천광역시 계양구 계산동,부상신고사고,0,0,0,1,차대차 - 추돌,안전거리미확보,건조,맑음,단일로 - 기타,승용,여,25세,부상신고,화물,남,58세,상해없음
2016041500100236,2016년 4월 15일 11시,금요일,인천광역시 중구 신흥동3가,경상사고,0,0,1,0,차대사람 - 기타,안전운전불이행,건조,맑음,교차로 - 교차로부근,화물,남,58세,상해없음,보행자,남,70세,경상
2016041500100302,2016년 4월 15일 13시,금요일,인천광역시 남구 주안동,경상사고,0,0,1,0,차대차 - 기타,신호위반,건조,맑음,교차로 - 교차로안,승용,여,54세,상해없음,승용,남,57세,경상
2016041500100378,2016년 4월 15일 15시,금요일,인천광역시 부평구 십정동,경상사고,0,0,1,0,차량단독 - 기타,안전운전불이행,건조,맑음,단일로 - 기타,승용,남,51세,상해없음,,,,
2016041500100379,2016년 4월 15일 15시,금요일,인천광역시 계양구 계산동,중상사고,0,1,0,1,차대차 - 정면충돌,신호위반,건조,맑음,교차로 - 교차로안,자전거,남,13세,부상신고,자전거,남,10세,중상
2016041500100476,2016년 4월 15일 17시,금요일,인천광역시 남구 주안동,중상사고,0,1,0,0,차대차 - 추돌,안전운전불이행,건조,맑음,교차로 - 교차로부근,승용,남,66세,상해없음,자전거,남,35세,중상
2016041500100477,2016년 4월 15일 17시,금요일,인천광역시 남동구 간석동,경상사고,0,0,2,0,차대차 - 추돌,안전운전불이행,건조,맑음,단일로 - 기타,승용,남,41세,상해없음,승용,남,34세,경상
2016041500100478,2016년 4월 15일 17시,금요일,인천광역시 서구 왕길동,중상사고,0,1,0,0,차대차 - 기타,안전운전불이행,건조,맑음,교차로 - 교차로부근,화물,남,57세,상해없음,화물,여,55세,중상
2016041500100514,2016년 4월 15일 18시,금요일,인천광역시 부평구 산곡동,중상사고,0,1,0,0,차대차 - 기타,안전운전불이행,건조,맑음,단일로 - 기타,승용,남,77세,중상,화물,남,61세,상해없음
2016041500100515,2016년 4월 15일 18시,금요일,인천광역시 서구 경서동,중상사고,0,1,2,0,차대차 - 정면충돌,신호위반,건조,맑음,교차로 - 교차로안,이륜,남,39세,중상,승용,여,53세,경상
2016041500100568,2016년 4월 15일 19시,금요일,인천광역시 남구 주안동,경상사고,0,0,1,0,차대차 - 추돌,안전운전불이행,건조,맑음,미분류 - 미분류,승용,남,56세,상해없음,승용,남,52세,경상
2016041500100569,2016년 4월 15일 19시,금요일,인천광역시 계양구 작전동,경상사고,0,0,1,0,차대차 - 측면충돌,안전운전불이행,건조,맑음,교차로 - 교차로부근,건설기계,남,52세,상해없음,승용,여,33세,경상
2016041500100610,2016년 4월 15일 20시,금요일,인천광역시 동구 화평동,중상사고,0,7,1,0,차대차 - 기타,신호위반,건조,맑음,교차로 - 교차로안,승용,여,45세,경상,승용,남,35세,중상
2016041500100611,2016년 4월 15일 20시,금요일,인천광역시 서구 신현동,경상사고,0,0,2,0,차량단독 - 기타,안전운전불이행,건조,맑음,단일로 - 기타,승합,남,51세,상해없음,,,,
2016041500100612,2016년 4월 15일 20시,금요일,인천광역시 부평구 갈산동,경상사고,0,0,3,0,차대차 - 추돌,안전운전불이행,건조,맑음,단일로 - 기타,승용,남,52세,상해없음,승합,남,49세,경상
2016041500100644,2016년 4월 15일 21시,금요일,인천광역시 동구 송림동,경상사고,0,0,2,0,차대사람 - 횡단중,안전운전불이행,건조,맑음,단일로 - 기타,화물,남,66세,상해없음,보행자,남,60세,경상
2016041500100681,2016년 4월 15일 22시,금요일,인천광역시 남구 주안동,중상사고,0,1,0,0,차대사람 - 길가장자리구역통행중,안전운전불이행,건조,맑음,단일로 - 기타,승용,남,36세,상해없음,보행자,여,63세,중상
2016041500100682,2016년 4월 15일 22시,금요일,인천광역시 계양구 계산동,중상사고,0,1,0,0,차대사람 - 횡단중,안전운전불이행,건조,맑음,단일로 - 횡단보도부근,승용,남,44세,상해없음,보행자,남,5세,중상
2016041500100683,2016년 4월 15일 22시,금요일,인천광역시 연수구 송도동,중상사고,0,1,0,0,차대사람 - 횡단중,안전운전불이행,건조,맑음,교차로 - 교차로안,승용,여,43세,상해없음,보행자,남,64세,중상
2016041500100684,2016년 4월 15일 22시,금요일,인천광역시 부평구 삼산동,경상사고,0,0,1,0,차대차 - 측면직각충돌,중앙선침범,건조,맑음,단일로 - 기타,자전거,남,15세,경상,승용,여,29세,상해없음
2016041500100715,2016년 4월 15일 23시,금요일,인천광역시 서구 마전동,중상사고,0,1,0,0,차대사람 - 횡단중,안전운전불이행,건조,맑음,단일로 - 기타,화물,남,50세,상해없음,보행자,남,47세,중상
2016041600100013,2016년 4월 16일 00시,토요일,인천광역시 남동구 구월동,중상사고,0,1,3,0,차대차 - 측면직각충돌,안전운전불이행,건조,맑음,교차로 - 교차로안,승용,남,55세,상해없음,승용,남,63세,중상
2016041600100014,2016년 4월 16일 00시,토요일,인천광역시 계양구 작전동,중상사고,0,2,2,1,차대차 - 측면직각충돌,신호위반,건조,맑음,교차로 - 교차로안,승용,남,59세,상해없음,승용,남,61세,중상
2016041600100045,2016년 4월 16일 01시,토요일,인천광역시 남동구 만수동,경상사고,0,0,2,0,차대차 - 추돌,안전운전불이행,건조,맑음,단일로 - 기타,승용,남,31세,상해없음,승합,남,50세,경상
2016041600100046,2016년 4월 16일 01시,토요일,인천광역시 서구 공촌동,중상사고,0,1,1,0,차대차 - 측면충돌,신호위반,건조,맑음,교차로 - 교차로안,이륜,남,17세,상해없음,승용,남,54세,상해없음
2016041600100047,2016년 4월 16일 01시,토요일,인천광역시 연수구 연수동,경상사고,0,0,1,0,차대차 - 기타,신호위반,건조,맑음,교차로 - 교차로안,이륜,남,31세,상해없음,승용,남,54세,경상
2016041600100092,2016년 4월 16일 04시,토요일,인천광역시 연수구 연수동,경상사고,0,0,2,0,차대차 - 측면직각충돌,안전운전불이행,건조,맑음,교차로 - 교차로안,승용,여,41세,상해없음,승용,남,47세,경상
2016041600100102,2016년 4월 16일 05시,토요일,인천광역시 남동구 구월동,경상사고,0,0,1,0,차대차 - 측면충돌,안전운전불이행,건조,맑음,단일로 - 기타,승용,남,36세,상해없음,승용,남,61세,경상
2016041600100215,2016년 4월 16일 10시,토요일,인천광역시 중구 항동7가,경상사고,0,0,1,0,차대차 - 기타,기타,건조,맑음,단일로 - 기타,화물,남,43세,상해없음,화물,남,49세,경상
2016041600100258,2016년 4월 16일 11시,토요일,인천광역시 중구 신흥동3가,중상사고,0,1,0,0,차대차 - 기타,안전운전불이행,건조,맑음,기타 - 기타,화물,남,57세,상해없음,이륜,남,82세,중상
2016041600100259,2016년 4월 16일 11시,토요일,인천광역시 계양구 임학동,중상사고,0,1,0,0,차대차 - 측면충돌,기타,건조,맑음,교차로 - 교차로안,이륜,남,21세,중상,화물,남,38세,상해없음
2016041600100260,2016년 4월 16일 11시,토요일,인천광역시 연수구 동춘동,경상사고,0,0,1,0,차대차 - 기타,안전운전불이행,건조,맑음,교차로 - 교차로안,기타불명,기타불명,기타불명,기타불명,자전거,여,58세,경상
2016041600100261,2016년 4월 16일 11시,토요일,인천광역시 부평구 부평동,중상사고,0,1,0,0,차대사람 - 기타,안전운전불이행,습기,흐림,단일로 - 기타,승용,여,42세,상해없음,보행자,여,23세,중상
2016041600100287,2016년 4월 16일 12시,토요일,인천광역시 서구 석남동,경상사고,0,0,2,0,차대차 - 측면충돌,안전운전불이행,건조,맑음,단일로 - 기타,승용,여,32세,상해없음,승용,여,52세,경상
2016041600100288,2016년 4월 16일 12시,토요일,인천광역시 남구 학익동,중상사고,0,1,2,0,차대차 - 추돌,안전운전불이행,건조,맑음,단일로 - 기타,승용,남,31세,상해없음,승용,여,29세,중상
2016041600100317,2016년 4월 16일 13시,토요일,인천광역시 남구 용현동,경상사고,0,0,2,1,차대차 - 측면직각충돌,안전운전불이행,건조,맑음,교차로 - 교차로부근,화물,남,51세,상해없음,승용,여,44세,경상
2016041600100318,2016년 4월 16일 13시,토요일,인천광역시 강화군 하점면,경상사고,0,0,1,0,차대사람 - 길가장자리구역통행중,안전운전불이행,습기,비,단일로 - 기타,승용,남,39세,상해없음,보행자,여,45세,경상
2016041600100358,2016년 4월 16일 14시,토요일,인천광역시 남동구 남촌동,경상사고,0,0,6,0,차대차 - 측면직각충돌,안전거리미확보,건조,맑음,단일로 - 기타,화물,남,60세,상해없음,승용,여,26세,경상
2016041600100391,2016년 4월 16일 15시,토요일,인천광역시 남동구 구월동,경상사고,0,0,1,0,차대차 - 추돌,안전운전불이행,건조,흐림,단일로 - 기타,승용,여,51세,상해없음,승합,남,58세,경상
2016041600100392,2016년 4월 16일 15시,토요일,인천광역시 서구 검암동,경상사고,0,0,1,0,차대차 - 측면직각충돌,안전운전불이행,건조,맑음,교차로 - 교차로안,승용,남,51세,상해없음,자전거,남,22세,경상
2016041600100393,2016년 4월 16일 15시,토요일,인천광역시 서구 석남동,경상사고,0,0,1,0,차대차 - 기타,안전운전불이행,건조,맑음,단일로 - 기타,승용,남,56세,기타불명,화물,남,35세,경상
2016041600100427,2016년 4월 16일 16시,토요일,인천광역시 연수구 옥련동,경상사고,0,0,2,0,차대차 - 기타,안전운전불이행,건조,맑음,단일로 - 기타,승용,남,41세,상해없음,승용,남,57세,상해없음
2016041600100467,2016년 4월 16일 17시,토요일,인천광역시 동구 화수동,경상사고,0,0,1,0,차대차 - 측면직각충돌,안전운전불이행,습기,비,교차로 - 교차로안,승용,남,58세,상해없음,이륜,남,48세,경상
2016041600100468,2016년 4월 16일 17시,토요일,인천광역시 계양구 장기동,경상사고,0,0,1,0,차대사람 - 횡단중,안전운전불이행,습기,비,단일로 - 기타,승용,여,42세,상해없음,보행자,남,7세,경상
2016041600100560,2016년 4월 16일 19시,토요일,인천광역시 서구 심곡동,경상사고,0,0,1,0,차대사람 - 기타,안전운전불이행,습기,비,단일로 - 기타,승용,여,33세,상해없음,보행자,남,32세,경상
2016041600100561,2016년 4월 16일 19시,토요일,인천광역시 연수구 송도동,경상사고,0,0,3,0,차대차 - 측면충돌,안전운전불이행,습기,비,교차로 - 교차로부근,승용,남,50세,상해없음,승용,남,36세,경상
2016041600100626,2016년 4월 16일 20시,토요일,인천광역시 중구 운서동,경상사고,0,0,5,0,차대차 - 추돌,안전운전불이행,습기,비,교차로 - 교차로부근,승용,남,43세,상해없음,승용,남,51세,경상
2016041600100627,2016년 4월 16일 20시,토요일,인천광역시 동구 송림동,경상사고,0,0,1,0,차대사람 - 횡단중,신호위반,습기,비,단일로 - 횡단보도상,이륜,남,21세,상해없음,보행자,여,43세,경상
2016041600100628,2016년 4월 16일 20시,토요일,인천광역시 남구 도화동,경상사고,0,0,2,0,차대차 - 추돌,안전운전불이행,습기,비,단일로 - 기타,승용,남,56세,상해없음,승용,남,36세,경상
2016041600100629,2016년 4월 16일 20시,토요일,인천광역시 연수구 연수동,경상사고,0,0,2,0,차대차 - 추돌,안전운전불이행,습기,비,단일로 - 기타,승용,남,29세,상해없음,승용,남,29세,경상
2016041600100692,2016년 4월 16일 21시,토요일,인천광역시 남구 도화동,경상사고,0,0,1,0,차대차 - 추돌,중앙선침범,습기,비,교차로 - 교차로부근,승용,남,56세,상해없음,승용,남,49세,경상
2016041600100693,2016년 4월 16일 21시,토요일,인천광역시 서구 가정동,경상사고,0,0,1,0,차량단독 - 전도전복,안전운전불이행,습기,비,단일로 - 기타,승용,남,48세,상해없음,,,,
2016041600100694,2016년 4월 16일 21시,토요일,인천광역시 서구 검암동,경상사고,0,0,2,0,차대차 - 측면충돌,안전운전불이행,건조,맑음,교차로 - 교차로부근,승용,남,36세,경상,승용,여,62세,경상
2016041600100759,2016년 4월 16일 22시,토요일,인천광역시 남구 용현동,경상사고,0,0,1,0,차대차 - 추돌,안전운전불이행,습기,비,단일로 - 기타,승용,남,54세,상해없음,승용,남,22세,경상
2016041600100760,2016년 4월 16일 22시,토요일,인천광역시 남구 주안동,중상사고,0,1,0,0,차대사람 - 기타,안전운전불이행,습기,비,단일로 - 기타,이륜,남,16세,상해없음,보행자,여,54세,중상
2016041600100761,2016년 4월 16일 22시,토요일,인천광역시 연수구 연수동,경상사고,0,0,2,0,차대차 - 추돌,안전운전불이행,습기,비,단일로 - 기타,승용,남,31세,상해없음,승용,남,66세,경상
2016041600100804,2016년 4월 16일 23시,토요일,인천광역시 중구 운서동,중상사고,0,1,0,0,차량단독 - 전도전복,과속,건조,맑음,단일로 - 기타,승용,남,43세,상해없음,,,,
2016041600100805,2016년 4월 16일 23시,토요일,인천광역시 남구 학익동,경상사고,0,0,2,0,차대차 - 추돌,안전운전불이행,적설,흐림,단일로 - 기타,승용,남,38세,상해없음,승용,여,29세,경상
2016041600100806,2016년 4월 16일 23시,토요일,인천광역시 부평구 삼산동,중상사고,0,1,0,0,차대사람 - 횡단중,안전운전불이행,습기,비,교차로 - 교차로부근,승용,남,56세,상해없음,보행자,남,37세,중상
2016041700100044,2016년 4월 17일 00시,일요일,인천광역시 남구 주안동,경상사고,0,0,1,0,차대차 - 추돌,안전운전불이행,습기,비,교차로 - 교차로부근,승용,남,51세,상해없음,승용,남,23세,경상
2016041700100045,2016년 4월 17일 00시,일요일,인천광역시 부평구 십정동,경상사고,0,0,1,0,차대사람 - 횡단중,신호위반,습기,비,교차로 - 교차로부근,승용,남,49세,상해없음,보행자,여,18세,경상
2016041700100046,2016년 4월 17일 00시,일요일,인천광역시 부평구 청천동,중상사고,0,2,0,0,차대차 - 측면직각충돌,신호위반,건조,맑음,교차로 - 교차로안,기타불명,기타불명,기타불명,기타불명,승용,여,58세,중상
2016041700100047,2016년 4월 17일 00시,일요일,인천광역시 부평구 십정동,경상사고,0,0,1,0,차대사람 - 기타,안전운전불이행,습기,비,단일로 - 기타,기타불명,기타불명,기타불명,기타불명,보행자,남,26세,경상
2016041700100088,2016년 4월 17일 01시,일요일,인천광역시 서구 연희동,경상사고,0,0,1,0,차대차 - 정면충돌,중앙선침범,습기,비,단일로 - 기타,승용,남,51세,상해없음,승용,남,25세,경상
2016041700100089,2016년 4월 17일 01시,일요일,인천광역시 연수구 옥련동,경상사고,0,0,1,0,차대차 - 측면충돌,중앙선침범,건조,맑음,교차로 - 교차로안,승용,남,32세,기타불명,승용,여,40세,경상
2016041700100118,2016년 4월 17일 02시,일요일,인천광역시 남구 용현동,경상사고,0,0,1,0,차대차 - 측면충돌,중앙선침범,적설,비,단일로 - 기타,승용,남,61세,상해없음,승용,남,54세,경상
2016041700100119,2016년 4월 17일 02시,일요일,인천광역시 서구 당하동,중상사고,0,1,1,0,차대사람 - 횡단중,보행자보호의무위반,습기,비,단일로 - 횡단보도상,이륜,남,33세,기타불명,보행자,여,40세,중상
2016041700100120,2016년 4월 17일 02시,일요일,인천광역시 부평구 갈산동,경상사고,0,0,1,0,차대차 - 추돌,안전운전불이행,습기,비,단일로 - 기타,승용,남,26세,상해없음,승용,남,59세,경상
2016041700100138,2016년 4월 17일 03시,일요일,인천광역시 연수구 청학동,경상사고,0,0,1,0,차대차 - 추돌,안전운전불이행,습기,비,교차로 - 교차로부근,승용,남,26세,상해없음,승용,남,65세,경상
2016041700100149,2016년 4월 17일 04시,일요일,인천광역시 남동구 만수동,중상사고,0,1,0,0,차대사람 - 횡단중,안전운전불이행,습기,비,단일로 - 기타,승용,남,67세,상해없음,보행자,여,57세,중상
2016041700100150,2016년 4월 17일 04시,일요일,인천광역시 계양구 효성동,경상사고,0,0,1,1,차대차 - 측면직각충돌,신호위반,습기,비,교차로 - 교차로안,승용,남,49세,부상신고,승용,남,59세,경상
2016041700100165,2016년 4월 17일 05시,일요일,인천광역시 계양구 용종동,경상사고,0,0,1,0,차대차 - 측면충돌,안전운전불이행,습기,비,단일로 - 기타,승용,남,27세,상해없음,승합,여,45세,상해없음