사고번호,사고일시,요일,시군구,사고내용,사망자수,중상자수,경상자수,부상신고자수,사고유형,법규위반,노면상태,기상상태,도로형태,가해운전자 차종,가해운전자 성별,가해운전자 연령,가해운전자 상해정도,피해운전자 차종,피해운전자 성별,피해운전자 연령,피해운전자 상해정도
2016042700100147,2016년 4월 27일 08시,수요일,인천광역시 연수구 동춘동,중상사고,0,1,0,0,차대차 - 측면직각충돌,신호위반,건조,맑음,교차로 - 교차로안,승용,남,53세,상해없음,승용,여,46세,중상
2016042700100180,2016년 4월 27일 09시,수요일,인천광역시 남구 용현동,중상사고,0,1,0,0,차대차 - 기타,안전운전불이행,건조,맑음,교차로 - 교차로부근,승용,여,26세,기타불명,승용,남,75세,중상
2016042700100181,2016년 4월 27일 09시,수요일,인천광역시 계양구 효성동,경상사고,0,0,1,0,차대차 - 추돌,안전운전불이행,건조,맑음,교차로 - 교차로안,승용,남,52세,상해없음,화물,여,50세,경상
2016042700100182,2016년 4월 27일 09시,수요일,인천광역시 강화군 강화읍,부상신고사고,0,0,0,1,차대차 - 측면충돌,안전운전불이행,건조,맑음,단일로 - 기타,자전거,남,77세,부상신고,승용,여,44세,상해없음
2016042700100247,2016년 4월 27일 11시,수요일,인천광역시 부평구 부평동,경상사고,0,0,2,0,차대차 - 기타,안전운전불이행,건조,맑음,단일로 - 기타,승용,남,56세,상해없음,승용,남,34세,경상
2016042700100248,2016년 4월 27일 11시,수요일,인천광역시 서구 가정동,경상사고,0,0,3,0,차대차 - 기타,안전운전불이행,건조,맑음,교차로 - 교차로안,승용,여,54세,상해없음,승용,남,18세,경상
2016042700100249,2016년 4월 27일 11시,수요일,인천광역시 강화군 강화읍,경상사고,0,0,2,0,차대차 - 측면충돌,안전운전불이행,건조,맑음,단일로 - 기타,승합,남,53세,상해없음,승용,남,28세,경상
2016042700100283,2016년 4월 27일 12시,수요일,인천광역시 계양구 효성동,경상사고,0,0,1,0,차대차 - 정면충돌,안전운전불이행,건조,맑음,교차로 - 교차로안,자전거,남,16세,경상,승용,여,27세,상해없음
2016042700100284,2016년 4월 27일 12시,수요일,인천광역시 부평구 부평동,중상사고,0,1,0,0,차대사람 - 횡단중,안전운전불이행,건조,맑음,단일로 - 기타,승용,남,70세,상해없음,보행자,여,57세,중상
2016042700100311,2016년 4월 27일 13시,수요일,인천광역시 남구 주안동,경상사고,0,0,1,0,차대사람 - 횡단중,안전운전불이행,건조,맑음,단일로 - 기타,승용,여,45세,상해없음,보행자,여,61세,경상
2016042700100312,2016년 4월 27일 13시,수요일,인천광역시 부평구 청천동,중상사고,0,1,1,0,차대차 - 측면충돌,신호위반,건조,맑음,교차로 - 교차로안,승용,남,70세,상해없음,승용,남,56세,중상
2016042700100313,2016년 4월 27일 13시,수요일,인천광역시 강화군 선원면,중상사고,0,1,0,0,차대차 - 측면충돌,안전운전불이행,건조,맑음,교차로 - 교차로안,승용,남,73세,상해없음,이륜,남,35세,중상
2016042700100345,2016년 4월 27일 14시,수요일,인천광역시 남동구 구월동,중상사고,0,3,8,0,차대차 - 기타,교차로운행방법위반,건조,맑음,교차로 - 교차로안,승용,남,73세,중상,승용,남,24세,경상
2016042700100346,2016년 4월 27일 14시,수요일,인천광역시 계양구 효성동,경상사고,0,0,1,0,차량단독 - 기타,기타,건조,맑음,단일로 - 기타,승합,남,49세,상해없음,,,,
2016042700100421,2016년 4월 27일 16시,수요일,인천광역시 연수구 옥련동,중상사고,0,1,0,0,차대차 - 측면충돌,신호위반,건조,맑음,교차로 - 교차로부근,화물,남,33세,상해없음,이륜,남,35세,중상
2016042700100487,2016년 4월 27일 18시,수요일,인천광역시 중구 경동,경상사고,0,0,1,0,차대사람 - 횡단중,안전운전불이행,건조,맑음,단일로 - 기타,승용,여,59세,상해없음,보행자,남,9세,경상
2016042700100488,2016년 4월 27일 18시,수요일,인천광역시 부평구 부평동,경상사고,0,0,1,0,차대차 - 기타,안전운전불이행,건조,맑음,교차로 - 교차로부근,승용,여,52세,상해없음,화물,남,42세,경상
2016042700100489,2016년 4월 27일 18시,수요일,인천광역시 남동구 간석동,경상사고,0,0,1,0,차대사람 - 길가장자리구역통행중,안전운전불이행,건조,흐림,단일로 - 기타,승용,남,53세,상해없음,보행자,남,32세,경상
2016042700100582,2016년 4월 27일 20시,수요일,인천광역시 계양구 귤현동,경상사고,0,0,1,0,차대차 - 기타,안전운전불이행,건조,맑음,단일로 - 기타,승용,남,40세,상해없음,승합,남,63세,상해없음
2016042700100583,2016년 4월 27일 20시,수요일,인천광역시 연수구 연수동,중상사고,0,1,3,0,차량단독 - 도로외이탈 - 기타,과속,건조,맑음,단일로 - 기타,승용,남,22세,상해없음,,,,
2016042700100584,2016년 4월 27일 20시,수요일,인천광역시 서구 가좌동,중상사고,0,1,0,0,차대사람 - 차도통행중,안전운전불이행,건조,맑음,단일로 - 교량,승용,남,49세,상해없음,보행자,남,75세,중상
2016042700100618,2016년 4월 27일 21시,수요일,인천광역시 연수구 선학동,경상사고,0,0,1,0,차대차 - 측면직각충돌,안전운전불이행,건조,맑음,단일로 - 기타,승용,여,46세,상해없음,이륜,남,34세,경상
2016042700100693,2016년 4월 27일 23시,수요일,인천광역시 남구 관교동,경상사고,0,0,1,0,차대사람 - 기타,안전운전불이행,건조,맑음,기타 - 기타,승합,남,50세,기타불명,보행자,여,36세,경상
2016042800100025,2016년 4월 28일 00시,목요일,인천광역시 서구 가좌동,중상사고,0,1,1,0,차대차 - 측면충돌,신호위반,건조,맑음,교차로 - 교차로안,승용,남,24세,상해없음,승용,남,58세,경상
2016042800100055,2016년 4월 28일 02시,목요일,인천광역시 계양구 노오지동,경상사고,0,0,1,0,차대차 - 추돌,안전운전불이행,건조,맑음,단일로 - 기타,승용,남,40세,상해없음,승용,남,41세,경상
2016042800100093,2016년 4월 28일 06시,목요일,인천광역시 부평구 구산동,경상사고,0,0,1,0,차대차 - 추돌,안전거리미확보,건조,맑음,단일로 - 교량,승용,남,52세,상해없음,승용,남,31세,경상
2016042800100149,2016년 4월 28일 08시,목요일,인천광역시 남구 문학동,경상사고,0,0,1,0,차대차 - 측면직각충돌,안전운전불이행,건조,맑음,교차로 - 교차로부근,승용,남,78세,상해없음,승용,여,37세,경상
2016042800100150,2016년 4월 28일 08시,목요일,인천광역시 남구 주안동,중상사고,0,1,0,0,차대사람 - 기타,안전운전불이행,건조,맑음,단일로 - 기타,화물,남,25세,상해없음,보행자,여,60세,중상
2016042800100151,2016년 4월 28일 08시,목요일,인천광역시 남동구 논현동,경상사고,0,0,1,0,차대차 - 측면충돌,교차로운행방법위반,건조,맑음,교차로 - 교차로안,승용,여,37세,상해없음,승용,여,40세,경상
2016042800100152,2016년 4월 28일 08시,목요일,인천광역시 계양구 작전동,경상사고,0,0,1,0,차대사람 - 길가장자리구역통행중,안전운전불이행,건조,맑음,단일로 - 기타,승용,여,34세,상해없음,보행자,남,17세,경상
2016042800100217,2016년 4월 28일 10시,목요일,인천광역시 부평구 산곡동,경상사고,0,0,1,0,차대차 - 측면충돌,교차로운행방법위반,건조,맑음,교차로 - 교차로안,승용,여,35세,상해없음,승용,남,52세,경상
2016042800100277,2016년 4월 28일 12시,목요일,인천광역시 남구 주안동,경상사고,0,0,1,0,차대차 - 기타,안전운전불이행,건조,맑음,교차로 - 교차로안,승용,남,23세,상해없음,승용,여,47세,경상
2016042800100314,2016년 4월 28일 13시,목요일,인천광역시 남동구 간석동,경상사고,0,0,1,0,차대차 - 측면충돌,안전운전불이행,건조,맑음,단일로 - 횡단보도상,승용,남,47세,상해없음,자전거,남,74세,경상
2016042800100345,2016년 4월 28일 14시,목요일,인천광역시 남구 주안동,경상사고,0,0,1,0,차대차 - 기타,신호위반,건조,맑음,교차로 - 교차로안,승용,남,76세,상해없음,이륜,남,19세,경상
2016042800100373,2016년 4월 28일 15시,목요일,인천광역시 중구 신흥동3가,경상사고,0,0,1,0,차대차 - 측면충돌,교차로운행방법위반,건조,맑음,교차로 - 교차로안,화물,남,35세,상해없음,화물,남,52세,경상
2016042800100405,2016년 4월 28일 16시,목요일,인천광역시 연수구 동춘동,경상사고,0,0,1,0,차대사람 - 횡단중,안전운전불이행,건조,맑음,교차로 - 교차로안,승합,남,46세,상해없음,보행자,여,54세,경상
2016042800100454,2016년 4월 28일 17시,목요일,인천광역시 남구 숭의동,경상사고,0,0,1,2,차대차 - 기타,교차로운행방법위반,건조,맑음,교차로 - 교차로안,승합,남,49세,경상,승용,여,64세,부상신고
2016042800100455,2016년 4월 28일 17시,목요일,인천광역시 계양구 임학동,경상사고,0,0,1,0,차대차 - 측면충돌,중앙선침범,건조,맑음,단일로 - 기타,승용,여,73세,상해없음,승용,여,47세,경상
2016042800100456,2016년 4월 28일 17시,목요일,인천광역시 계양구 작전동,경상사고,0,0,1,0,차대사람 - 횡단중,안전운전불이행,건조,맑음,단일로 - 기타,자전거,남,22세,상해없음,보행자,남,51세,경상
2016042800100499,2016년 4월 28일 18시,목요일,인천광역시 서구 심곡동,경상사고,0,0,1,0,차대사람 - 횡단중,중앙선침범,건조,맑음,단일로 - 기타,원동기,남,22세,상해없음,보행자,여,49세,경상
2016042800100500,2016년 4월 28일 18시,목요일,인천광역시 서구 가정동,중상사고,0,1,1,0,차대차 - 측면충돌,신호위반,건조,맑음,교차로 - 교차로안,승용,여,56세,상해없음,화물,남,49세,중상
2016042800100540,2016년 4월 28일 19시,목요일,인천광역시 서구 석남동,중상사고,0,1,0,0,차대차 - 기타,안전운전불이행,건조,흐림,교차로 - 교차로안,승용,남,30세,상해없음,승용,남,54세,중상
2016042800100541,2016년 4월 28일 19시,목요일,인천광역시 서구 경서동,경상사고,0,0,2,0,차대차 - 정면충돌,안전운전불이행,건조,맑음,교차로 - 교차로안,승용,남,36세,경상,승합,남,56세,경상
2016042800100542,2016년 4월 28일 19시,목요일,인천광역시 연수구 선학동,부상신고사고,0,0,0,1,차대사람 - 횡단중,안전운전불이행,건조,맑음,교차로 - 교차로부근,기타불명,기타불명,기타불명,기타불명,보행자,남,72세,부상신고
2016042800100586,2016년 4월 28일 20시,목요일,인천광역시 남동구 간석동,경상사고,0,0,1,0,차대차 - 측면직각충돌,안전운전불이행,건조,맑음,교차로 - 교차로안,승용,여,63세,상해없음,승용,남,53세,경상
2016042800100587,2016년 4월 28일 20시,목요일,인천광역시 서구 검암동,경상사고,0,0,6,0,차대차 - 기타,안전운전불이행,건조,맑음,단일로 - 기타,승용,남,58세,상해없음,승용,여,57세,경상
2016042800100588,2016년 4월 28일 20시,목요일,인천광역시 서구 왕길동,경상사고,0,0,3,0,차대차 - 기타,안전운전불이행,건조,맑음,교차로 - 교차로부근,승용,남,27세,상해없음,승용,여,62세,경상
2016042800100617,2016년 4월 28일 21시,목요일,인천광역시 남동구 구월동,중상사고,0,1,0,0,차대차 - 측면충돌,안전운전불이행,건조,맑음,단일로 - 기타,승용,여,49세,상해없음,이륜,남,17세,중상
2016042800100618,2016년 4월 28일 21시,목요일,인천광역시 서구 원창동,중상사고,0,2,0,0,차대차 - 정면충돌,신호위반,건조,맑음,교차로 - 교차로안,승용,남,36세,상해없음,승합,남,66세,중상
2016042800100619,2016년 4월 28일 21시,목요일,인천광역시 서구 석남동,중상사고,0,1,0,0,차대차 - 측면충돌,교차로운행방법위반,건조,맑음,교차로 - 교차로안,승용,남,48세,상해없음,원동기,남,33세,중상
2016042800100647,2016년 4월 28일 22시,목요일,인천광역시 옹진군 영흥면,경상사고,0,0,1,0,차대차 - 정면충돌,중앙선침범,건조,맑음,단일로 - 기타,승용,남,33세,상해없음,이륜,남,20세,경상
2016042800100648,2016년 4월 28일 22시,목요일,인천광역시 연수구 청학동,경상사고,0,0,2,0,차대차 - 측면충돌,중앙선침범,건조,맑음,단일로 - 기타,승용,남,50세,상해없음,승용,여,30세,경상
2016042800100676,2016년 4월 28일 23시,목요일,인천광역시 연수구 옥련동,경상사고,0,0,2,0,차대차 - 측면충돌,안전운전불이행,건조,맑음,단일로 - 기타,승용,여,32세,상해없음,승용,남,24세,경상
2016042900100018,2016년 4월 29일 00시,금요일,인천광역시 계양구 작전동,경상사고,0,0,1,0,차대차 - 추돌,안전운전불이행,건조,맑음,단일로 - 기타,승용,남,57세,상해없음,승용,남,32세,경상
2016042900100034,2016년 4월 29일 01시,금요일,인천광역시 남동구 남촌동,경상사고,0,0,1,0,차대차 - 측면직각충돌,안전운전불이행,건조,맑음,단일로 - 기타,기타불명,기타불명,기타불명,기타불명,승용,여,35세,경상
2016042900100063,2016년 4월 29일 04시,금요일,인천광역시 남구 용현동,중상사고,0,5,2,0,차대차 - 측면충돌,안전운전불이행,건조,맑음,교차로 - 교차로안,승용,여,62세,경상,승용,남,56세,경상
2016042900100176,2016년 4월 29일 09시,금요일,인천광역시 서구 가정동,중상사고,0,1,1,0,차대차 - 측면직각충돌,안전운전불이행,건조,맑음,교차로 - 교차로안,승용,남,54세,상해없음,승용,여,50세,중상
2016042900100246,2016년 4월 29일 11시,금요일,인천광역시 남구 주안동,경상사고,0,0,1,0,차대차 - 기타,신호위반,건조,맑음,교차로 - 교차로부근,이륜,남,17세,상해없음,승용,남,58세,경상
2016042900100275,2016년 4월 29일 12시,금요일,인천광역시 남구 주안동,중상사고,0,1,0,0,차대사람 - 기타,안전운전불이행,건조,맑음,단일로 - 기타,화물,남,44세,상해없음,보행자,여,75세,중상
2016042900100276,2016년 4월 29일 12시,금요일,인천광역시 남동구 남촌동,경상사고,0,0,1,0,차량단독 - 전도전복,안전운전불이행,건조,맑음,단일로 - 기타,승용,남,64세,경상,,,,
2016042900100277,2016년 4월 29일 12시,금요일,인천광역시 남동구 간석동,중상사고,0,1,0,0,차대사람 - 횡단중,안전운전불이행,건조,맑음,단일로 - 횡단보도상,승용,남,65세,상해없음,보행자,남,84세,중상
2016042900100278,2016년 4월 29일 12시,금요일,인천광역시 연수구 송도동,경상사고,0,0,1,0,차대차 - 측면직각충돌,중앙선침범,건조,맑음,단일로 - 기타,승용,여,34세,상해없음,승용,남,34세,경상
2016042900100279,2016년 4월 29일 12시,금요일,인천광역시 연수구 동춘동,중상사고,0,1,1,0,차대차 - 측면직각충돌,교차로운행방법위반,건조,맑음,교차로 - 교차로안,승용,남,70세,상해없음,화물,남,44세,경상
2016042900100280,2016년 4월 29일 12시,금요일,인천광역시 부평구 부평동,경상사고,0,0,1,0,차대사람 - 기타,안전운전불이행,건조,맑음,교차로 - 교차로안,승용,남,54세,상해없음,보행자,남,58세,경상
2016042900100311,2016년 4월 29일 13시,금요일,인천광역시 계양구 작전동,중상사고,0,1,0,0,차대차 - 기타,안전운전불이행,건조,맑음,단일로 - 기타,승합,남,50세,상해없음,자전거,남,65세,중상
2016042900100312,2016년 4월 29일 13시,금요일,인천광역시 부평구 갈산동,중상사고,0,1,0,0,차대차 - 측면직각충돌,신호위반,건조,맑음,단일로 - 횡단보도상,승용,남,70세,상해없음,자전거,여,43세,중상
2016042900100341,2016년 4월 29일 14시,금요일,인천광역시 서구 경서동,중상사고,0,1,1,0,차대차 - 측면충돌,신호위반,건조,맑음,교차로 - 교차로안,승용,남,58세,중상,승용,여,46세,경상
2016042900100378,2016년 4월 29일 15시,금요일,인천광역시 동구 송현동,중상사고,0,1,1,0,차대차 - 측면직각충돌,중앙선침범,건조,맑음,교차로 - 교차로안,이륜,남,81세,중상,승용,남,47세,경상
2016042900100468,2016년 4월 29일 17시,금요일,인천광역시 계양구 서운동,경상사고,0,0,1,0,차대차 - 측면충돌,안전운전불이행,건조,맑음,단일로 - 교량,화물,남,45세,상해없음,승용,남,36세,경상
2016042900100504,2016년 4월 29일 18시,금요일,인천광역시 부평구 부평동,경상사고,0,0,1,0,차대차 - 정면충돌,교차로운행방법위반,건조,맑음,교차로 - 교차로안,승용,여,53세,상해없음,자전거,여,59세,경상
2016042900100505,2016년 4월 29일 18시,금요일,인천광역시 계양구 작전동,중상사고,0,1,1,0,차대차 - 추돌,안전운전불이행,건조,맑음,단일로 - 기타,승용,남,39세,상해없음,이륜,남,36세,중상
2016042900100506,2016년 4월 29일 18시,금요일,인천광역시 계양구 계산동,중상사고,0,1,0,0,차대차 - 측면직각충돌,안전운전불이행,건조,맑음,교차로 - 교차로안,승용,여,50세,상해없음,승용,여,53세,중상
2016042900100549,2016년 4월 29일 19시,금요일,인천광역시 서구 원창동,중상사고,0,2,3,0,차대차 - 추돌,신호위반,건조,맑음,교차로 - 교차로안,승용,남,65세,상해없음,승용,여,59세,중상
2016042900100550,2016년 4월 29일 19시,금요일,인천광역시 서구 경서동,경상사고,0,0,1,0,차대차 - 측면충돌,신호위반,건조,맑음,단일로 - 기타,승용,남,39세,상해없음,자전거,남,15세,경상
2016042900100620,2016년 4월 29일 21시,금요일,인천광역시 남동구 구월동,경상사고,0,0,8,0,차대차 - 추돌,안전운전불이행,건조,맑음,단일로 - 기타,승용,남,23세,경상,승용,남,52세,상해없음
2016043000100026,2016년 4월 30일 00시,토요일,인천광역시 계양구 계산동,중상사고,0,1,2,0,차대차 - 측면충돌,신호위반,건조,맑음,교차로 - 교차로부근,승용,남,54세,상해없음,승용,남,44세,중상
2016043000100027,2016년 4월 30일 00시,토요일,인천광역시 계양구 서운동,경상사고,0,0,2,0,차대차 - 측면충돌,안전운전불이행,건조,맑음,교차로 - 교차로안,승용,남,33세,상해없음,승용,남,57세,경상
2016043000100046,2016년 4월 30일 01시,토요일,인천광역시 부평구 부평동,중상사고,0,1,1,0,차대차 - 추돌,안전운전불이행,건조,맑음,단일로 - 횡단보도부근,승용,남,50세,상해없음,승용,남,64세,중상
2016043000100047,2016년 4월 30일 01시,토요일,인천광역시 서구 마전동,경상사고,0,0,1,0,차대차 - 측면충돌,교차로운행방법위반,건조,맑음,교차로 - 교차로안,승용,여,46세,상해없음,승용,여,31세,경상
2016043000100048,2016년 4월 30일 01시,토요일,인천광역시 서구 금곡동,경상사고,0,0,1,0,차량단독 - 전도전복,안전운전불이행,건조,맑음,단일로 - 기타,승용,남,24세,경상,,,,
2016043000100065,2016년 4월 30일 02시,토요일,인천광역시 남구 관교동,경상사고,0,0,1,0,차대차 - 측면직각충돌,안전운전불이행,건조,맑음,단일로 - 기타,승용,남,30세,상해없음,승용,남,60세,경상
2016043000100066,2016년 4월 30일 02시,토요일,인천광역시 부평구 삼산동,경상사고,0,0,1,0,차대차 - 정면충돌,중앙선침범,건조,맑음,교차로 - 교차로안,승용,남,36세,상해없음,승용,남,30세,경상
2016043000100093,2016년 4월 30일 04시,토요일,인천광역시 부평구 부평동,경상사고,0,0,1,0,차대사람 - 횡단중,안전운전불이행,건조,맑음,단일로 - 기타,승용,남,42세,상해없음,보행자,남,55세,경상
2016043000100109,2016년 4월 30일 05시,토요일,인천광역시 서구 가좌동,중상사고,0,1,1,0,차대차 - 기타,안전운전불이행,건조,맑음,단일로 - 기타,승용,남,35세,상해없음,승합,여,55세,중상
2016043000100124,2016년 4월 30일 06시,토요일,인천광역시 남구 주안동,경상사고,0,0,3,0,차대차 - 추돌,안전운전불이행,건조,맑음,교차로 - 교차로부근,승용,남,48세,상해없음,승용,남,44세,경상
2016043000100125,2016년 4월 30일 06시,토요일,인천광역시 연수구 동춘동,중상사고,0,1,0,0,차대차 - 추돌,안전운전불이행,건조,맑음,단일로 - 기타,승용,여,41세,상해없음,승용,남,56세,중상
2016043000100157,2016년 4월 30일 08시,토요일,인천광역시 남동구 논현동,경상사고,0,0,1,0,차대차 - 측면충돌,신호위반,건조,맑음,교차로 - 교차로안,화물,남,58세,상해없음,이륜,남,27세,경상
2016043000100185,2016년 4월 30일 09시,토요일,인천광역시 계양구 효성동,중상사고,0,1,1,0,차대차 - 측면직각충돌,신호위반,건조,맑음,교차로 - 교차로안,화물,남,54세,상해없음,승용,남,52세,경상
2016043000100226,2016년 4월 30일 10시,토요일,인천광역시 중구 운서동,경상사고,0,0,1,0,차대차 - 측면충돌,안전거리미확보,건조,맑음,단일로 - 기타,건설기계,남,76세,기타불명,승용,남,36세,경상
2016043000100259,2016년 4월 30일 11시,토요일,인천광역시 중구 운서동,중상사고,0,1,1,0,차대차 - 측면충돌,신호위반,건조,맑음,교차로 - 교차로안,승용,남,38세,기타불명,화물,남,26세,중상
2016043000100260,2016년 4월 30일 11시,토요일,인천광역시 중구 운서동,경상사고,0,0,1,0,차대차 - 측면충돌,차로위반,건조,맑음,단일로 - 기타,화물,남,49세,상해없음,승용,남,41세,경상
2016043000100290,2016년 4월 30일 12시,토요일,인천광역시 남구 도화동,경상사고,0,0,1,0,차대차 - 측면충돌,신호위반,건조,맑음,교차로 - 교차로안,승용,남,28세,상해없음,승용,남,58세,경상
2016043000100291,2016년 4월 30일 12시,토요일,인천광역시 부평구 삼산동,경상사고,0,0,1,0,차량단독 - 기타,기타,건조,맑음,단일로 - 기타,승합,남,60세,상해없음,,,,
2016043000100332,2016년 4월 30일 13시,토요일,인천광역시 남동구 구월동,경상사고,0,0,1,0,차대차 - 추돌,안전거리미확보,건조,맑음,단일로 - 기타,화물,남,57세,상해없음,승용,남,56세,경상
2016043000100414,2016년 4월 30일 15시,토요일,인천광역시 서구 오류동,경상사고,0,0,1,0,차대차 - 측면충돌,신호위반,건조,맑음,교차로 - 교차로안,승용,여,49세,상해없음,승합,남,33세,경상
2016043000100415,2016년 4월 30일 15시,토요일,인천광역시 연수구 연수동,경상사고,0,0,1,0,차대차 - 기타,안전운전불이행,건조,맑음,기타 - 기타,승용,여,45세,상해없음,승용,남,62세,경상
2016043000100446,2016년 4월 30일 16시,토요일,인천광역시 남동구 간석동,경상사고,0,0,3,0,차대차 - 기타,안전운전불이행,건조,맑음,단일로 - 기타,승용,여,46세,상해없음,승용,남,38세,경상
2016043000100447,2016년 4월 30일 16시,토요일,인천광역시 계양구 임학동,경상사고,0,0,1,0,차대사람 - 기타,안전운전불이행,건조,맑음,교차로 - 교차로안,승용,남,34세,상해없음,보행자,여,81세,경상
2016043000100492,2016년 4월 30일 17시,토요일,인천광역시 남동구 구월동,경상사고,0,0,1,0,차대차 - 측면충돌,기타,건조,맑음,단일로 - 기타,승용,남,65세,상해없음,이륜,남,43세,경상
2016043000100528,2016년 4월 30일 18시,토요일,인천광역시 서구 가좌동,경상사고,0,0,1,0,차대사람 - 기타,안전운전불이행,건조,맑음,단일로 - 기타,화물,남,46세,상해없음,보행자,남,30세,경상
2016043000100561,2016년 4월 30일 19시,토요일,인천광역시 부평구 부평동,중상사고,0,1,0,0,차대차 - 정면충돌,안전운전불이행,건조,맑음,교차로 - 교차로부근,승용,여,64세,상해없음,이륜,남,27세,중상
2016043000100597,2016년 4월 30일 20시,토요일,인천광역시 동구 송림동,경상사고,0,0,1,0,차대차 - 측면직각충돌,안전운전불이행,건조,맑음,단일로 - 기타,이륜,남,17세,상해없음,승용,남,70세,상해없음
2016043000100598,2016년 4월 30일 20시,토요일,인천광역시 부평구 구산동,중상사고,0,1,0,0,차대차 - 추돌,안전운전불이행,건조,맑음,단일로 - 기타,승용,남,49세,상해없음,승용,남,46세,중상
2016043000100630,2016년 4월 30일 21시,토요일,인천광역시 남구 용현동,중상사고,0,1,0,0,차대차 - 측면직각충돌,중앙선침범,건조,맑음,기타 - 기타,승용,남,24세,상해없음,이륜,남,19세,중상
2016043000100631,2016년 4월 30일 21시,토요일,인천광역시 남동구 만수동,경상사고,0,0,1,0,차대사람 - 횡단중,안전운전불이행,건조,맑음,단일로 - 기타,승용,남,44세,상해없음,보행자,여,34세,경상
2016043000100661,2016년 4월 30일 22시,토요일,인천광역시 부평구 부평동,경상사고,0,0,5,0,차대차 - 추돌,안전운전불이행,건조,맑음,단일로 - 기타,승용,남,35세,상해없음,승합,여,46세,경상
2016043000100662,2016년 4월 30일 22시,토요일,인천광역시 부평구 부평동,중상사고,0,1,0,0,차대사람 - 기타,안전운전불이행,건조,맑음,교차로 - 교차로안,승용,남,26세,상해없음,보행자,여,22세,중상
2016043000100686,2016년 4월 30일 23시,토요일,인천광역시 남구 주안동,중상사고,0,1,4,0,차대차 - 기타,안전운전불이행,건조,맑음,단일로 - 기타,승용,남,29세,상해없음,승용,여,26세,기타불명
2016050100100018,2016년 5월 1일 00시,일요일,인천광역시 남구 주안동,중상사고,0,3,0,0,차대차 - 측면직각충돌,안전운전불이행,건조,맑음,기타 - 기타,승용,남,41세,상해없음,승용,남,29세,중상
2016050100100059,2016년 5월 1일 02시,일요일,인천광역시 계양구 오류동,중상사고,0,1,1,0,차대차 - 추돌,안전운전불이행,건조,맑음,단일로 - 기타,승용,여,44세,상해없음,승용,남,47세,중상
2016050100100116,2016년 5월 1일 07시,일요일,인천광역시 남동구 고잔동,경상사고,0,0,1,0,차대차 - 측면직각충돌,안전운전불이행,건조,맑음,단일로 - 기타,승용,남,55세,상해없음,승용,남,50세,경상
2016050100100188,2016년 5월 1일 11시,일요일,인천광역시 옹진군 영흥면,중상사고,0,2,0,0,차량단독 - 전도전복,안전운전불이행,건조,맑음,단일로 - 기타,이륜,여,23세,중상,,,,
2016050100100213,2016년 5월 1일 12시,일요일,인천광역시 부평구 부평동,경상사고,0,0,1,0,차대차 - 측면직각충돌,안전운전불이행,건조,맑음,단일로 - 기타,승용,남,46세,상해없음,승용,남,26세,경상
2016050100100214,2016년 5월 1일 12시,일요일,인천광역시 남동구 구월동,경상사고,0,0,2,0,차대차 - 추돌,안전운전불이행,건조,맑음,교차로 - 교차로부근,승용,여,40세,상해없음,승용,남,23세,경상
2016050100100215,2016년 5월 1일 12시,일요일,인천광역시 부평구 부개동,경상사고,0,0,2,0,차대차 - 추돌,안전거리미확보,건조,맑음,교차로 - 교차로부근,승용,여,56세,상해없음,화물,남,27세,경상
2016050100100329,2016년 5월 1일 15시,일요일,인천광역시 서구 가좌동,경상사고,0,0,1,0,차대차 - 측면충돌,안전운전불이행,건조,맑음,교차로 - 교차로안,화물,남,57세,상해없음,화물,남,44세,경상
2016050100100330,2016년 5월 1일 15시,일요일,인천광역시 연수구 연수동,경상사고,0,0,1,0,차대차 - 기타,중앙선침범,건조,맑음,교차로 - 교차로부근,승용,여,32세,상해없음,승용,여,41세,상해없음
2016050100100364,2016년 5월 1일 16시,일요일,인천광역시 동구 송현동,중상사고,0,2,14,0,차대차 - 측면충돌,차로위반,건조,맑음,교차로 - 교차로부근,승용,남,64세,경상,승용,남,35세,경상
2016050100100365,2016년 5월 1일 16시,일요일,인천광역시 서구 연희동,경상사고,0,0,1,0,차대차 - 기타,안전운전불이행,건조,맑음,단일로 - 기타,승합,남,43세,상해없음,승용,남,28세,경상
2016050100100366,2016년 5월 1일 16시,일요일,인천광역시 계양구 병방동,경상사고,0,0,1,0,차대차 - 추돌,안전운전불이행,건조,맑음,단일로 - 기타,승용,남,47세,상해없음,승용,여,53세,경상
2016050100100401,2016년 5월 1일 17시,일요일,인천광역시 중구 운남동,부상신고사고,0,0,0,1,차대사람 - 횡단중,안전운전불이행,건조,맑음,단일로 - 기타,승용,남,48세,상해없음,보행자,남,54세,부상신고
2016050100100402,2016년 5월 1일 17시,일요일,인천광역시 남동구 간석동,경상사고,0,0,3,0,차대차 - 기타,안전운전불이행,건조,맑음,단일로 - 기타,승용,남,24세,경상,승용,남,32세,경상
2016050100100434,2016년 5월 1일 18시,일요일,인천광역시 남동구 장수동,중상사고,0,1,0,0,차대사람 - 횡단중,안전운전불이행,건조,맑음,단일로 - 기타,자전거,남,42세,상해없음,보행자,여,60세,중상
2016050100100435,2016년 5월 1일 18시,일요일,인천광역시 계양구 효성동,경상사고,0,0,1,0,차대차 - 정면충돌,안전운전불이행,건조,맑음,단일로 - 횡단보도부근,승용,남,33세,상해없음,승용,여,36세,경상