사고번호,사고일시,요일,시군구,사고내용,사망자수,중상자수,경상자수,부상신고자수,사고유형,법규위반,노면상태,기상상태,도로형태,가해운전자 차종,가해운전자 성별,가해운전자 연령,가해운전자 상해정도,피해운전자 차종,피해운전자 성별,피해운전자 연령,피해운전자 상해정도
2016050600100426,2016년 5월 6일 17시,금요일,인천광역시 남동구 남촌동,경상사고,0,0,1,0,차대차 - 추돌,안전운전불이행,습기,비,단일로 - 기타,승용,여,60세,상해없음,승용,남,44세,상해없음
2016050600100459,2016년 5월 6일 18시,금요일,인천광역시 부평구 청천동,중상사고,0,1,2,0,차대차 - 기타,중앙선침범,건조,맑음,단일로 - 기타,승용,남,38세,상해없음,승용,여,40세,경상
2016050600100495,2016년 5월 6일 19시,금요일,인천광역시 남동구 만수동,중상사고,0,1,0,0,차대차 - 측면충돌,신호위반,습기,흐림,교차로 - 교차로안,승용,남,37세,상해없음,이륜,남,17세,중상
2016050600100496,2016년 5월 6일 19시,금요일,인천광역시 부평구 부평동,경상사고,0,0,1,0,차대사람 - 횡단중,중앙선침범,건조,맑음,단일로 - 기타,원동기,남,40세,상해없음,보행자,여,35세,경상
2016050600100535,2016년 5월 6일 20시,금요일,인천광역시 남동구 만수동,중상사고,0,1,2,0,차대차 - 추돌,안전운전불이행,건조,맑음,단일로 - 기타,화물,남,42세,상해없음,승용,여,47세,경상
2016050600100564,2016년 5월 6일 21시,금요일,인천광역시 계양구 병방동,경상사고,0,0,1,0,차대사람 - 기타,안전운전불이행,건조,맑음,단일로 - 기타,승합,남,27세,상해없음,보행자,남,42세,경상
2016050600100614,2016년 5월 6일 23시,금요일,인천광역시 서구 검암동,중상사고,0,1,0,0,차대사람 - 횡단중,교차로운행방법위반,건조,맑음,단일로 - 기타,승용,남,40세,상해없음,보행자,남,21세,중상
2016050700100018,2016년 5월 7일 00시,토요일,인천광역시 서구 가좌동,중상사고,0,2,1,0,차대차 - 추돌,신호위반,건조,맑음,교차로 - 교차로안,승용,남,40세,상해없음,승용,남,64세,중상
2016050700100051,2016년 5월 7일 02시,토요일,인천광역시 계양구 임학동,경상사고,0,0,1,0,차대차 - 추돌,안전운전불이행,건조,맑음,단일로 - 기타,승용,남,38세,상해없음,원동기,남,48세,기타불명
2016050700100081,2016년 5월 7일 05시,토요일,인천광역시 중구 유동,경상사고,0,0,1,0,차대차 - 추돌,안전운전불이행,건조,맑음,교차로 - 교차로부근,승용,여,24세,상해없음,승용,남,40세,경상
2016050700100117,2016년 5월 7일 07시,토요일,인천광역시 서구 가좌동,경상사고,0,0,1,0,차대사람 - 보도통행중,기타,건조,맑음,단일로 - 기타,승용,남,55세,상해없음,보행자,남,44세,경상
2016050700100160,2016년 5월 7일 09시,토요일,인천광역시 중구 항동7가,중상사고,0,1,0,0,차대차 - 측면직각충돌,교차로운행방법위반,건조,맑음,교차로 - 교차로안,건설기계,남,64세,상해없음,화물,남,60세,중상
2016050700100161,2016년 5월 7일 09시,토요일,인천광역시 서구 백석동,경상사고,0,0,2,1,차대차 - 추돌,신호위반,건조,맑음,교차로 - 교차로안,승합,남,32세,경상,승용,남,26세,경상
2016050700100186,2016년 5월 7일 10시,토요일,인천광역시 서구 가좌동,경상사고,0,0,2,0,차대차 - 측면충돌,안전운전불이행,건조,맑음,교차로 - 교차로안,승용,남,32세,상해없음,승용,남,23세,경상
2016050700100187,2016년 5월 7일 10시,토요일,인천광역시 계양구 작전동,경상사고,0,0,1,0,차대차 - 측면충돌,안전운전불이행,건조,맑음,교차로 - 교차로부근,승용,남,46세,상해없음,승용,여,29세,경상
2016050700100217,2016년 5월 7일 11시,토요일,인천광역시 계양구 효성동,중상사고,0,1,7,2,차대차 - 기타,신호위반,건조,맑음,단일로 - 기타,승용,여,20세,상해없음,승합,남,57세,경상
2016050700100257,2016년 5월 7일 12시,토요일,인천광역시 남구 주안동,경상사고,0,0,1,0,차대사람 - 횡단중,안전운전불이행,건조,맑음,기타 - 기타,화물,남,35세,상해없음,보행자,남,60세,경상
2016050700100302,2016년 5월 7일 13시,토요일,인천광역시 남구 주안동,경상사고,0,0,1,0,차대사람 - 기타,안전운전불이행,건조,맑음,단일로 - 기타,승용,여,56세,기타불명,보행자,여,55세,경상
2016050700100382,2016년 5월 7일 15시,토요일,인천광역시 서구 신현동,경상사고,0,0,1,0,차대차 - 기타,직진우회전진행방해,건조,맑음,교차로 - 교차로부근,건설기계,남,52세,상해없음,특수,남,33세,경상
2016050700100507,2016년 5월 7일 18시,토요일,인천광역시 서구 경서동,경상사고,0,0,1,0,차대사람 - 기타,안전운전불이행,건조,맑음,기타 - 기타,승용,남,56세,상해없음,보행자,여,7세,경상
2016050700100540,2016년 5월 7일 19시,토요일,인천광역시 동구 송현동,경상사고,0,0,1,1,차대차 - 정면충돌,과속,건조,맑음,교차로 - 교차로안,원동기,남,17세,상해없음,자전거,남,63세,경상
2016050700100571,2016년 5월 7일 20시,토요일,인천광역시 남동구 장수동,사망사고,1,0,0,0,차대사람 - 횡단중,안전운전불이행,건조,맑음,교차로 - 교차로부근,승용,남,55세,상해없음,보행자,남,21세,사망
2016050700100572,2016년 5월 7일 20시,토요일,인천광역시 계양구 임학동,경상사고,0,0,1,0,차대차 - 측면충돌,안전운전불이행,건조,맑음,교차로 - 교차로안,승용,남,31세,상해없음,승용,남,47세,경상
2016050700100573,2016년 5월 7일 20시,토요일,인천광역시 연수구 옥련동,부상신고사고,0,0,0,2,차대사람 - 기타,안전운전불이행,건조,맑음,단일로 - 기타,승용,남,44세,상해없음,보행자,남,42세,부상신고
2016050700100633,2016년 5월 7일 22시,토요일,인천광역시 중구 답동,경상사고,0,0,2,0,차량단독 - 전도전복,안전운전불이행,건조,맑음,단일로 - 기타,승용,여,39세,상해없음,,,,
2016050700100634,2016년 5월 7일 22시,토요일,인천광역시 서구 경서동,중상사고,0,2,2,0,차대차 - 기타,안전운전불이행,건조,맑음,단일로 - 기타,승용,여,24세,상해없음,승용,남,43세,경상
2016050700100635,2016년 5월 7일 22시,토요일,인천광역시 서구 경서동,중상사고,0,1,0,0,차대차 - 기타,안전운전불이행,건조,맑음,교차로 - 교차로안,승용,여,37세,상해없음,원동기,남,40세,중상
2016050800100015,2016년 5월 8일 00시,일요일,인천광역시 부평구 부평동,부상신고사고,0,0,0,1,차대사람 - 횡단중,안전운전불이행,건조,맑음,교차로 - 교차로부근,승용,남,52세,상해없음,보행자,남,30세,부상신고
2016050800100033,2016년 5월 8일 01시,일요일,인천광역시 남동구 구월동,경상사고,0,0,1,0,차대사람 - 길가장자리구역통행중,안전운전불이행,건조,맑음,단일로 - 기타,승용,남,36세,상해없음,보행자,남,31세,경상
2016050800100034,2016년 5월 8일 01시,일요일,인천광역시 강화군 강화읍,경상사고,0,0,1,0,차대차 - 기타,안전운전불이행,건조,맑음,단일로 - 기타,승용,여,38세,상해없음,승용,남,60세,경상
2016050800100046,2016년 5월 8일 02시,일요일,인천광역시 서구 백석동,경상사고,0,0,3,0,차대차 - 측면충돌,안전거리미확보,건조,맑음,단일로 - 기타,승용,남,49세,상해없음,승용,남,25세,경상
2016050800100060,2016년 5월 8일 04시,일요일,인천광역시 남동구 구월동,중상사고,0,1,0,0,차대사람 - 횡단중,신호위반,건조,맑음,단일로 - 기타,승용,남,66세,상해없음,보행자,남,58세,중상
2016050800100081,2016년 5월 8일 06시,일요일,인천광역시 남동구 만수동,경상사고,0,0,1,0,차대차 - 측면직각충돌,안전운전불이행,건조,맑음,교차로 - 교차로부근,승용,남,31세,상해없음,승용,남,59세,경상
2016050800100082,2016년 5월 8일 06시,일요일,인천광역시 부평구 삼산동,경상사고,0,0,1,0,차량단독 - 기타,안전운전불이행,건조,맑음,단일로 - 기타,승용,남,57세,상해없음,,,,
2016050800100153,2016년 5월 8일 10시,일요일,인천광역시 부평구 부평동,경상사고,0,0,1,0,차대사람 - 횡단중,안전운전불이행,건조,맑음,단일로 - 기타,화물,남,55세,상해없음,보행자,여,74세,경상
2016050800100182,2016년 5월 8일 11시,일요일,인천광역시 중구 신흥동3가,경상사고,0,0,2,0,차대차 - 측면직각충돌,신호위반,건조,맑음,교차로 - 교차로안,승용,남,35세,경상,승용,남,80세,경상
2016050800100213,2016년 5월 8일 12시,일요일,인천광역시 서구 석남동,경상사고,0,0,1,0,차대사람 - 길가장자리구역통행중,안전운전불이행,건조,맑음,단일로 - 기타,기타불명,기타불명,기타불명,기타불명,보행자,남,44세,경상
2016050800100214,2016년 5월 8일 12시,일요일,인천광역시 계양구 용종동,경상사고,0,0,1,0,차대사람 - 기타,안전운전불이행,건조,맑음,교차로 - 교차로안,승용,여,27세,상해없음,보행자,남,59세,경상
2016050800100255,2016년 5월 8일 13시,일요일,인천광역시 남동구 서창동,경상사고,0,0,1,0,차대사람 - 기타,안전운전불이행,건조,맑음,단일로 - 기타,승용,여,56세,상해없음,보행자,남,8세,경상
2016050800100256,2016년 5월 8일 13시,일요일,인천광역시 계양구 계산동,중상사고,0,1,0,0,차대사람 - 횡단중,안전운전불이행,건조,맑음,교차로 - 교차로부근,승용,남,30세,상해없음,보행자,남,16세,중상
2016050800100257,2016년 5월 8일 13시,일요일,인천광역시 계양구 귤현동,경상사고,0,0,1,1,차대차 - 측면직각충돌,안전운전불이행,건조,맑음,단일로 - 기타,자전거,남,58세,상해없음,자전거,여,62세,경상
2016050800100258,2016년 5월 8일 13시,일요일,인천광역시 연수구 연수동,경상사고,0,0,3,0,차대차 - 추돌,안전운전불이행,건조,맑음,교차로 - 교차로부근,이륜,남,66세,경상,승용,여,49세,경상
2016050800100301,2016년 5월 8일 14시,일요일,인천광역시 서구 마전동,경상사고,0,0,2,0,차대차 - 측면충돌,안전거리미확보,건조,맑음,단일로 - 기타,화물,남,49세,상해없음,승용,여,26세,경상
2016050800100302,2016년 5월 8일 14시,일요일,인천광역시 강화군 내가면,중상사고,0,2,0,0,차대차 - 정면충돌,안전운전불이행,건조,맑음,단일로 - 기타,화물,남,35세,상해없음,승용,여,57세,중상
2016050800100303,2016년 5월 8일 14시,일요일,인천광역시 부평구 갈산동,경상사고,0,0,1,0,차대차 - 추돌,안전운전불이행,건조,맑음,미분류 - 미분류,화물,남,56세,상해없음,승용,남,51세,경상
2016050800100336,2016년 5월 8일 15시,일요일,인천광역시 남동구 논현동,중상사고,0,1,0,0,차대차 - 측면충돌,기타,건조,맑음,단일로 - 기타,승용,남,47세,상해없음,원동기,남,55세,중상
2016050800100406,2016년 5월 8일 17시,일요일,인천광역시 부평구 십정동,중상사고,0,1,0,0,차대차 - 측면충돌,신호위반,건조,맑음,단일로 - 기타,승용,남,46세,상해없음,이륜,남,40세,중상
2016050800100434,2016년 5월 8일 18시,일요일,인천광역시 남동구 장수동,경상사고,0,0,1,0,차대차 - 추돌,안전거리미확보,건조,맑음,단일로 - 기타,화물,남,38세,상해없음,승용,여,37세,경상
2016050800100460,2016년 5월 8일 19시,일요일,인천광역시 동구 송현동,중상사고,0,1,0,0,차대사람 - 횡단중,보행자보호의무위반,건조,맑음,교차로 - 교차로부근,화물,남,50세,상해없음,보행자,남,68세,중상
2016050800100461,2016년 5월 8일 19시,일요일,인천광역시 연수구 연수동,경상사고,0,0,1,0,차대차 - 측면직각충돌,교차로운행방법위반,건조,맑음,교차로 - 교차로안,원동기,남,19세,상해없음,자전거,남,16세,경상
2016050800100493,2016년 5월 8일 20시,일요일,인천광역시 남구 용현동,경상사고,0,0,1,0,차대사람 - 횡단중,보행자보호의무위반,건조,맑음,교차로 - 교차로부근,승용,남,23세,상해없음,보행자,남,55세,경상
2016050800100494,2016년 5월 8일 20시,일요일,인천광역시 남동구 만수동,중상사고,0,1,0,0,차대차 - 추돌,안전운전불이행,건조,맑음,교차로 - 교차로안,승용,남,56세,상해없음,이륜,남,45세,중상
2016050800100495,2016년 5월 8일 20시,일요일,인천광역시 남동구 구월동,경상사고,0,0,1,0,차대차 - 측면충돌,안전운전불이행,건조,맑음,교차로 - 교차로안,승용,남,31세,상해없음,이륜,남,16세,경상
2016050900100016,2016년 5월 9일 01시,월요일,인천광역시 남구 주안동,경상사고,0,0,1,0,차대사람 - 횡단중,신호위반,건조,맑음,교차로 - 교차로부근,승용,남,22세,상해없음,보행자,남,43세,경상
2016050900100017,2016년 5월 9일 01시,월요일,인천광역시 부평구 부평동,중상사고,0,1,0,1,차대차 - 측면직각충돌,신호위반,건조,맑음,단일로 - 기타,승용,남,36세,부상신고,승용,남,48세,중상
2016050900100097,2016년 5월 9일 08시,월요일,인천광역시 남구 용현동,경상사고,0,0,1,0,차대사람 - 횡단중,보행자보호의무위반,건조,맑음,교차로 - 교차로부근,승용,여,43세,상해없음,보행자,여,29세,경상
2016050900100163,2016년 5월 9일 10시,월요일,인천광역시 부평구 부평동,경상사고,0,0,1,0,차대사람 - 횡단중,안전운전불이행,건조,맑음,단일로 - 기타,화물,남,40세,상해없음,보행자,남,72세,경상
2016050900100193,2016년 5월 9일 11시,월요일,인천광역시 남동구 간석동,경상사고,0,0,2,0,차대차 - 측면충돌,교차로운행방법위반,건조,맑음,교차로 - 교차로안,승용,남,19세,상해없음,승합,남,56세,경상
2016050900100194,2016년 5월 9일 11시,월요일,인천광역시 계양구 작전동,경상사고,0,0,1,0,차대차 - 측면충돌,교차로운행방법위반,건조,맑음,교차로 - 교차로안,승용,남,79세,상해없음,이륜,남,29세,경상
2016050900100264,2016년 5월 9일 13시,월요일,인천광역시 부평구 부평동,경상사고,0,0,2,1,차대차 - 측면직각충돌,기타,건조,맑음,교차로 - 교차로부근,승용,남,54세,상해없음,승용,남,41세,경상
2016050900100265,2016년 5월 9일 13시,월요일,인천광역시 남동구 간석동,경상사고,0,0,1,0,차대차 - 기타,안전거리미확보,건조,맑음,교차로 - 교차로부근,승용,남,21세,상해없음,승용,남,31세,경상
2016050900100300,2016년 5월 9일 14시,월요일,인천광역시 남구 학익동,경상사고,0,0,1,0,차대사람 - 기타,안전운전불이행,건조,맑음,단일로 - 기타,승용,여,49세,상해없음,보행자,여,60세,경상
2016050900100338,2016년 5월 9일 15시,월요일,인천광역시 계양구 작전동,중상사고,0,1,1,1,차대차 - 측면충돌,안전거리미확보,건조,맑음,단일로 - 기타,승용,여,54세,부상신고,건설기계,남,49세,상해없음
2016050900100377,2016년 5월 9일 16시,월요일,인천광역시 동구 송현동,경상사고,0,0,1,0,차대차 - 추돌,안전운전불이행,건조,맑음,단일로 - 횡단보도부근,승용,남,48세,상해없음,이륜,남,40세,경상
2016050900100378,2016년 5월 9일 16시,월요일,인천광역시 강화군 삼산면,경상사고,0,0,1,0,차대차 - 추돌,안전운전불이행,건조,맑음,교차로 - 교차로안,이륜,남,56세,경상,농기계,남,53세,기타불명
2016050900100407,2016년 5월 9일 17시,월요일,인천광역시 남동구 논현동,중상사고,0,1,0,0,차대차 - 기타,안전운전불이행,건조,맑음,단일로 - 기타,승용,남,35세,상해없음,승용,남,31세,중상
2016050900100434,2016년 5월 9일 18시,월요일,인천광역시 남구 주안동,경상사고,0,0,2,0,차대차 - 기타,안전거리미확보,건조,맑음,단일로 - 기타,승용,여,27세,상해없음,승용,남,21세,경상
2016050900100435,2016년 5월 9일 18시,월요일,인천광역시 남동구 구월동,경상사고,0,0,1,0,차대사람 - 기타,안전운전불이행,건조,맑음,단일로 - 기타,자전거,남,61세,상해없음,보행자,남,3세,경상
2016050900100436,2016년 5월 9일 18시,월요일,인천광역시 남동구 간석동,중상사고,0,2,1,0,차대차 - 추돌,기타,건조,맑음,단일로 - 기타,승용,남,71세,상해없음,승용,남,34세,기타불명
2016050900100437,2016년 5월 9일 18시,월요일,인천광역시 부평구 구산동,중상사고,0,2,0,0,차대차 - 추돌,안전운전불이행,건조,맑음,단일로 - 기타,승용,남,30세,상해없음,승용,여,56세,중상
2016050900100463,2016년 5월 9일 19시,월요일,인천광역시 동구 송림동,경상사고,0,0,1,0,차대사람 - 횡단중,안전운전불이행,건조,맑음,교차로 - 교차로안,승합,남,63세,상해없음,보행자,여,49세,경상
2016050900100464,2016년 5월 9일 19시,월요일,인천광역시 남동구 만수동,경상사고,0,0,2,0,차대차 - 측면직각충돌,안전운전불이행,건조,맑음,단일로 - 기타,승용,남,20세,경상,승합,남,55세,경상
2016050900100492,2016년 5월 9일 20시,월요일,인천광역시 중구 경동,경상사고,0,0,1,0,차대차 - 측면직각충돌,신호위반,건조,맑음,교차로 - 교차로안,자전거,남,59세,경상,승용,남,30세,상해없음
2016050900100525,2016년 5월 9일 21시,월요일,인천광역시 부평구 청천동,경상사고,0,0,2,0,차대차 - 추돌,안전운전불이행,건조,맑음,단일로 - 기타,승용,남,29세,상해없음,승용,남,46세,경상
2016050900100526,2016년 5월 9일 21시,월요일,인천광역시 남동구 구월동,중상사고,0,1,3,0,차대차 - 추돌,안전운전불이행,건조,맑음,교차로 - 교차로부근,승용,남,71세,상해없음,승용,남,24세,경상
2016050900100527,2016년 5월 9일 21시,월요일,인천광역시 서구 연희동,경상사고,0,0,1,0,차대차 - 측면직각충돌,안전운전불이행,건조,맑음,단일로 - 기타,승용,남,46세,상해없음,승용,남,46세,경상
2016050900100528,2016년 5월 9일 21시,월요일,인천광역시 서구 가좌동,경상사고,0,0,1,0,차대차 - 측면충돌,안전운전불이행,건조,맑음,교차로 - 교차로부근,이륜,남,47세,상해없음,승합,남,55세,상해없음
2016050900100553,2016년 5월 9일 22시,월요일,인천광역시 남구 도화동,사망사고,1,0,0,0,차대사람 - 횡단중,안전운전불이행,건조,맑음,단일로 - 기타,승합,남,52세,상해없음,보행자,남,36세,사망
2016051000100009,2016년 5월 10일 00시,화요일,인천광역시 남동구 서창동,중상사고,0,1,0,0,차대차 - 측면직각충돌,신호위반,건조,맑음,교차로 - 교차로안,승용,남,52세,상해없음,승용,여,36세,중상
2016051000100018,2016년 5월 10일 01시,화요일,인천광역시 부평구 십정동,중상사고,0,1,0,0,차대차 - 기타,중앙선침범,습기,비,단일로 - 기타,승용,남,19세,상해없음,특수,남,44세,중상
2016051000100027,2016년 5월 10일 02시,화요일,인천광역시 부평구 산곡동,경상사고,0,0,1,0,차대차 - 측면직각충돌,안전운전불이행,건조,맑음,단일로 - 기타,승용,남,51세,상해없음,승용,남,25세,경상
2016051000100099,2016년 5월 10일 07시,화요일,인천광역시 계양구 계산동,경상사고,0,0,1,0,차대차 - 추돌,안전운전불이행,건조,맑음,교차로 - 교차로부근,승용,남,37세,상해없음,승용,남,49세,경상
2016051000100139,2016년 5월 10일 08시,화요일,인천광역시 부평구 부평동,경상사고,0,0,2,0,차대차 - 추돌,안전거리미확보,습기,비,단일로 - 기타,승용,남,29세,상해없음,화물,남,29세,경상
2016051000100183,2016년 5월 10일 09시,화요일,인천광역시 서구 오류동,경상사고,0,0,1,0,차대차 - 측면충돌,안전운전불이행,건조,맑음,단일로 - 기타,특수,남,51세,상해없음,승용,남,30세,경상
2016051000100184,2016년 5월 10일 09시,화요일,인천광역시 연수구 송도동,경상사고,0,0,3,0,차대차 - 기타,신호위반,건조,맑음,단일로 - 기타,승용,여,41세,상해없음,승용,여,34세,경상
2016051000100275,2016년 5월 10일 12시,화요일,인천광역시 부평구 청천동,경상사고,0,0,1,0,차대사람 - 횡단중,보행자보호의무위반,습기,비,단일로 - 횡단보도상,승용,남,69세,상해없음,보행자,여,21세,경상
2016051000100309,2016년 5월 10일 13시,화요일,인천광역시 중구 운서동,경상사고,0,0,1,0,차대차 - 측면직각충돌,안전운전불이행,습기,비,단일로 - 기타,승용,남,23세,상해없음,승용,남,48세,경상
2016051000100310,2016년 5월 10일 13시,화요일,인천광역시 서구 석남동,경상사고,0,0,1,0,차대사람 - 길가장자리구역통행중,안전운전불이행,습기,비,단일로 - 기타,승용,남,64세,상해없음,보행자,여,43세,경상
2016051000100311,2016년 5월 10일 13시,화요일,인천광역시 남동구 남촌동,경상사고,0,0,2,0,차대차 - 추돌,안전운전불이행,습기,비,단일로 - 기타,승용,남,30세,상해없음,화물,남,40세,경상
2016051000100339,2016년 5월 10일 14시,화요일,인천광역시 남구 주안동,중상사고,0,1,0,0,차대사람 - 기타,안전운전불이행,습기,비,기타 - 기타,승용,여,43세,상해없음,보행자,남,77세,중상
2016051000100340,2016년 5월 10일 14시,화요일,인천광역시 연수구 송도동,중상사고,0,1,3,0,차대차 - 정면충돌,신호위반,습기,비,교차로 - 교차로안,승용,남,62세,상해없음,승합,여,47세,중상
2016051000100369,2016년 5월 10일 15시,화요일,인천광역시 동구 송현동,중상사고,0,1,0,0,차대차 - 기타,안전운전불이행,습기,흐림,교차로 - 교차로부근,승용,남,36세,상해없음,이륜,남,53세,중상
2016051000100370,2016년 5월 10일 15시,화요일,인천광역시 서구 경서동,중상사고,0,1,0,0,차대차 - 정면충돌,신호위반,건조,맑음,교차로 - 교차로안,특수,남,61세,상해없음,승용,남,32세,중상
2016051000100432,2016년 5월 10일 17시,화요일,인천광역시 남동구 고잔동,경상사고,0,0,2,0,차대차 - 측면직각충돌,안전운전불이행,건조,맑음,교차로 - 교차로안,승용,남,22세,상해없음,승용,남,65세,경상
2016051000100502,2016년 5월 10일 19시,화요일,인천광역시 남동구 간석동,경상사고,0,0,1,0,차대차 - 추돌,안전운전불이행,건조,맑음,단일로 - 기타,승용,남,34세,상해없음,승용,남,43세,경상
2016051000100503,2016년 5월 10일 19시,화요일,인천광역시 부평구 부평동,경상사고,0,0,2,0,차대차 - 추돌,안전운전불이행,건조,맑음,단일로 - 교량,승용,남,22세,상해없음,승용,남,61세,경상
2016051000100548,2016년 5월 10일 20시,화요일,인천광역시 연수구 선학동,사망사고,1,0,0,0,차대사람 - 횡단중,보행자보호의무위반,습기,흐림,교차로 - 교차로부근,승용,남,60세,상해없음,보행자,여,50세,사망
2016051000100549,2016년 5월 10일 20시,화요일,인천광역시 연수구 송도동,중상사고,0,1,0,0,차대사람 - 횡단중,보행자보호의무위반,습기,흐림,교차로 - 교차로부근,승용,남,36세,상해없음,보행자,남,53세,중상
2016051000100615,2016년 5월 10일 22시,화요일,인천광역시 옹진군 영흥면,중상사고,0,1,2,0,차대사람 - 길가장자리구역통행중,안전운전불이행,건조,맑음,단일로 - 기타,승용,남,32세,상해없음,보행자,여,18세,중상
2016051000100616,2016년 5월 10일 22시,화요일,인천광역시 계양구 작전동,중상사고,0,1,0,0,차대사람 - 횡단중,안전운전불이행,건조,맑음,교차로 - 교차로부근,승용,여,38세,상해없음,보행자,남,43세,중상
2016051000100617,2016년 5월 10일 22시,화요일,인천광역시 강화군 길상면,경상사고,0,0,1,0,차대차 - 측면충돌,안전운전불이행,건조,흐림,단일로 - 기타,승용,여,59세,상해없음,자전거,남,41세,경상
2016051000100638,2016년 5월 10일 23시,화요일,인천광역시 남구 주안동,경상사고,0,0,1,0,차대사람 - 횡단중,안전운전불이행,건조,맑음,단일로 - 기타,승용,남,25세,상해없음,보행자,남,53세,경상
2016051000100639,2016년 5월 10일 23시,화요일,인천광역시 부평구 산곡동,경상사고,0,0,1,0,차대차 - 추돌,안전운전불이행,건조,맑음,단일로 - 기타,승용,남,44세,상해없음,승합,남,48세,경상
2016051000100640,2016년 5월 10일 23시,화요일,인천광역시 부평구 청천동,중상사고,0,1,0,0,차대사람 - 기타,신호위반,건조,맑음,교차로 - 교차로부근,승용,남,41세,상해없음,보행자,여,50세,중상
2016051000100641,2016년 5월 10일 23시,화요일,인천광역시 서구 경서동,중상사고,0,1,0,0,차대차 - 측면충돌,신호위반,건조,맑음,교차로 - 교차로안,승용,남,35세,상해없음,이륜,남,58세,중상
2016051100100045,2016년 5월 11일 03시,수요일,인천광역시 부평구 부평동,경상사고,0,0,1,0,차대차 - 측면직각충돌,안전운전불이행,건조,맑음,단일로 - 기타,승용,남,25세,상해없음,승용,남,52세,경상
2016051100100066,2016년 5월 11일 06시,수요일,인천광역시 서구 심곡동,경상사고,0,0,1,0,차대사람 - 보도통행중,기타,건조,맑음,단일로 - 기타,승용,남,50세,상해없음,보행자,남,81세,경상
2016051100100093,2016년 5월 11일 07시,수요일,인천광역시 연수구 선학동,경상사고,0,0,1,0,차대차 - 추돌,안전운전불이행,건조,맑음,단일로 - 기타,승용,남,28세,상해없음,화물,남,53세,경상
2016051100100127,2016년 5월 11일 08시,수요일,인천광역시 남구 도화동,중상사고,0,1,0,0,차대사람 - 횡단중,안전운전불이행,건조,맑음,단일로 - 기타,승용,남,49세,상해없음,보행자,여,15세,중상
2016051100100128,2016년 5월 11일 08시,수요일,인천광역시 서구 연희동,중상사고,0,1,0,0,차대차 - 측면충돌,교차로운행방법위반,건조,맑음,단일로 - 기타,승용,남,49세,상해없음,자전거,여,58세,중상
2016051100100129,2016년 5월 11일 08시,수요일,인천광역시 연수구 동춘동,경상사고,0,0,1,0,차대차 - 추돌,안전운전불이행,건조,맑음,교차로 - 교차로안,승용,여,37세,상해없음,승용,남,30세,경상
2016051100100203,2016년 5월 11일 10시,수요일,인천광역시 중구 운서동,경상사고,0,0,5,0,차대차 - 정면충돌,신호위반,건조,맑음,교차로 - 교차로안,승용,여,27세,상해없음,승합,남,51세,경상
2016051100100257,2016년 5월 11일 12시,수요일,인천광역시 서구 마전동,경상사고,0,0,1,0,차대차 - 측면충돌,안전운전불이행,건조,맑음,단일로 - 기타,승용,여,31세,상해없음,승용,남,64세,경상
2016051100100359,2016년 5월 11일 15시,수요일,인천광역시 남동구 간석동,경상사고,0,0,1,0,차대사람 - 횡단중,보행자보호의무위반,건조,맑음,단일로 - 횡단보도상,승용,여,40세,상해없음,보행자,여,56세,경상
2016051100100360,2016년 5월 11일 15시,수요일,인천광역시 서구 가좌동,중상사고,0,1,0,0,차대차 - 기타,중앙선침범,건조,맑음,단일로 - 기타,승용,여,65세,상해없음,승용,남,56세,중상
2016051100100405,2016년 5월 11일 16시,수요일,인천광역시 남동구 간석동,중상사고,0,1,0,0,차대사람 - 횡단중,안전운전불이행,건조,맑음,단일로 - 횡단보도상,승용,남,46세,상해없음,보행자,남,57세,중상
2016051100100449,2016년 5월 11일 17시,수요일,인천광역시 남동구 구월동,중상사고,0,1,0,0,차대차 - 추돌,안전운전불이행,건조,맑음,단일로 - 기타,승용,여,34세,상해없음,승용,남,56세,중상
2016051100100450,2016년 5월 11일 17시,수요일,인천광역시 계양구 계산동,부상신고사고,0,0,0,1,차대차 - 측면충돌,안전운전불이행,건조,맑음,단일로 - 기타,승합,남,70세,상해없음,자전거,남,13세,부상신고
2016051100100494,2016년 5월 11일 18시,수요일,인천광역시 중구 신흥동3가,부상신고사고,0,0,0,2,차대차 - 측면충돌,신호위반,건조,맑음,교차로 - 교차로안,이륜,남,20세,부상신고,승용,남,45세,부상신고
2016051100100526,2016년 5월 11일 19시,수요일,인천광역시 부평구 청천동,중상사고,0,1,0,0,차대사람 - 기타,기타,건조,맑음,교차로 - 교차로부근,승합,남,62세,상해없음,보행자,남,74세,중상
2016051100100527,2016년 5월 11일 19시,수요일,인천광역시 서구 가정동,중상사고,0,1,0,0,차대차 - 기타,신호위반,건조,맑음,교차로 - 교차로안,승용,여,49세,상해없음,자전거,남,77세,중상
2016051100100564,2016년 5월 11일 20시,수요일,인천광역시 중구 율목동,경상사고,0,0,1,0,차대차 - 기타,신호위반,건조,맑음,교차로 - 교차로안,기타불명,기타불명,기타불명,기타불명,승용,남,59세,상해없음
2016051100100565,2016년 5월 11일 20시,수요일,인천광역시 남동구 간석동,경상사고,0,0,1,0,차대사람 - 기타,안전운전불이행,건조,맑음,기타 - 기타,승용,남,23세,상해없음,보행자,남,59세,경상
2016051100100566,2016년 5월 11일 20시,수요일,인천광역시 서구 가좌동,중상사고,0,1,0,0,차대사람 - 횡단중,안전운전불이행,건조,맑음,단일로 - 기타,승용,여,44세,상해없음,보행자,여,51세,중상