사고번호,사고일시,요일,시군구,사고내용,사망자수,중상자수,경상자수,부상신고자수,사고유형,법규위반,노면상태,기상상태,도로형태,가해운전자 차종,가해운전자 성별,가해운전자 연령,가해운전자 상해정도,피해운전자 차종,피해운전자 성별,피해운전자 연령,피해운전자 상해정도
2016052000100671,2016년 5월 20일 22시,금요일,인천광역시 남동구 장수동,경상사고,0,0,2,0,차대차 - 측면직각충돌,안전거리미확보,건조,맑음,기타 - 기타,승용,남,51세,상해없음,승합,남,49세,경상
2016052000100709,2016년 5월 20일 23시,금요일,인천광역시 계양구 작전동,경상사고,0,0,1,0,차대차 - 측면직각충돌,안전운전불이행,건조,맑음,단일로 - 기타,승용,남,47세,상해없음,승용,여,56세,경상
2016052100100029,2016년 5월 21일 01시,토요일,인천광역시 부평구 일신동,경상사고,0,0,2,0,차대차 - 측면직각충돌,안전운전불이행,건조,맑음,교차로 - 교차로부근,승용,남,30세,상해없음,승용,남,63세,경상
2016052100100048,2016년 5월 21일 02시,토요일,인천광역시 부평구 부평동,중상사고,0,1,0,0,차대사람 - 횡단중,안전운전불이행,건조,맑음,단일로 - 횡단보도상,화물,남,68세,상해없음,보행자,남,28세,중상
2016052100100087,2016년 5월 21일 05시,토요일,인천광역시 계양구 작전동,중상사고,0,1,0,0,차대차 - 측면충돌,안전운전불이행,건조,맑음,교차로 - 교차로안,승용,여,67세,상해없음,자전거,남,77세,중상
2016052100100096,2016년 5월 21일 06시,토요일,인천광역시 남동구 장수동,경상사고,0,0,1,0,차대차 - 측면직각충돌,차로위반,건조,맑음,단일로 - 기타,승용,남,67세,상해없음,승용,여,63세,경상
2016052100100130,2016년 5월 21일 08시,토요일,인천광역시 강화군 강화읍,경상사고,0,0,2,0,차대차 - 측면충돌,안전운전불이행,건조,맑음,단일로 - 기타,승합,남,42세,상해없음,승용,남,44세,경상
2016052100100334,2016년 5월 21일 13시,토요일,인천광역시 남동구 논현동,경상사고,0,0,4,0,차대차 - 측면충돌,안전거리미확보,건조,맑음,단일로 - 기타,승용,여,38세,상해없음,승용,남,33세,상해없음
2016052100100380,2016년 5월 21일 14시,토요일,인천광역시 남동구 논현동,중상사고,0,1,3,0,차대차 - 추돌,안전운전불이행,건조,맑음,단일로 - 기타,승용,남,55세,상해없음,승용,남,55세,중상
2016052100100381,2016년 5월 21일 14시,토요일,인천광역시 서구 마전동,경상사고,0,0,1,0,차대차 - 측면충돌,안전운전불이행,건조,맑음,단일로 - 기타,승용,남,60세,상해없음,승용,여,39세,경상
2016052100100382,2016년 5월 21일 14시,토요일,인천광역시 계양구 임학동,경상사고,0,0,3,0,차대차 - 추돌,안전거리미확보,건조,맑음,교차로 - 교차로부근,승용,남,44세,상해없음,승용,남,40세,경상
2016052100100485,2016년 5월 21일 17시,토요일,인천광역시 계양구 서운동,중상사고,0,3,4,1,차대차 - 측면충돌,신호위반,건조,맑음,교차로 - 교차로안,승합,남,67세,상해없음,승용,남,34세,중상
2016052100100486,2016년 5월 21일 17시,토요일,인천광역시 강화군 양도면,경상사고,0,0,1,0,차대차 - 측면충돌,안전운전불이행,건조,맑음,단일로 - 기타,농기계,남,77세,상해없음,승용,남,28세,상해없음
2016052100100522,2016년 5월 21일 18시,토요일,인천광역시 부평구 부평동,경상사고,0,0,5,0,차대차 - 추돌,안전운전불이행,건조,맑음,단일로 - 기타,승용,남,22세,상해없음,승용,여,47세,경상
2016052100100523,2016년 5월 21일 18시,토요일,인천광역시 부평구 부개동,경상사고,0,0,1,0,차대차 - 추돌,중앙선침범,건조,맑음,단일로 - 기타,자전거,남,13세,경상,화물,남,53세,상해없음
2016052100100588,2016년 5월 21일 20시,토요일,인천광역시 남동구 만수동,중상사고,0,1,0,0,차대사람 - 기타,안전운전불이행,건조,맑음,단일로 - 기타,승합,남,49세,상해없음,보행자,여,54세,중상
2016052100100589,2016년 5월 21일 20시,토요일,인천광역시 남동구 구월동,경상사고,0,0,1,0,차대사람 - 횡단중,신호위반,건조,맑음,교차로 - 교차로안,원동기,남,20세,상해없음,보행자,여,17세,경상
2016052100100590,2016년 5월 21일 20시,토요일,인천광역시 서구 당하동,경상사고,0,0,2,0,차대차 - 측면충돌,안전운전불이행,건조,맑음,교차로 - 교차로안,승용,남,52세,상해없음,화물,남,55세,경상
2016052100100591,2016년 5월 21일 20시,토요일,인천광역시 강화군 송해면,사망사고,1,0,0,0,차대차 - 정면충돌,중앙선침범,건조,맑음,단일로 - 기타,화물,남,59세,상해없음,이륜,남,79세,사망
2016052100100592,2016년 5월 21일 20시,토요일,인천광역시 강화군 송해면,중상사고,0,2,2,0,차대차 - 추돌,안전운전불이행,건조,맑음,단일로 - 기타,승합,남,45세,상해없음,화물,남,62세,경상
2016052100100593,2016년 5월 21일 20시,토요일,인천광역시 연수구 동춘동,중상사고,0,1,2,0,차대차 - 정면충돌,신호위반,건조,맑음,교차로 - 교차로안,이륜,남,17세,중상,승용,남,57세,경상
2016052100100652,2016년 5월 21일 22시,토요일,인천광역시 남동구 간석동,경상사고,0,0,1,0,차대사람 - 횡단중,안전운전불이행,건조,맑음,교차로 - 교차로부근,승용,남,55세,상해없음,보행자,여,46세,경상
2016052100100681,2016년 5월 21일 23시,토요일,인천광역시 중구 을왕동,경상사고,0,0,3,0,차대차 - 측면충돌,중앙선침범,건조,맑음,교차로 - 교차로안,승용,남,41세,상해없음,승용,여,30세,경상
2016052100100682,2016년 5월 21일 23시,토요일,인천광역시 서구 석남동,경상사고,0,0,2,0,차대차 - 측면직각충돌,안전운전불이행,건조,맑음,교차로 - 교차로안,승용,남,21세,경상,이륜,남,16세,경상
2016052200100014,2016년 5월 22일 00시,일요일,인천광역시 남동구 논현동,부상신고사고,0,0,0,1,차대사람 - 기타,안전운전불이행,건조,맑음,단일로 - 기타,승용,기타불명,기타불명,기타불명,보행자,남,48세,부상신고
2016052200100038,2016년 5월 22일 01시,일요일,인천광역시 중구 운서동,경상사고,0,0,2,0,차대차 - 측면충돌,신호위반,건조,맑음,단일로 - 기타,승용,남,51세,상해없음,승용,남,29세,경상
2016052200100054,2016년 5월 22일 02시,일요일,인천광역시 서구 신현동,사망사고,1,0,0,0,차량단독 - 전도전복,중앙선침범,건조,맑음,단일로 - 기타,이륜,남,17세,사망,,,,
2016052200100080,2016년 5월 22일 04시,일요일,인천광역시 연수구 옥련동,중상사고,0,1,0,0,차량단독 - 공작물충돌,안전운전불이행,건조,맑음,교차로 - 교차로안,승용,여,35세,중상,,,,
2016052200100092,2016년 5월 22일 05시,일요일,인천광역시 남동구 구월동,경상사고,0,0,1,0,차대차 - 추돌,안전운전불이행,건조,맑음,단일로 - 기타,승용,남,25세,상해없음,승용,남,47세,경상
2016052200100110,2016년 5월 22일 06시,일요일,인천광역시 남구 학익동,중상사고,0,1,0,0,차량단독 - 전도전복,안전운전불이행,건조,맑음,교차로 - 교차로부근,원동기,남,15세,중상,,,,
2016052200100111,2016년 5월 22일 06시,일요일,인천광역시 남동구 운연동,경상사고,0,0,2,0,차대차 - 추돌,안전운전불이행,건조,맑음,단일로 - 기타,승합,여,54세,상해없음,승용,남,54세,경상
2016052200100141,2016년 5월 22일 08시,일요일,인천광역시 남구 주안동,경상사고,0,0,1,0,차대차 - 추돌,안전운전불이행,건조,맑음,교차로 - 교차로부근,승용,남,40세,상해없음,승용,남,36세,경상
2016052200100165,2016년 5월 22일 09시,일요일,인천광역시 서구 가좌동,경상사고,0,0,1,0,차대사람 - 기타,안전운전불이행,건조,맑음,단일로 - 기타,승합,남,43세,기타불명,보행자,여,53세,경상
2016052200100203,2016년 5월 22일 10시,일요일,인천광역시 계양구 박촌동,중상사고,0,1,2,0,차대차 - 측면충돌,안전운전불이행,건조,맑음,단일로 - 기타,승용,여,58세,상해없음,승용,남,29세,중상
2016052200100223,2016년 5월 22일 11시,일요일,인천광역시 남동구 도림동,사망사고,1,1,0,0,차대차 - 추돌,안전거리미확보,건조,맑음,단일로 - 기타,이륜,남,32세,사망,이륜,남,29세,상해없음
2016052200100254,2016년 5월 22일 12시,일요일,인천광역시 남동구 간석동,중상사고,0,1,0,0,차대사람 - 차도통행중,안전운전불이행,건조,맑음,단일로 - 기타,승용,남,38세,상해없음,보행자,여,15세,중상
2016052200100255,2016년 5월 22일 12시,일요일,인천광역시 연수구 옥련동,경상사고,0,0,1,0,차대차 - 기타,교차로운행방법위반,건조,맑음,교차로 - 교차로부근,승용,남,57세,상해없음,승용,여,58세,경상
2016052200100340,2016년 5월 22일 15시,일요일,인천광역시 서구 경서동,중상사고,0,1,0,0,차대차 - 측면충돌,신호위반,건조,맑음,교차로 - 교차로안,승용,남,53세,기타불명,승용,남,67세,중상
2016052200100341,2016년 5월 22일 15시,일요일,인천광역시 남동구 운연동,경상사고,0,0,1,0,차대차 - 추돌,안전운전불이행,건조,맑음,단일로 - 기타,승용,남,45세,상해없음,승용,남,32세,경상
2016052200100448,2016년 5월 22일 18시,일요일,인천광역시 연수구 동춘동,경상사고,0,0,1,0,차대차 - 기타,안전운전불이행,건조,맑음,교차로 - 교차로안,승용,남,37세,상해없음,승합,남,44세,상해없음
2016052200100518,2016년 5월 22일 21시,일요일,인천광역시 부평구 십정동,중상사고,0,1,0,0,차대차 - 측면직각충돌,안전운전불이행,건조,맑음,교차로 - 교차로부근,승용,여,54세,상해없음,이륜,남,29세,중상
2016052200100540,2016년 5월 22일 22시,일요일,인천광역시 남구 주안동,경상사고,0,0,1,0,차대차 - 기타,안전운전불이행,건조,맑음,단일로 - 기타,화물,남,26세,상해없음,승합,남,70세,상해없음
2016052300100013,2016년 5월 23일 01시,월요일,인천광역시 부평구 부평동,중상사고,0,1,0,0,차대차 - 정면충돌,신호위반,건조,맑음,교차로 - 교차로안,승용,남,63세,상해없음,승용,남,56세,중상
2016052300100037,2016년 5월 23일 04시,월요일,인천광역시 남구 도화동,경상사고,0,0,1,1,차대차 - 측면직각충돌,안전운전불이행,건조,맑음,기타 - 기타,승용,남,34세,부상신고,승용,여,36세,경상
2016052300100146,2016년 5월 23일 08시,월요일,인천광역시 남구 도화동,중상사고,0,2,0,0,차대차 - 측면직각충돌,안전운전불이행,건조,맑음,기타 - 기타,승용,남,22세,상해없음,승용,남,44세,중상
2016052300100147,2016년 5월 23일 08시,월요일,인천광역시 남구 학익동,사망사고,1,0,0,0,차대사람 - 횡단중,신호위반,건조,맑음,교차로 - 교차로부근,화물,남,42세,상해없음,보행자,여,57세,사망
2016052300100148,2016년 5월 23일 08시,월요일,인천광역시 남구 숭의동,중상사고,0,1,0,0,차대차 - 측면직각충돌,안전운전불이행,건조,맑음,교차로 - 교차로부근,화물,남,63세,상해없음,승용,남,73세,중상
2016052300100150,2016년 5월 23일 08시,월요일,인천광역시 부평구 삼산동,경상사고,0,0,1,0,차대차 - 추돌,안전운전불이행,건조,맑음,교차로 - 교차로안,승합,남,68세,상해없음,승용,여,39세,경상
2016052300100151,2016년 5월 23일 08시,월요일,인천광역시 부평구 구산동,경상사고,0,0,1,0,차대차 - 추돌,안전운전불이행,건조,맑음,단일로 - 기타,승용,남,24세,상해없음,승용,여,33세,경상
2016052300100180,2016년 5월 23일 09시,월요일,인천광역시 남구 주안동,경상사고,0,0,2,0,차대차 - 추돌,안전거리미확보,건조,맑음,교차로 - 교차로부근,승용,여,42세,상해없음,승용,남,32세,경상
2016052300100262,2016년 5월 23일 12시,월요일,인천광역시 남동구 만수동,중상사고,0,1,0,0,차대차 - 추돌,안전운전불이행,건조,맑음,단일로 - 기타,화물,남,44세,상해없음,승용,여,51세,중상
2016052300100263,2016년 5월 23일 12시,월요일,인천광역시 강화군 강화읍,중상사고,0,1,0,0,차대차 - 측면충돌,신호위반,건조,맑음,교차로 - 교차로안,승용,남,66세,상해없음,승용,여,42세,중상
2016052300100299,2016년 5월 23일 13시,월요일,인천광역시 남구 용현동,경상사고,0,0,3,0,차대차 - 측면직각충돌,차로위반,건조,맑음,단일로 - 기타,승용,남,23세,상해없음,승용,남,57세,경상
2016052300100372,2016년 5월 23일 15시,월요일,인천광역시 남구 관교동,중상사고,0,1,0,0,차대사람 - 횡단중,안전운전불이행,건조,맑음,교차로 - 교차로안,승용,여,35세,상해없음,보행자,남,82세,중상
2016052300100373,2016년 5월 23일 15시,월요일,인천광역시 남동구 간석동,경상사고,0,0,1,0,차대차 - 측면충돌,교차로운행방법위반,건조,맑음,교차로 - 교차로안,화물,남,39세,상해없음,이륜,남,23세,경상
2016052300100411,2016년 5월 23일 16시,월요일,인천광역시 남구 도화동,경상사고,0,0,1,0,차대사람 - 기타,안전운전불이행,건조,맑음,단일로 - 기타,승합,남,64세,상해없음,보행자,여,12세,경상
2016052300100454,2016년 5월 23일 17시,월요일,인천광역시 남동구 간석동,중상사고,0,1,0,0,차대사람 - 횡단중,신호위반,건조,맑음,단일로 - 횡단보도상,승용,남,64세,상해없음,보행자,여,78세,중상
2016052300100455,2016년 5월 23일 17시,월요일,인천광역시 서구 왕길동,경상사고,0,0,1,0,차대차 - 정면충돌,안전운전불이행,건조,맑음,단일로 - 기타,승용,남,65세,상해없음,승용,여,27세,경상
2016052300100495,2016년 5월 23일 18시,월요일,인천광역시 남구 주안동,경상사고,0,0,1,0,차대차 - 추돌,안전운전불이행,건조,맑음,기타 - 기타,이륜,남,33세,상해없음,승용,남,47세,경상
2016052300100496,2016년 5월 23일 18시,월요일,인천광역시 남동구 구월동,중상사고,0,2,1,0,차대차 - 측면직각충돌,신호위반,건조,맑음,교차로 - 교차로안,승합,남,61세,상해없음,승용,남,70세,중상
2016052300100497,2016년 5월 23일 18시,월요일,인천광역시 연수구 옥련동,부상신고사고,0,0,0,1,차대사람 - 횡단중,안전운전불이행,건조,맑음,교차로 - 교차로부근,승용,남,32세,상해없음,보행자,여,3세,부상신고
2016052300100533,2016년 5월 23일 19시,월요일,인천광역시 남동구 장수동,경상사고,0,0,2,0,차대차 - 측면충돌,안전운전불이행,건조,맑음,교차로 - 교차로안,승용,여,24세,경상,승용,남,42세,경상
2016052300100582,2016년 5월 23일 21시,월요일,인천광역시 부평구 부평동,경상사고,0,0,1,0,차대차 - 측면충돌,안전거리미확보,건조,흐림,단일로 - 기타,승용,남,57세,상해없음,승용,여,40세,경상
2016052300100583,2016년 5월 23일 21시,월요일,인천광역시 부평구 삼산동,중상사고,0,1,0,0,차대사람 - 횡단중,안전운전불이행,건조,맑음,교차로 - 교차로안,이륜,남,29세,상해없음,보행자,남,73세,중상
2016052300100636,2016년 5월 23일 23시,월요일,인천광역시 계양구 임학동,경상사고,0,0,2,0,차대차 - 측면충돌,안전운전불이행,건조,맑음,교차로 - 교차로안,승용,남,57세,상해없음,승용,남,57세,경상
2016052400100094,2016년 5월 24일 06시,화요일,인천광역시 중구 항동7가,경상사고,0,0,1,1,차대차 - 측면충돌,신호위반,습기,비,교차로 - 교차로안,화물,남,48세,부상신고,건설기계,남,54세,경상
2016052400100095,2016년 5월 24일 06시,화요일,인천광역시 부평구 구산동,경상사고,0,0,1,0,차대차 - 추돌,안전운전불이행,습기,비,단일로 - 기타,승용,남,49세,상해없음,승용,남,54세,경상
2016052400100118,2016년 5월 24일 07시,화요일,인천광역시 중구 신흥동3가,경상사고,0,0,1,0,차대사람 - 횡단중,보행자보호의무위반,습기,비,단일로 - 횡단보도상,화물,남,51세,상해없음,보행자,남,8세,경상
2016052400100119,2016년 5월 24일 07시,화요일,인천광역시 서구 연희동,경상사고,0,0,1,0,차대차 - 기타,안전운전불이행,습기,비,단일로 - 기타,승용,남,52세,상해없음,승용,남,26세,경상
2016052400100120,2016년 5월 24일 07시,화요일,인천광역시 부평구 구산동,경상사고,0,0,2,0,차대차 - 정면충돌,중앙선침범,습기,비,단일로 - 횡단보도상,승용,남,34세,상해없음,승용,남,47세,경상
2016052400100148,2016년 5월 24일 08시,화요일,인천광역시 연수구 동춘동,중상사고,0,1,0,0,차대차 - 기타,불법유턴,습기,비,교차로 - 교차로부근,승용,남,27세,상해없음,승용,남,23세,중상
2016052400100198,2016년 5월 24일 09시,화요일,인천광역시 남구 도화동,경상사고,0,0,1,0,차대차 - 추돌,안전운전불이행,습기,비,단일로 - 기타,화물,남,44세,상해없음,승용,남,70세,경상
2016052400100199,2016년 5월 24일 09시,화요일,인천광역시 남동구 구월동,경상사고,0,0,1,0,차대차 - 측면직각충돌,신호위반,습기,맑음,단일로 - 기타,승용,남,61세,상해없음,원동기,남,51세,경상
2016052400100234,2016년 5월 24일 10시,화요일,인천광역시 강화군 내가면,중상사고,0,1,1,0,차대차 - 추돌,안전운전불이행,건조,맑음,단일로 - 기타,승합,남,33세,상해없음,승용,남,41세,경상
2016052400100235,2016년 5월 24일 10시,화요일,인천광역시 부평구 갈산동,경상사고,0,0,2,0,차대차 - 측면직각충돌,신호위반,건조,맑음,교차로 - 교차로안,승용,남,51세,상해없음,승용,남,78세,경상
2016052400100266,2016년 5월 24일 11시,화요일,인천광역시 서구 마전동,경상사고,0,0,1,0,차대차 - 기타,안전운전불이행,건조,맑음,교차로 - 교차로안,승합,남,43세,기타불명,승용,여,56세,경상
2016052400100461,2016년 5월 24일 17시,화요일,인천광역시 부평구 갈산동,경상사고,0,0,2,0,차대차 - 추돌,안전운전불이행,건조,맑음,단일로 - 기타,승용,남,38세,상해없음,승용,여,54세,경상
2016052400100495,2016년 5월 24일 18시,화요일,인천광역시 부평구 청천동,중상사고,0,1,0,0,차대사람 - 횡단중,안전운전불이행,건조,맑음,단일로 - 기타,화물,남,46세,상해없음,보행자,여,60세,중상
2016052400100496,2016년 5월 24일 18시,화요일,인천광역시 남동구 간석동,경상사고,0,0,1,0,차대차 - 측면충돌,안전운전불이행,건조,맑음,교차로 - 교차로안,화물,남,58세,상해없음,승용,남,47세,경상
2016052400100497,2016년 5월 24일 18시,화요일,인천광역시 계양구 작전동,경상사고,0,0,1,0,차대차 - 측면충돌,안전운전불이행,건조,맑음,교차로 - 교차로안,승용,남,23세,상해없음,이륜,남,40세,경상
2016052400100614,2016년 5월 24일 22시,화요일,인천광역시 남동구 구월동,중상사고,0,1,1,0,차대차 - 측면충돌,신호위반,건조,맑음,교차로 - 교차로안,승용,남,70세,경상,승용,남,31세,중상
2016052500100026,2016년 5월 25일 02시,수요일,인천광역시 남동구 간석동,경상사고,0,0,1,0,차대차 - 측면직각충돌,안전운전불이행,건조,맑음,단일로 - 기타,승용,남,19세,상해없음,승용,남,36세,기타불명
2016052500100027,2016년 5월 25일 02시,수요일,인천광역시 연수구 옥련동,경상사고,0,0,1,0,차대차 - 추돌,안전운전불이행,건조,맑음,단일로 - 기타,승용,남,53세,상해없음,승합,남,57세,경상
2016052500100089,2016년 5월 25일 07시,수요일,인천광역시 서구 경서동,경상사고,0,0,1,0,차대차 - 정면충돌,안전운전불이행,건조,맑음,기타 - 기타,승용,남,35세,상해없음,승용,남,40세,경상
2016052500100090,2016년 5월 25일 07시,수요일,인천광역시 연수구 선학동,중상사고,0,1,0,0,차대차 - 측면충돌,안전운전불이행,건조,맑음,단일로 - 기타,승용,남,32세,상해없음,자전거,남,79세,중상
2016052500100126,2016년 5월 25일 08시,수요일,인천광역시 서구 가좌동,경상사고,0,0,1,0,차대차 - 측면충돌,신호위반,건조,맑음,교차로 - 교차로안,승용,남,28세,상해없음,승용,남,29세,경상
2016052500100155,2016년 5월 25일 09시,수요일,인천광역시 남동구 논현동,중상사고,0,1,0,0,차대차 - 측면직각충돌,신호위반,건조,맑음,교차로 - 교차로안,승용,남,32세,상해없음,승용,남,56세,중상
2016052500100156,2016년 5월 25일 09시,수요일,인천광역시 남동구 논현동,사망사고,1,0,0,0,차대차 - 측면직각충돌,신호위반,건조,맑음,교차로 - 교차로안,자전거,남,69세,사망,승용,여,49세,상해없음
2016052500100157,2016년 5월 25일 09시,수요일,인천광역시 계양구 작전동,경상사고,0,0,1,0,차대차 - 측면직각충돌,안전거리미확보,건조,맑음,단일로 - 기타,승용,남,23세,상해없음,승용,남,43세,경상
2016052500100158,2016년 5월 25일 09시,수요일,인천광역시 부평구 부평동,경상사고,0,0,2,0,차대사람 - 기타,안전운전불이행,건조,맑음,단일로 - 기타,이륜,남,39세,경상,보행자,여,68세,경상
2016052500100320,2016년 5월 25일 14시,수요일,인천광역시 남구 용현동,경상사고,0,0,1,0,차대사람 - 횡단중,안전운전불이행,건조,맑음,단일로 - 기타,승용,남,60세,상해없음,보행자,남,19세,경상
2016052500100321,2016년 5월 25일 14시,수요일,인천광역시 서구 경서동,경상사고,0,0,5,0,차대차 - 추돌,안전운전불이행,건조,맑음,단일로 - 기타,특수,남,49세,상해없음,화물,남,60세,경상
2016052500100322,2016년 5월 25일 14시,수요일,인천광역시 서구 왕길동,중상사고,0,1,0,0,차량단독 - 전도전복,안전운전불이행,건조,맑음,단일로 - 기타,승합,남,55세,상해없음,,,,
2016052500100357,2016년 5월 25일 15시,수요일,인천광역시 남동구 만수동,경상사고,0,0,1,0,차대차 - 정면충돌,안전운전불이행,건조,맑음,교차로 - 교차로부근,승용,남,72세,상해없음,승용,여,33세,경상
2016052500100442,2016년 5월 25일 17시,수요일,인천광역시 중구 중산동,경상사고,0,0,1,0,차대차 - 기타,신호위반,건조,맑음,단일로 - 기타,자전거,남,13세,기타불명,승합,남,50세,상해없음
2016052500100443,2016년 5월 25일 17시,수요일,인천광역시 남구 학익동,경상사고,0,0,1,0,차대차 - 추돌,안전운전불이행,건조,맑음,단일로 - 기타,승용,남,67세,상해없음,승용,남,58세,경상
2016052500100444,2016년 5월 25일 17시,수요일,인천광역시 남동구 장수동,경상사고,0,0,1,0,차대차 - 측면직각충돌,차로위반,건조,맑음,단일로 - 기타,승합,남,47세,기타불명,승용,남,36세,경상
2016052500100445,2016년 5월 25일 17시,수요일,인천광역시 남동구 간석동,경상사고,0,0,1,0,차대사람 - 기타,기타,건조,맑음,단일로 - 기타,승합,남,55세,상해없음,보행자,여,69세,경상
2016052500100480,2016년 5월 25일 18시,수요일,인천광역시 남동구 만수동,경상사고,0,0,1,0,차대차 - 기타,안전운전불이행,건조,맑음,단일로 - 횡단보도부근,이륜,남,25세,기타불명,승용,여,54세,경상
2016052500100481,2016년 5월 25일 18시,수요일,인천광역시 계양구 계산동,중상사고,0,1,0,0,차대사람 - 횡단중,안전운전불이행,건조,맑음,단일로 - 기타,승합,남,40세,상해없음,보행자,여,40세,중상
2016052500100514,2016년 5월 25일 19시,수요일,인천광역시 남구 용현동,중상사고,0,1,0,0,차대차 - 추돌,안전운전불이행,건조,맑음,교차로 - 교차로부근,승용,남,47세,상해없음,승용,여,51세,중상
2016052500100547,2016년 5월 25일 20시,수요일,인천광역시 남구 주안동,경상사고,0,0,1,0,차대사람 - 기타,안전운전불이행,건조,맑음,단일로 - 기타,승용,남,62세,상해없음,보행자,여,36세,경상
2016052500100570,2016년 5월 25일 21시,수요일,인천광역시 계양구 계산동,경상사고,0,0,1,0,차대사람 - 기타,안전운전불이행,건조,맑음,단일로 - 기타,이륜,남,28세,상해없음,보행자,남,27세,경상
2016052500100571,2016년 5월 25일 21시,수요일,인천광역시 연수구 송도동,경상사고,0,0,1,0,차대차 - 기타,안전거리미확보,건조,맑음,단일로 - 기타,승용,여,33세,상해없음,이륜,남,24세,경상
2016052500100606,2016년 5월 25일 22시,수요일,인천광역시 서구 연희동,경상사고,0,0,2,0,차대차 - 기타,안전운전불이행,건조,맑음,교차로 - 교차로부근,승합,남,57세,상해없음,승용,남,44세,경상
2016052500100628,2016년 5월 25일 23시,수요일,인천광역시 계양구 효성동,중상사고,0,1,0,0,차대사람 - 기타,신호위반,건조,맑음,교차로 - 교차로부근,승용,여,57세,상해없음,보행자,남,41세,중상
2016052600100017,2016년 5월 26일 00시,목요일,인천광역시 남동구 만수동,경상사고,0,0,1,0,차대차 - 정면충돌,안전운전불이행,건조,맑음,기타 - 기타,승용,남,36세,기타불명,승용,남,34세,상해없음
2016052600100018,2016년 5월 26일 00시,목요일,인천광역시 서구 석남동,중상사고,0,1,0,0,차대사람 - 기타,안전운전불이행,건조,맑음,교차로 - 교차로부근,승용,남,58세,상해없음,보행자,남,49세,중상
2016052600100070,2016년 5월 26일 06시,목요일,인천광역시 남동구 간석동,경상사고,0,0,1,0,차대차 - 추돌,교차로운행방법위반,건조,맑음,교차로 - 교차로부근,승용,남,41세,상해없음,승용,남,32세,경상
2016052600100132,2016년 5월 26일 08시,목요일,인천광역시 부평구 부평동,경상사고,0,0,1,0,차대사람 - 횡단중,안전운전불이행,건조,맑음,교차로 - 교차로부근,승용,여,26세,상해없음,보행자,여,27세,경상
2016052600100133,2016년 5월 26일 08시,목요일,인천광역시 서구 석남동,중상사고,0,1,0,0,차대사람 - 길가장자리구역통행중,안전운전불이행,건조,맑음,단일로 - 기타,승용,남,38세,상해없음,보행자,남,6세,중상
2016052600100168,2016년 5월 26일 09시,목요일,인천광역시 남구 주안동,중상사고,0,1,1,0,차대사람 - 횡단중,보행자보호의무위반,건조,맑음,단일로 - 횡단보도상,승용,여,39세,상해없음,보행자,여,65세,경상
2016052600100244,2016년 5월 26일 12시,목요일,인천광역시 남구 주안동,경상사고,0,0,1,0,차대사람 - 횡단중,안전운전불이행,건조,맑음,단일로 - 기타,승용,남,23세,상해없음,보행자,여,20세,경상
2016052600100271,2016년 5월 26일 13시,목요일,인천광역시 남동구 논현동,중상사고,0,1,0,0,차대사람 - 횡단중,안전운전불이행,건조,맑음,단일로 - 기타,승용,남,31세,상해없음,보행자,여,62세,중상
2016052600100339,2016년 5월 26일 15시,목요일,인천광역시 남동구 서창동,경상사고,0,0,1,0,차대차 - 기타,안전거리미확보,건조,맑음,단일로 - 기타,승용,남,68세,상해없음,승합,남,56세,상해없음
2016052600100374,2016년 5월 26일 16시,목요일,인천광역시 연수구 옥련동,경상사고,0,0,1,0,차대차 - 기타,교차로운행방법위반,건조,맑음,교차로 - 교차로부근,화물,남,51세,상해없음,승용,남,46세,경상
2016052600100421,2016년 5월 26일 17시,목요일,인천광역시 남구 숭의동,경상사고,0,0,1,0,차대차 - 기타,기타,건조,맑음,교차로 - 교차로안,화물,남,46세,상해없음,승용,남,69세,경상
2016052600100422,2016년 5월 26일 17시,목요일,인천광역시 서구 백석동,경상사고,0,0,1,0,차대차 - 측면충돌,안전운전불이행,건조,맑음,단일로 - 기타,승용,남,57세,상해없음,승용,남,63세,경상
2016052600100490,2016년 5월 26일 19시,목요일,인천광역시 부평구 십정동,경상사고,0,0,1,0,차대사람 - 횡단중,보행자보호의무위반,건조,맑음,교차로 - 교차로부근,승용,남,69세,상해없음,보행자,여,67세,경상
2016052600100522,2016년 5월 26일 20시,목요일,인천광역시 중구 중산동,중상사고,0,1,1,0,차대차 - 측면충돌,안전거리미확보,건조,맑음,교차로 - 교차로안,화물,남,53세,상해없음,승용,여,36세,중상
2016052600100523,2016년 5월 26일 20시,목요일,인천광역시 남동구 고잔동,경상사고,0,0,1,0,차대차 - 측면직각충돌,신호위반,건조,맑음,교차로 - 교차로안,승용,남,51세,상해없음,승용,남,35세,경상
2016052600100556,2016년 5월 26일 21시,목요일,인천광역시 서구 가좌동,경상사고,0,0,1,0,차대차 - 측면직각충돌,안전운전불이행,건조,맑음,단일로 - 기타,원동기,남,37세,상해없음,승용,남,50세,경상
2016052600100585,2016년 5월 26일 22시,목요일,인천광역시 옹진군 영흥면,사망사고,1,2,0,0,차대차 - 정면충돌,중앙선침범,건조,맑음,단일로 - 기타,승용,남,33세,중상,승용,남,55세,사망
2016052600100586,2016년 5월 26일 22시,목요일,인천광역시 서구 가정동,경상사고,0,0,2,0,차대차 - 측면충돌,신호위반,건조,맑음,교차로 - 교차로안,승용,남,66세,상해없음,승용,남,48세,경상