사고번호,사고일시,요일,시군구,사고내용,사망자수,중상자수,경상자수,부상신고자수,사고유형,법규위반,노면상태,기상상태,도로형태,가해운전자 차종,가해운전자 성별,가해운전자 연령,가해운전자 상해정도,피해운전자 차종,피해운전자 성별,피해운전자 연령,피해운전자 상해정도
2016060700100166,2016년 6월 7일 09시,화요일,인천광역시 남동구 구월동,경상사고,0,0,1,0,차대차 - 측면직각충돌,교차로운행방법위반,건조,맑음,교차로 - 교차로부근,승용,남,68세,상해없음,승용,여,30세,경상
2016060700100167,2016년 6월 7일 09시,화요일,인천광역시 서구 심곡동,중상사고,0,1,0,0,차대사람 - 횡단중,중앙선침범,건조,맑음,교차로 - 교차로부근,자전거,남,17세,기타불명,보행자,여,53세,중상
2016060700100168,2016년 6월 7일 09시,화요일,인천광역시 서구 석남동,부상신고사고,0,0,0,1,차대사람 - 기타,기타,건조,맑음,단일로 - 기타,승합,남,49세,기타불명,보행자,여,19세,부상신고
2016060700100169,2016년 6월 7일 09시,화요일,인천광역시 계양구 계산동,경상사고,0,0,1,0,차대차 - 측면직각충돌,신호위반,건조,맑음,교차로 - 교차로안,승용,남,19세,상해없음,승용,남,64세,경상
2016060700100218,2016년 6월 7일 11시,화요일,인천광역시 서구 불로동,경상사고,0,0,1,0,차대사람 - 기타,안전운전불이행,건조,맑음,단일로 - 기타,승합,남,66세,기타불명,보행자,남,74세,경상
2016060700100219,2016년 6월 7일 11시,화요일,인천광역시 강화군 강화읍,중상사고,0,1,0,0,차대차 - 기타,안전운전불이행,건조,맑음,단일로 - 기타,승용,여,64세,상해없음,이륜,남,78세,중상
2016060700100284,2016년 6월 7일 13시,화요일,인천광역시 서구 가좌동,경상사고,0,0,1,0,차대차 - 기타,안전운전불이행,건조,맑음,단일로 - 기타,승용,남,41세,상해없음,승용,남,26세,경상
2016060700100317,2016년 6월 7일 14시,화요일,인천광역시 동구 송림동,경상사고,0,0,1,0,차대차 - 기타,안전운전불이행,건조,맑음,단일로 - 기타,승용,남,23세,기타불명,승용,남,33세,경상
2016060700100318,2016년 6월 7일 14시,화요일,인천광역시 서구 경서동,중상사고,0,1,0,0,차대차 - 측면직각충돌,신호위반,건조,맑음,교차로 - 교차로안,승용,남,53세,상해없음,승용,여,50세,중상
2016060700100350,2016년 6월 7일 15시,화요일,인천광역시 계양구 효성동,중상사고,0,1,1,0,차대차 - 측면충돌,중앙선침범,건조,맑음,교차로 - 교차로부근,이륜,남,79세,중상,승용,여,44세,경상
2016060700100351,2016년 6월 7일 15시,화요일,인천광역시 부평구 일신동,경상사고,0,0,1,0,차대차 - 추돌,안전운전불이행,건조,맑음,교차로 - 교차로부근,승용,남,58세,상해없음,승용,남,54세,경상
2016060700100382,2016년 6월 7일 16시,화요일,인천광역시 남구 주안동,경상사고,0,0,2,0,차대차 - 기타,안전운전불이행,건조,맑음,단일로 - 기타,승용,남,48세,상해없음,승용,여,32세,경상
2016060700100430,2016년 6월 7일 17시,화요일,인천광역시 연수구 청학동,중상사고,0,1,0,0,차량단독 - 기타,기타,건조,맑음,단일로 - 기타,승합,남,49세,상해없음,,,,
2016060800100013,2016년 6월 8일 00시,수요일,인천광역시 연수구 송도동,경상사고,0,0,1,0,차대사람 - 기타,안전운전불이행,건조,맑음,단일로 - 기타,승용,여,29세,기타불명,보행자,남,25세,경상
2016060800100023,2016년 6월 8일 01시,수요일,인천광역시 부평구 부평동,경상사고,0,0,1,0,차대차 - 정면충돌,중앙선침범,건조,맑음,교차로 - 교차로안,승용,여,43세,상해없음,승용,남,26세,경상
2016060800100025,2016년 6월 8일 02시,수요일,인천광역시 서구 마전동,경상사고,0,0,2,0,차대차 - 측면충돌,신호위반,건조,맑음,교차로 - 교차로안,승용,남,27세,상해없음,승용,여,29세,경상
2016060800100031,2016년 6월 8일 03시,수요일,인천광역시 남구 숭의동,중상사고,0,1,1,0,차대차 - 측면충돌,신호위반,건조,맑음,교차로 - 교차로안,승용,남,60세,상해없음,승용,남,60세,중상
2016060800100058,2016년 6월 8일 06시,수요일,인천광역시 남동구 논현동,경상사고,0,0,1,0,차대사람 - 기타,안전운전불이행,건조,맑음,단일로 - 기타,승용,남,65세,상해없음,보행자,남,37세,경상
2016060800100119,2016년 6월 8일 08시,수요일,인천광역시 남구 용현동,경상사고,0,0,1,0,차대차 - 추돌,교차로운행방법위반,건조,맑음,교차로 - 교차로안,화물,남,43세,상해없음,승용,여,49세,경상
2016060800100120,2016년 6월 8일 08시,수요일,인천광역시 서구 가정동,중상사고,0,1,0,0,차대차 - 측면충돌,신호위반,건조,맑음,교차로 - 교차로안,승용,남,75세,상해없음,이륜,남,61세,중상
2016060800100121,2016년 6월 8일 08시,수요일,인천광역시 부평구 구산동,경상사고,0,0,1,0,차대차 - 측면직각충돌,안전거리미확보,건조,맑음,단일로 - 교량,화물,남,64세,상해없음,승용,남,33세,경상
2016060800100191,2016년 6월 8일 10시,수요일,인천광역시 남동구 구월동,중상사고,0,1,0,0,차대사람 - 횡단중,안전운전불이행,건조,맑음,단일로 - 기타,승용,남,78세,상해없음,보행자,여,55세,중상
2016060800100192,2016년 6월 8일 10시,수요일,인천광역시 남동구 구월동,경상사고,0,0,1,0,차대사람 - 횡단중,보행자보호의무위반,건조,맑음,단일로 - 횡단보도상,이륜,남,64세,상해없음,보행자,여,31세,경상
2016060800100259,2016년 6월 8일 13시,수요일,인천광역시 부평구 갈산동,중상사고,0,1,0,0,차대차 - 측면직각충돌,신호위반,건조,맑음,교차로 - 교차로안,승용,여,55세,상해없음,승용,남,63세,중상
2016060800100351,2016년 6월 8일 16시,수요일,인천광역시 부평구 부평동,경상사고,0,0,2,0,차대차 - 측면직각충돌,안전운전불이행,건조,맑음,교차로 - 교차로안,승용,남,28세,상해없음,승용,여,41세,경상
2016060800100398,2016년 6월 8일 17시,수요일,인천광역시 부평구 부평동,중상사고,0,1,0,0,차대사람 - 횡단중,보행자보호의무위반,건조,맑음,교차로 - 교차로안,승용,여,47세,상해없음,보행자,여,7세,중상
2016060800100399,2016년 6월 8일 17시,수요일,인천광역시 남동구 간석동,경상사고,0,0,1,0,차대사람 - 횡단중,안전운전불이행,건조,맑음,교차로 - 교차로부근,승용,여,34세,상해없음,보행자,남,29세,경상
2016060800100435,2016년 6월 8일 18시,수요일,인천광역시 동구 송림동,경상사고,0,0,1,0,차대차 - 측면직각충돌,안전운전불이행,건조,맑음,교차로 - 교차로안,승용,남,53세,상해없음,승용,남,48세,경상
2016060800100436,2016년 6월 8일 18시,수요일,인천광역시 부평구 부개동,경상사고,0,0,1,0,차대차 - 측면직각충돌,교차로운행방법위반,건조,맑음,교차로 - 교차로안,승용,남,51세,상해없음,승용,남,55세,경상
2016060800100469,2016년 6월 8일 19시,수요일,인천광역시 부평구 산곡동,중상사고,0,1,1,0,차대차 - 측면충돌,안전운전불이행,건조,맑음,교차로 - 교차로부근,승용,남,42세,상해없음,승용,남,61세,중상
2016060800100548,2016년 6월 8일 22시,수요일,인천광역시 남동구 구월동,사망사고,1,0,0,0,차대차 - 정면충돌,교차로운행방법위반,건조,맑음,교차로 - 교차로안,승용,남,25세,상해없음,이륜,남,23세,사망
2016060900100008,2016년 6월 9일 00시,목요일,인천광역시 남구 주안동,중상사고,0,1,0,0,차대사람 - 횡단중,과속,건조,맑음,단일로 - 횡단보도상,승용,남,55세,상해없음,보행자,남,59세,중상
2016060900100017,2016년 6월 9일 01시,목요일,인천광역시 부평구 부평동,중상사고,0,1,0,0,차량단독 - 전도전복,안전운전불이행,건조,맑음,단일로 - 기타,이륜,남,32세,중상,,,,
2016060900100051,2016년 6월 9일 05시,목요일,인천광역시 계양구 효성동,경상사고,0,0,1,0,차대차 - 측면직각충돌,안전운전불이행,건조,맑음,교차로 - 교차로안,승용,여,55세,상해없음,승용,남,34세,경상
2016060900100066,2016년 6월 9일 06시,목요일,인천광역시 동구 송현동,중상사고,0,1,0,0,차대차 - 정면충돌,신호위반,건조,맑음,교차로 - 교차로부근,승용,남,38세,상해없음,승용,남,59세,상해없음
2016060900100081,2016년 6월 9일 07시,목요일,인천광역시 남구 주안동,경상사고,0,0,1,0,차대차 - 추돌,안전운전불이행,건조,맑음,단일로 - 기타,승합,남,62세,상해없음,승용,여,30세,경상
2016060900100118,2016년 6월 9일 08시,목요일,인천광역시 중구 신흥동3가,경상사고,0,0,2,0,차대차 - 측면직각충돌,안전운전불이행,건조,맑음,단일로 - 기타,승용,여,53세,상해없음,승합,남,61세,경상
2016060900100119,2016년 6월 9일 08시,목요일,인천광역시 연수구 송도동,경상사고,0,0,2,0,차대차 - 측면직각충돌,신호위반,건조,맑음,교차로 - 교차로안,승용,남,47세,상해없음,승용,남,29세,경상
2016060900100155,2016년 6월 9일 09시,목요일,인천광역시 서구 가좌동,경상사고,0,0,1,0,차대차 - 기타,불법유턴,건조,맑음,교차로 - 교차로부근,승용,남,43세,상해없음,승용,남,30세,경상
2016060900100156,2016년 6월 9일 09시,목요일,인천광역시 계양구 임학동,중상사고,0,1,0,0,차대차 - 측면충돌,안전운전불이행,건조,맑음,단일로 - 기타,승용,남,32세,상해없음,이륜,남,48세,중상
2016060900100181,2016년 6월 9일 10시,목요일,인천광역시 계양구 계산동,중상사고,0,1,0,0,차대사람 - 차도통행중,안전운전불이행,건조,맑음,단일로 - 기타,승용,여,52세,기타불명,보행자,남,34세,중상
2016060900100230,2016년 6월 9일 12시,목요일,인천광역시 연수구 송도동,경상사고,0,0,3,0,차대차 - 정면충돌,안전운전불이행,건조,맑음,교차로 - 교차로안,승용,남,44세,경상,승용,남,31세,경상
2016060900100283,2016년 6월 9일 14시,목요일,인천광역시 남동구 논현동,경상사고,0,0,1,0,차대차 - 측면직각충돌,안전운전불이행,건조,맑음,교차로 - 교차로부근,승용,남,37세,상해없음,자전거,남,79세,경상
2016060900100284,2016년 6월 9일 14시,목요일,인천광역시 부평구 부평동,경상사고,0,0,1,0,차대차 - 측면직각충돌,안전거리미확보,건조,맑음,교차로 - 교차로부근,승용,여,35세,상해없음,승용,여,39세,경상
2016060900100306,2016년 6월 9일 15시,목요일,인천광역시 중구 항동7가,경상사고,0,0,1,0,차대사람 - 횡단중,보행자보호의무위반,건조,맑음,단일로 - 횡단보도상,화물,남,51세,상해없음,보행자,남,58세,경상
2016060900100307,2016년 6월 9일 15시,목요일,인천광역시 남동구 간석동,중상사고,0,1,0,0,차대사람 - 차도통행중,기타,건조,맑음,단일로 - 기타,승합,남,22세,상해없음,보행자,남,8세,중상
2016060900100308,2016년 6월 9일 15시,목요일,인천광역시 서구 당하동,경상사고,0,0,2,0,차대차 - 추돌,안전거리미확보,건조,맑음,단일로 - 기타,승용,여,49세,상해없음,화물,남,20세,상해없음
2016060900100309,2016년 6월 9일 15시,목요일,인천광역시 연수구 연수동,중상사고,0,1,0,0,차대차 - 기타,안전운전불이행,건조,맑음,단일로 - 기타,승용,여,58세,상해없음,자전거,남,60세,중상
2016060900100345,2016년 6월 9일 16시,목요일,인천광역시 중구 운북동,경상사고,0,0,2,0,차대차 - 측면충돌,안전운전불이행,건조,맑음,단일로 - 기타,승용,여,59세,상해없음,화물,남,45세,경상
2016060900100395,2016년 6월 9일 17시,목요일,인천광역시 부평구 부평동,중상사고,0,1,0,0,차대사람 - 횡단중,안전운전불이행,건조,맑음,교차로 - 교차로안,승용,여,54세,상해없음,보행자,남,62세,중상
2016060900100447,2016년 6월 9일 18시,목요일,인천광역시 남구 도화동,경상사고,0,0,2,0,차대차 - 기타,안전운전불이행,건조,맑음,단일로 - 기타,승용,남,44세,상해없음,승용,여,53세,상해없음
2016060900100448,2016년 6월 9일 18시,목요일,인천광역시 연수구 송도동,중상사고,0,1,0,0,차대차 - 기타,안전운전불이행,건조,맑음,단일로 - 기타,승용,여,42세,상해없음,자전거,남,6세,중상
2016060900100488,2016년 6월 9일 19시,목요일,인천광역시 연수구 연수동,중상사고,0,1,0,0,차대차 - 측면직각충돌,안전운전불이행,건조,맑음,단일로 - 기타,승용,여,49세,상해없음,자전거,남,66세,중상
2016060900100511,2016년 6월 9일 20시,목요일,인천광역시 남동구 간석동,사망사고,1,0,0,0,차대사람 - 횡단중,안전운전불이행,건조,맑음,단일로 - 기타,승용,남,27세,상해없음,보행자,남,50세,사망
2016060900100512,2016년 6월 9일 20시,목요일,인천광역시 남동구 구월동,중상사고,0,1,0,0,차대차 - 측면충돌,중앙선침범,건조,맑음,단일로 - 기타,승용,남,27세,상해없음,이륜,남,42세,중상
2016060900100513,2016년 6월 9일 20시,목요일,인천광역시 서구 연희동,중상사고,0,1,0,0,차대사람 - 길가장자리구역통행중,안전운전불이행,건조,맑음,단일로 - 기타,기타불명,기타불명,기타불명,기타불명,보행자,여,56세,중상
2016060900100565,2016년 6월 9일 22시,목요일,인천광역시 남구 주안동,경상사고,0,0,1,0,차대차 - 측면직각충돌,안전운전불이행,건조,맑음,기타 - 기타,승용,남,55세,상해없음,이륜,남,17세,경상
2016061000100016,2016년 6월 10일 00시,금요일,인천광역시 동구 송림동,사망사고,1,1,1,0,차대차 - 추돌,신호위반,건조,기타,교차로 - 교차로안,승용,남,56세,경상,승용,남,49세,중상
2016061000100049,2016년 6월 10일 03시,금요일,인천광역시 부평구 부평동,경상사고,0,0,2,0,차대사람 - 기타,안전운전불이행,건조,맑음,교차로 - 교차로안,승용,남,26세,상해없음,보행자,남,27세,경상
2016061000100135,2016년 6월 10일 08시,금요일,인천광역시 서구 가좌동,경상사고,0,0,1,0,차대차 - 측면충돌,안전운전불이행,건조,맑음,교차로 - 교차로부근,자전거,남,15세,경상,승용,여,39세,상해없음
2016061000100136,2016년 6월 10일 08시,금요일,인천광역시 계양구 효성동,중상사고,0,1,0,0,차대사람 - 횡단중,보행자보호의무위반,건조,맑음,교차로 - 교차로안,승용,여,56세,상해없음,보행자,여,54세,중상
2016061000100166,2016년 6월 10일 09시,금요일,인천광역시 서구 석남동,중상사고,0,1,0,0,차대사람 - 횡단중,보행자보호의무위반,건조,맑음,단일로 - 횡단보도상,승용,여,26세,상해없음,보행자,남,39세,중상
2016061000100167,2016년 6월 10일 09시,금요일,인천광역시 계양구 계산동,경상사고,0,0,2,0,차대차 - 측면직각충돌,교차로운행방법위반,건조,맑음,교차로 - 교차로안,승용,여,42세,상해없음,화물,남,53세,경상
2016061000100168,2016년 6월 10일 09시,금요일,인천광역시 계양구 효성동,경상사고,0,0,2,0,차대차 - 추돌,안전운전불이행,건조,맑음,단일로 - 기타,승용,여,45세,상해없음,승용,남,54세,경상
2016061000100275,2016년 6월 10일 12시,금요일,인천광역시 서구 오류동,경상사고,0,0,7,0,차대차 - 측면충돌,신호위반,건조,맑음,교차로 - 교차로부근,승용,남,22세,경상,승용,남,43세,경상
2016061000100375,2016년 6월 10일 15시,금요일,인천광역시 남구 주안동,중상사고,0,1,0,0,차대차 - 기타,신호위반,건조,맑음,교차로 - 교차로부근,승합,남,51세,상해없음,자전거,남,48세,중상
2016061000100376,2016년 6월 10일 15시,금요일,인천광역시 계양구 계산동,중상사고,0,1,0,0,차대차 - 추돌,안전거리미확보,건조,맑음,단일로 - 기타,승합,남,55세,상해없음,이륜,남,56세,중상
2016061000100377,2016년 6월 10일 15시,금요일,인천광역시 계양구 계산동,경상사고,0,0,1,0,차대차 - 추돌,안전운전불이행,건조,맑음,교차로 - 교차로부근,승용,남,69세,상해없음,승용,남,59세,경상
2016061000100421,2016년 6월 10일 16시,금요일,인천광역시 부평구 부평동,중상사고,0,1,0,0,차대차 - 측면직각충돌,교차로운행방법위반,건조,맑음,교차로 - 교차로안,승용,남,34세,상해없음,승용,남,43세,중상
2016061000100422,2016년 6월 10일 16시,금요일,인천광역시 서구 왕길동,중상사고,0,1,0,0,차대사람 - 횡단중,보행자보호의무위반,건조,맑음,교차로 - 교차로부근,승용,남,49세,상해없음,보행자,남,8세,중상
2016061000100472,2016년 6월 10일 17시,금요일,인천광역시 남동구 간석동,중상사고,0,1,0,0,차대사람 - 기타,보행자보호의무위반,건조,맑음,단일로 - 기타,승용,남,35세,상해없음,보행자,남,6세,중상
2016061000100473,2016년 6월 10일 17시,금요일,인천광역시 계양구 서운동,경상사고,0,0,1,0,차대차 - 측면직각충돌,안전운전불이행,건조,맑음,단일로 - 기타,승용,남,24세,상해없음,승용,남,34세,경상
2016061000100474,2016년 6월 10일 17시,금요일,인천광역시 연수구 송도동,경상사고,0,0,1,1,차대차 - 측면충돌,신호위반,건조,맑음,교차로 - 교차로안,승용,여,33세,부상신고,승용,여,33세,경상
2016061000100521,2016년 6월 10일 18시,금요일,인천광역시 옹진군 북도면,경상사고,0,0,1,0,차대사람 - 기타,안전운전불이행,건조,맑음,단일로 - 기타,승용,남,47세,상해없음,보행자,남,61세,경상
2016061000100522,2016년 6월 10일 18시,금요일,인천광역시 서구 검암동,경상사고,0,0,1,0,차대차 - 추돌,안전운전불이행,건조,맑음,단일로 - 기타,승용,여,42세,상해없음,이륜,남,24세,경상
2016061000100586,2016년 6월 10일 20시,금요일,인천광역시 서구 가좌동,중상사고,0,1,0,0,차대사람 - 길가장자리구역통행중,안전운전불이행,건조,맑음,단일로 - 기타,승합,남,63세,상해없음,보행자,남,43세,중상
2016061000100587,2016년 6월 10일 20시,금요일,인천광역시 연수구 선학동,경상사고,0,0,1,0,차대차 - 측면충돌,기타,건조,맑음,단일로 - 횡단보도상,승용,남,58세,상해없음,자전거,남,52세,경상
2016061000100616,2016년 6월 10일 21시,금요일,인천광역시 남동구 간석동,경상사고,0,0,2,0,차대차 - 측면충돌,안전운전불이행,건조,맑음,단일로 - 횡단보도부근,승합,남,44세,상해없음,승용,여,45세,경상
2016061000100617,2016년 6월 10일 21시,금요일,인천광역시 연수구 연수동,중상사고,0,1,0,0,차대사람 - 보도통행중,중앙선침범,건조,맑음,단일로 - 기타,승용,남,22세,상해없음,보행자,여,13세,중상
2016061000100618,2016년 6월 10일 21시,금요일,인천광역시 연수구 동춘동,경상사고,0,0,1,0,차대차 - 추돌,안전운전불이행,건조,맑음,단일로 - 기타,화물,남,61세,상해없음,승용,남,80세,경상
2016061000100654,2016년 6월 10일 22시,금요일,인천광역시 남구 숭의동,경상사고,0,0,1,0,차대차 - 추돌,신호위반,건조,흐림,교차로 - 교차로부근,승용,남,28세,기타불명,승용,남,56세,상해없음
2016061000100655,2016년 6월 10일 22시,금요일,인천광역시 남동구 구월동,경상사고,0,0,2,0,차대차 - 추돌,안전운전불이행,건조,맑음,교차로 - 교차로부근,특수,남,34세,상해없음,승합,남,71세,경상
2016061000100656,2016년 6월 10일 22시,금요일,인천광역시 서구 경서동,사망사고,3,1,1,0,차대차 - 기타,과속,건조,맑음,교차로 - 교차로부근,승용,남,32세,경상,승용,여,41세,사망
2016061000100682,2016년 6월 10일 23시,금요일,인천광역시 남구 주안동,경상사고,0,0,2,0,차대차 - 측면직각충돌,안전운전불이행,건조,맑음,단일로 - 기타,승용,남,53세,상해없음,승용,남,27세,경상
2016061100100048,2016년 6월 11일 02시,토요일,인천광역시 연수구 동춘동,경상사고,0,0,1,0,차대사람 - 기타,안전운전불이행,건조,맑음,교차로 - 교차로안,화물,남,47세,상해없음,보행자,남,30세,경상
2016061100100063,2016년 6월 11일 03시,토요일,인천광역시 연수구 동춘동,경상사고,0,0,2,0,차대차 - 추돌,안전거리미확보,건조,맑음,단일로 - 기타,승용,여,21세,상해없음,승용,남,65세,경상
2016061100100075,2016년 6월 11일 04시,토요일,인천광역시 계양구 작전동,경상사고,0,0,1,0,차대차 - 측면직각충돌,신호위반,건조,맑음,교차로 - 교차로안,이륜,남,41세,상해없음,승용,여,58세,경상
2016061100100125,2016년 6월 11일 07시,토요일,인천광역시 계양구 계산동,경상사고,0,0,1,0,차대차 - 측면충돌,안전거리미확보,건조,맑음,단일로 - 기타,건설기계,남,59세,상해없음,승용,여,46세,경상
2016061100100126,2016년 6월 11일 07시,토요일,인천광역시 강화군 선원면,경상사고,0,0,1,0,차대차 - 추돌,안전운전불이행,건조,맑음,단일로 - 기타,승용,남,58세,상해없음,승용,여,47세,경상
2016061100100191,2016년 6월 11일 09시,토요일,인천광역시 계양구 작전동,경상사고,0,0,2,0,차대차 - 측면직각충돌,교차로운행방법위반,건조,맑음,교차로 - 교차로안,승용,남,42세,상해없음,승용,여,38세,경상
2016061100100244,2016년 6월 11일 11시,토요일,인천광역시 중구 송월동2가,경상사고,0,0,1,0,차대차 - 측면충돌,기타,건조,맑음,단일로 - 기타,승용,남,51세,상해없음,자전거,남,61세,경상
2016061100100245,2016년 6월 11일 11시,토요일,인천광역시 계양구 박촌동,경상사고,0,0,1,0,차대차 - 측면직각충돌,안전거리미확보,건조,맑음,단일로 - 기타,승용,남,66세,상해없음,승용,남,50세,경상
2016061100100328,2016년 6월 11일 13시,토요일,인천광역시 연수구 옥련동,중상사고,0,1,1,0,차대차 - 측면충돌,중앙선침범,건조,맑음,단일로 - 기타,승용,남,63세,상해없음,승용,여,41세,경상
2016061100100356,2016년 6월 11일 14시,토요일,인천광역시 서구 당하동,중상사고,0,1,1,0,차대차 - 기타,안전운전불이행,건조,맑음,단일로 - 기타,화물,남,55세,상해없음,승용,남,35세,경상
2016061100100357,2016년 6월 11일 14시,토요일,인천광역시 서구 원창동,경상사고,0,0,1,0,차대차 - 측면충돌,안전운전불이행,건조,맑음,단일로 - 기타,승용,여,29세,상해없음,승용,남,60세,상해없음
2016061100100358,2016년 6월 11일 14시,토요일,인천광역시 계양구 계산동,부상신고사고,0,0,0,1,차대사람 - 보도통행중,기타,건조,맑음,단일로 - 기타,승용,남,51세,상해없음,보행자,남,52세,부상신고
2016061100100401,2016년 6월 11일 15시,토요일,인천광역시 중구 운서동,중상사고,0,1,0,0,차대차 - 정면충돌,안전운전불이행,건조,맑음,단일로 - 기타,승용,여,25세,상해없음,자전거,남,52세,중상
2016061100100402,2016년 6월 11일 15시,토요일,인천광역시 남동구 논현동,경상사고,0,0,1,0,차대차 - 정면충돌,안전거리미확보,건조,맑음,단일로 - 기타,화물,남,65세,상해없음,승용,남,52세,경상
2016061100100443,2016년 6월 11일 16시,토요일,인천광역시 서구 검암동,경상사고,0,0,1,0,차대차 - 측면직각충돌,안전운전불이행,건조,맑음,교차로 - 교차로부근,승합,남,54세,상해없음,승용,남,64세,경상
2016061100100444,2016년 6월 11일 16시,토요일,인천광역시 서구 가정동,경상사고,0,0,2,0,차대차 - 측면직각충돌,안전운전불이행,건조,맑음,단일로 - 기타,건설기계,남,44세,상해없음,승용,남,36세,경상
2016061100100518,2016년 6월 11일 18시,토요일,인천광역시 연수구 청학동,경상사고,0,0,1,0,차대차 - 추돌,안전운전불이행,건조,맑음,교차로 - 교차로부근,승용,남,33세,상해없음,승용,남,47세,경상
2016061100100612,2016년 6월 11일 21시,토요일,인천광역시 남동구 논현동,경상사고,0,0,2,0,차대차 - 측면충돌,안전운전불이행,건조,맑음,단일로 - 기타,이륜,남,17세,경상,이륜,남,31세,경상
2016061100100613,2016년 6월 11일 21시,토요일,인천광역시 계양구 계산동,부상신고사고,0,0,0,1,차대차 - 정면충돌,안전운전불이행,건조,흐림,교차로 - 교차로부근,자전거,남,16세,상해없음,이륜,남,18세,부상신고
2016061100100614,2016년 6월 11일 21시,토요일,인천광역시 부평구 부평동,경상사고,0,0,1,0,차대사람 - 기타,신호위반,습기,비,단일로 - 기타,승용,남,30세,기타불명,보행자,여,21세,경상
2016061100100653,2016년 6월 11일 22시,토요일,인천광역시 계양구 효성동,경상사고,0,0,5,0,차대차 - 추돌,안전거리미확보,습기,비,단일로 - 기타,승용,남,56세,상해없음,승용,남,41세,경상
2016061200100015,2016년 6월 12일 00시,일요일,인천광역시 서구 가좌동,중상사고,0,1,0,0,차대차 - 측면충돌,안전운전불이행,건조,맑음,단일로 - 기타,화물,남,58세,상해없음,자전거,남,42세,중상
2016061200100039,2016년 6월 12일 01시,일요일,인천광역시 중구 운북동,중상사고,0,4,0,0,차대차 - 추돌,안전거리미확보,건조,맑음,교차로 - 교차로부근,승용,남,23세,기타불명,승용,남,31세,중상
2016061200100040,2016년 6월 12일 01시,일요일,인천광역시 서구 원당동,경상사고,0,0,1,0,차대사람 - 기타,안전운전불이행,습기,비,단일로 - 기타,승용,남,57세,상해없음,보행자,남,38세,경상
2016061200100054,2016년 6월 12일 02시,일요일,인천광역시 연수구 선학동,중상사고,0,2,2,0,차대차 - 추돌,안전운전불이행,건조,맑음,교차로 - 교차로부근,승합,남,32세,상해없음,승용,남,57세,중상
2016061200100066,2016년 6월 12일 03시,일요일,인천광역시 계양구 작전동,중상사고,0,1,0,0,차대차 - 기타,교차로운행방법위반,건조,맑음,교차로 - 교차로안,승용,여,51세,상해없음,승용,남,37세,중상
2016061200100092,2016년 6월 12일 05시,일요일,인천광역시 남구 주안동,경상사고,0,0,1,0,차대사람 - 횡단중,안전운전불이행,습기,비,교차로 - 교차로부근,승용,남,55세,상해없음,보행자,남,30세,경상
2016061200100093,2016년 6월 12일 05시,일요일,인천광역시 남구 도화동,경상사고,0,0,1,1,차대차 - 기타,안전운전불이행,건조,맑음,단일로 - 기타,승용,남,25세,부상신고,승용,남,60세,경상
2016061200100094,2016년 6월 12일 05시,일요일,인천광역시 남동구 간석동,경상사고,0,0,1,0,차대차 - 측면직각충돌,안전거리미확보,건조,맑음,단일로 - 기타,승용,남,27세,상해없음,승용,남,32세,경상
2016061200100095,2016년 6월 12일 05시,일요일,인천광역시 남동구 구월동,경상사고,0,0,1,0,차대차 - 추돌,안전운전불이행,건조,맑음,단일로 - 기타,승용,여,40세,상해없음,승용,남,64세,경상
2016061200100125,2016년 6월 12일 08시,일요일,인천광역시 연수구 선학동,중상사고,0,1,2,0,차대차 - 추돌,안전운전불이행,건조,맑음,단일로 - 기타,승용,남,26세,상해없음,승용,남,56세,경상
2016061200100140,2016년 6월 12일 09시,일요일,인천광역시 남동구 만수동,중상사고,0,1,0,0,차대사람 - 기타,안전운전불이행,건조,맑음,교차로 - 교차로안,승용,남,40세,상해없음,보행자,여,61세,중상
2016061200100152,2016년 6월 12일 10시,일요일,인천광역시 서구 석남동,중상사고,0,1,1,0,차대차 - 측면충돌,신호위반,건조,맑음,교차로 - 교차로안,승용,여,45세,상해없음,승용,여,49세,중상
2016061200100170,2016년 6월 12일 11시,일요일,인천광역시 옹진군 백령면,중상사고,0,1,0,0,차량단독 - 전도전복,안전운전불이행,건조,기타,단일로 - 기타,화물,남,62세,중상,,,,
2016061200100198,2016년 6월 12일 12시,일요일,인천광역시 남동구 만수동,경상사고,0,0,3,0,차대차 - 측면충돌,안전거리미확보,건조,맑음,단일로 - 기타,승용,남,63세,경상,승용,남,34세,경상
2016061200100199,2016년 6월 12일 12시,일요일,인천광역시 강화군 화도면,경상사고,0,0,3,0,차대차 - 기타,안전운전불이행,건조,맑음,단일로 - 기타,승용,여,29세,상해없음,승용,남,45세,경상
2016061200100224,2016년 6월 12일 13시,일요일,인천광역시 중구 항동7가,부상신고사고,0,0,0,1,차대차 - 기타,중앙선침범,건조,맑음,교차로 - 교차로안,자전거,남,62세,부상신고,화물,남,28세,상해없음
2016061200100225,2016년 6월 12일 13시,일요일,인천광역시 서구 경서동,경상사고,0,0,3,0,차대차 - 측면충돌,신호위반,건조,맑음,교차로 - 교차로안,승용,여,46세,경상,화물,남,43세,경상
2016061200100254,2016년 6월 12일 14시,일요일,인천광역시 남구 주안동,경상사고,0,0,1,0,차대차 - 측면직각충돌,안전거리미확보,건조,맑음,단일로 - 기타,승용,여,48세,경상,승합,남,47세,상해없음
2016061200100255,2016년 6월 12일 14시,일요일,인천광역시 계양구 계산동,경상사고,0,0,8,0,차대차 - 기타,신호위반,건조,맑음,교차로 - 교차로부근,승용,남,49세,상해없음,승용,남,51세,경상