사고번호,사고일시,요일,시군구,사고내용,사망자수,중상자수,경상자수,부상신고자수,사고유형,법규위반,노면상태,기상상태,도로형태,가해운전자 차종,가해운전자 성별,가해운전자 연령,가해운전자 상해정도,피해운전자 차종,피해운전자 성별,피해운전자 연령,피해운전자 상해정도
2016061200100290,2016년 6월 12일 15시,일요일,인천광역시 남구 도화동,경상사고,0,0,1,0,차대차 - 기타,안전운전불이행,건조,맑음,교차로 - 교차로부근,승용,남,51세,상해없음,승용,남,48세,경상
2016061200100314,2016년 6월 12일 16시,일요일,인천광역시 남구 용현동,경상사고,0,0,1,0,차대차 - 측면충돌,안전운전불이행,건조,맑음,단일로 - 기타,자전거,남,73세,경상,승용,여,53세,기타불명
2016061200100315,2016년 6월 12일 16시,일요일,인천광역시 남구 용현동,경상사고,0,0,1,0,차대차 - 추돌,안전운전불이행,건조,맑음,교차로 - 교차로부근,승용,남,67세,상해없음,이륜,남,44세,경상
2016061200100316,2016년 6월 12일 16시,일요일,인천광역시 남동구 만수동,경상사고,0,0,3,0,차대차 - 측면충돌,교차로운행방법위반,건조,맑음,교차로 - 교차로부근,승용,남,55세,상해없음,승용,남,55세,경상
2016061200100345,2016년 6월 12일 17시,일요일,인천광역시 서구 마전동,중상사고,0,1,0,0,차대사람 - 횡단중,안전운전불이행,건조,맑음,단일로 - 기타,원동기,남,52세,중상,보행자,여,13세,상해없음
2016061200100364,2016년 6월 12일 18시,일요일,인천광역시 남동구 만수동,경상사고,0,0,1,0,차대차 - 측면충돌,안전운전불이행,건조,맑음,교차로 - 교차로안,승용,남,32세,상해없음,자전거,남,18세,경상
2016061200100419,2016년 6월 12일 20시,일요일,인천광역시 부평구 삼산동,중상사고,0,1,0,0,차대차 - 측면직각충돌,안전운전불이행,건조,맑음,단일로 - 기타,승합,남,23세,상해없음,원동기,남,61세,중상
2016061200100467,2016년 6월 12일 22시,일요일,인천광역시 계양구 용종동,경상사고,0,0,1,0,차대차 - 추돌,안전운전불이행,건조,맑음,미분류 - 미분류,화물,남,53세,상해없음,승용,남,34세,상해없음
2016061200100481,2016년 6월 12일 23시,일요일,인천광역시 계양구 계산동,경상사고,0,0,1,0,차대차 - 측면직각충돌,안전운전불이행,건조,맑음,단일로 - 기타,승용,여,55세,상해없음,승용,남,29세,경상
2016061300100080,2016년 6월 13일 07시,월요일,인천광역시 남동구 장수동,경상사고,0,0,1,0,차대차 - 추돌,안전운전불이행,건조,맑음,단일로 - 기타,승용,남,42세,상해없음,승용,남,38세,경상
2016061300100113,2016년 6월 13일 08시,월요일,인천광역시 부평구 갈산동,경상사고,0,0,2,0,차대차 - 기타,신호위반,건조,맑음,교차로 - 교차로안,승합,남,53세,상해없음,이륜,남,23세,경상
2016061300100114,2016년 6월 13일 08시,월요일,인천광역시 부평구 부개동,경상사고,0,0,1,0,차대차 - 측면직각충돌,안전운전불이행,건조,맑음,교차로 - 교차로안,승용,남,61세,상해없음,자전거,여,17세,경상
2016061300100143,2016년 6월 13일 09시,월요일,인천광역시 계양구 작전동,경상사고,0,0,1,0,차대차 - 측면직각충돌,안전운전불이행,건조,맑음,교차로 - 교차로안,승용,남,37세,상해없음,자전거,여,32세,경상
2016061300100144,2016년 6월 13일 09시,월요일,인천광역시 강화군 강화읍,중상사고,0,1,0,0,차대사람 - 횡단중,안전운전불이행,건조,맑음,단일로 - 기타,승합,남,52세,상해없음,보행자,남,76세,중상
2016061300100241,2016년 6월 13일 12시,월요일,인천광역시 남동구 논현동,중상사고,0,1,0,0,차대사람 - 보도통행중,기타,건조,맑음,단일로 - 기타,특수,남,34세,상해없음,보행자,여,77세,중상
2016061300100267,2016년 6월 13일 13시,월요일,인천광역시 남동구 논현동,경상사고,0,0,1,0,차대차 - 추돌,기타,건조,맑음,교차로 - 교차로부근,승용,남,53세,상해없음,승용,남,58세,경상
2016061300100298,2016년 6월 13일 14시,월요일,인천광역시 남동구 남촌동,중상사고,0,1,0,0,차대차 - 측면직각충돌,안전운전불이행,건조,맑음,단일로 - 기타,승용,여,51세,상해없음,승용,남,52세,중상
2016061300100299,2016년 6월 13일 14시,월요일,인천광역시 부평구 일신동,중상사고,0,1,0,0,차대차 - 측면직각충돌,안전운전불이행,건조,맑음,단일로 - 기타,화물,남,50세,상해없음,이륜,남,48세,중상
2016061300100300,2016년 6월 13일 14시,월요일,인천광역시 부평구 일신동,경상사고,0,0,2,0,차대차 - 측면직각충돌,안전운전불이행,건조,맑음,교차로 - 교차로부근,승용,남,18세,상해없음,승용,남,29세,경상
2016061300100338,2016년 6월 13일 15시,월요일,인천광역시 연수구 선학동,경상사고,0,0,1,0,차대차 - 기타,차로위반,건조,맑음,단일로 - 기타,이륜,남,85세,경상,화물,남,57세,상해없음
2016061300100339,2016년 6월 13일 15시,월요일,인천광역시 부평구 부평동,중상사고,0,2,1,0,차대차 - 측면직각충돌,안전운전불이행,건조,맑음,교차로 - 교차로부근,승용,남,66세,상해없음,승용,남,25세,경상
2016061300100380,2016년 6월 13일 16시,월요일,인천광역시 서구 금곡동,경상사고,0,0,1,0,차대차 - 측면충돌,안전운전불이행,건조,맑음,교차로 - 교차로부근,승용,여,49세,경상,화물,남,44세,상해없음
2016061300100381,2016년 6월 13일 16시,월요일,인천광역시 계양구 효성동,중상사고,0,1,0,0,차대차 - 정면충돌,안전운전불이행,건조,맑음,단일로 - 기타,승용,남,37세,상해없음,이륜,남,34세,중상
2016061300100425,2016년 6월 13일 17시,월요일,인천광역시 서구 경서동,경상사고,0,0,1,0,차대차 - 측면충돌,안전운전불이행,건조,맑음,단일로 - 기타,자전거,남,52세,경상,자전거,남,26세,상해없음
2016061300100426,2016년 6월 13일 17시,월요일,인천광역시 연수구 동춘동,중상사고,0,1,1,0,차대차 - 기타,안전운전불이행,건조,맑음,교차로 - 교차로부근,화물,남,51세,상해없음,승용,여,35세,중상
2016061300100467,2016년 6월 13일 18시,월요일,인천광역시 남동구 수산동,경상사고,0,0,1,0,차대사람 - 기타,안전운전불이행,건조,맑음,단일로 - 기타,승합,남,64세,상해없음,보행자,여,66세,경상
2016061300100468,2016년 6월 13일 18시,월요일,인천광역시 연수구 선학동,경상사고,0,0,1,0,차대사람 - 횡단중,신호위반,건조,맑음,교차로 - 교차로부근,승용,남,40세,상해없음,보행자,여,32세,경상
2016061300100615,2016년 6월 13일 22시,월요일,인천광역시 남구 학익동,중상사고,0,1,0,0,차대차 - 기타,안전거리미확보,건조,맑음,단일로 - 기타,원동기,남,17세,중상,승용,여,47세,상해없음
2016061300100616,2016년 6월 13일 22시,월요일,인천광역시 남동구 수산동,경상사고,0,0,2,0,차대차 - 추돌,안전운전불이행,건조,맑음,단일로 - 기타,승용,남,38세,상해없음,승용,남,27세,경상
2016061300100617,2016년 6월 13일 22시,월요일,인천광역시 강화군 강화읍,중상사고,0,1,0,0,차대사람 - 길가장자리구역통행중,안전운전불이행,건조,맑음,단일로 - 기타,승용,남,28세,상해없음,보행자,여,48세,중상
2016061400100012,2016년 6월 14일 00시,화요일,인천광역시 남동구 간석동,경상사고,0,0,1,0,차대차 - 측면직각충돌,안전운전불이행,건조,맑음,교차로 - 교차로부근,승용,남,31세,상해없음,승합,남,34세,경상
2016061400100013,2016년 6월 14일 00시,화요일,인천광역시 서구 원당동,중상사고,0,1,0,0,차대사람 - 횡단중,신호위반,건조,맑음,교차로 - 교차로부근,승용,남,33세,기타불명,보행자,남,24세,중상
2016061400100022,2016년 6월 14일 01시,화요일,인천광역시 서구 마전동,중상사고,0,3,2,0,차대차 - 정면충돌,중앙선침범,건조,맑음,교차로 - 교차로안,승합,남,56세,상해없음,승용,남,52세,중상
2016061400100058,2016년 6월 14일 06시,화요일,인천광역시 부평구 십정동,중상사고,0,1,2,0,차대차 - 측면충돌,안전운전불이행,건조,맑음,단일로 - 기타,승용,여,29세,상해없음,승용,남,50세,중상
2016061400100091,2016년 6월 14일 07시,화요일,인천광역시 남동구 구월동,중상사고,0,1,0,0,차대사람 - 횡단중,안전운전불이행,건조,맑음,교차로 - 교차로안,화물,남,40세,상해없음,보행자,여,77세,중상
2016061400100092,2016년 6월 14일 07시,화요일,인천광역시 남동구 간석동,경상사고,0,0,1,0,차대차 - 측면충돌,교차로운행방법위반,건조,맑음,교차로 - 교차로안,승용,남,34세,상해없음,이륜,남,26세,경상
2016061400100128,2016년 6월 14일 08시,화요일,인천광역시 중구 운북동,경상사고,0,0,1,0,차대사람 - 기타,안전운전불이행,건조,맑음,교차로 - 교차로안,승용,여,47세,상해없음,보행자,여,29세,경상
2016061400100129,2016년 6월 14일 08시,화요일,인천광역시 남동구 간석동,경상사고,0,0,1,0,차대차 - 측면충돌,기타,건조,맑음,단일로 - 기타,승용,남,48세,상해없음,자전거,남,29세,경상
2016061400100130,2016년 6월 14일 08시,화요일,인천광역시 연수구 송도동,경상사고,0,0,1,0,차대차 - 측면직각충돌,신호위반,건조,맑음,교차로 - 교차로안,승용,여,47세,상해없음,승용,여,21세,경상
2016061400100131,2016년 6월 14일 08시,화요일,인천광역시 부평구 부평동,경상사고,0,0,1,0,차대차 - 측면직각충돌,안전운전불이행,건조,맑음,단일로 - 기타,화물,남,61세,상해없음,승용,남,32세,경상
2016061400100160,2016년 6월 14일 09시,화요일,인천광역시 연수구 송도동,경상사고,0,0,2,0,차대차 - 기타,안전운전불이행,건조,맑음,교차로 - 교차로부근,승용,남,24세,상해없음,승용,남,64세,경상
2016061400100213,2016년 6월 14일 11시,화요일,인천광역시 남동구 고잔동,부상신고사고,0,0,0,1,차대차 - 측면직각충돌,안전운전불이행,건조,맑음,단일로 - 기타,승용,여,32세,부상신고,화물,남,40세,상해없음
2016061400100246,2016년 6월 14일 12시,화요일,인천광역시 남구 문학동,경상사고,0,0,1,1,차대차 - 측면직각충돌,교차로운행방법위반,건조,맑음,교차로 - 교차로안,승용,여,55세,부상신고,승용,남,44세,경상
2016061400100247,2016년 6월 14일 12시,화요일,인천광역시 부평구 부평동,경상사고,0,0,1,0,차대사람 - 기타,안전운전불이행,건조,맑음,단일로 - 기타,승용,남,55세,상해없음,보행자,여,89세,경상
2016061400100248,2016년 6월 14일 12시,화요일,인천광역시 서구 가좌동,경상사고,0,0,1,0,차대차 - 측면직각충돌,안전운전불이행,건조,맑음,교차로 - 교차로안,승용,남,66세,상해없음,승용,남,54세,상해없음
2016061400100278,2016년 6월 14일 13시,화요일,인천광역시 남동구 구월동,경상사고,0,0,1,0,차대차 - 기타,차로위반,건조,맑음,교차로 - 교차로부근,승용,남,44세,상해없음,승용,남,30세,경상
2016061400100383,2016년 6월 14일 16시,화요일,인천광역시 부평구 부평동,경상사고,0,0,1,0,차대사람 - 횡단중,신호위반,건조,맑음,단일로 - 기타,승용,여,53세,상해없음,보행자,여,24세,경상
2016061400100420,2016년 6월 14일 17시,화요일,인천광역시 남동구 만수동,중상사고,0,1,0,0,차대사람 - 기타,안전운전불이행,건조,맑음,단일로 - 기타,자전거,남,61세,상해없음,보행자,남,59세,중상
2016061400100455,2016년 6월 14일 18시,화요일,인천광역시 부평구 청천동,경상사고,0,0,1,0,차대차 - 측면충돌,안전운전불이행,건조,맑음,교차로 - 교차로안,승용,남,30세,상해없음,이륜,남,30세,경상
2016061400100456,2016년 6월 14일 18시,화요일,인천광역시 강화군 강화읍,경상사고,0,0,1,0,차대차 - 기타,안전운전불이행,건조,맑음,단일로 - 기타,승용,남,53세,상해없음,승합,남,45세,상해없음
2016061400100498,2016년 6월 14일 19시,화요일,인천광역시 연수구 옥련동,중상사고,0,1,0,0,차대사람 - 차도통행중,안전운전불이행,건조,맑음,교차로 - 교차로안,승용,남,56세,상해없음,보행자,남,9세,중상
2016061400100538,2016년 6월 14일 20시,화요일,인천광역시 계양구 병방동,중상사고,0,1,0,0,차대차 - 측면충돌,안전운전불이행,건조,맑음,단일로 - 기타,이륜,남,21세,중상,승합,남,68세,상해없음
2016061400100568,2016년 6월 14일 21시,화요일,인천광역시 서구 당하동,경상사고,0,0,1,0,차대차 - 기타,안전운전불이행,건조,맑음,단일로 - 기타,승용,남,49세,상해없음,승용,여,47세,경상
2016061400100569,2016년 6월 14일 21시,화요일,인천광역시 계양구 계산동,중상사고,0,1,0,0,차대사람 - 횡단중,안전운전불이행,습기,흐림,교차로 - 교차로부근,승용,남,45세,기타불명,보행자,여,54세,중상
2016061400100570,2016년 6월 14일 21시,화요일,인천광역시 계양구 계산동,중상사고,0,1,0,0,차대사람 - 기타,안전운전불이행,건조,맑음,교차로 - 교차로부근,승용,남,47세,상해없음,보행자,남,61세,중상
2016061500100014,2016년 6월 15일 00시,수요일,인천광역시 남동구 논현동,경상사고,0,0,1,0,차대차 - 측면직각충돌,신호위반,건조,맑음,단일로 - 횡단보도상,승용,남,55세,상해없음,원동기,남,35세,경상
2016061500100015,2016년 6월 15일 00시,수요일,인천광역시 연수구 옥련동,중상사고,0,1,1,0,차대차 - 기타,직진우회전진행방해,건조,맑음,교차로 - 교차로안,승용,남,62세,상해없음,승용,남,57세,경상
2016061500100059,2016년 6월 15일 05시,수요일,인천광역시 남동구 장수동,중상사고,0,1,0,0,차대차 - 추돌,안전운전불이행,습기,비,단일로 - 기타,승용,남,63세,상해없음,이륜,남,57세,중상
2016061500100106,2016년 6월 15일 07시,수요일,인천광역시 계양구 병방동,경상사고,0,0,1,0,차대차 - 측면직각충돌,중앙선침범,습기,비,교차로 - 교차로부근,승용,남,23세,상해없음,승용,남,51세,상해없음
2016061500100155,2016년 6월 15일 08시,수요일,인천광역시 서구 가좌동,경상사고,0,0,1,0,차대차 - 측면충돌,안전운전불이행,건조,맑음,교차로 - 교차로부근,승용,여,42세,상해없음,승용,여,38세,경상
2016061500100201,2016년 6월 15일 09시,수요일,인천광역시 서구 가정동,경상사고,0,0,2,0,차대차 - 추돌,안전운전불이행,습기,맑음,단일로 - 터널,화물,남,33세,상해없음,승용,남,29세,경상
2016061500100272,2016년 6월 15일 12시,수요일,인천광역시 중구 항동7가,경상사고,0,0,1,0,차대차 - 측면직각충돌,신호위반,건조,맑음,교차로 - 교차로안,화물,남,55세,상해없음,승용,여,27세,경상
2016061500100366,2016년 6월 15일 15시,수요일,인천광역시 남동구 장수동,경상사고,0,0,1,0,차대차 - 추돌,안전운전불이행,습기,비,단일로 - 기타,화물,남,43세,상해없음,승용,남,47세,경상
2016061500100367,2016년 6월 15일 15시,수요일,인천광역시 남동구 구월동,경상사고,0,0,1,0,차대차 - 추돌,안전거리미확보,습기,비,단일로 - 기타,승용,남,47세,상해없음,승용,남,63세,경상
2016061500100405,2016년 6월 15일 16시,수요일,인천광역시 남구 주안동,경상사고,0,0,1,0,차대차 - 측면직각충돌,중앙선침범,습기,비,단일로 - 기타,승용,남,47세,상해없음,이륜,남,34세,경상
2016061500100476,2016년 6월 15일 18시,수요일,인천광역시 계양구 병방동,경상사고,0,0,1,0,차대차 - 정면충돌,안전운전불이행,건조,맑음,교차로 - 교차로부근,승용,남,59세,상해없음,원동기,남,29세,경상
2016061500100593,2016년 6월 15일 22시,수요일,인천광역시 부평구 부평동,중상사고,0,1,0,0,차대차 - 측면직각충돌,안전운전불이행,건조,맑음,단일로 - 기타,승합,남,46세,상해없음,원동기,남,32세,중상
2016061600100055,2016년 6월 16일 05시,목요일,인천광역시 연수구 옥련동,사망사고,1,0,0,0,차대사람 - 차도통행중,안전운전불이행,건조,맑음,단일로 - 기타,승용,남,42세,상해없음,보행자,남,81세,사망
2016061600100065,2016년 6월 16일 06시,목요일,인천광역시 중구 운서동,경상사고,0,0,1,0,차대사람 - 기타,안전운전불이행,기타,맑음,단일로 - 기타,화물,남,35세,상해없음,보행자,남,62세,경상
2016061600100066,2016년 6월 16일 06시,목요일,인천광역시 남구 주안동,경상사고,0,0,1,0,차대차 - 기타,안전운전불이행,건조,맑음,단일로 - 기타,승용,남,15세,기타불명,승용,남,49세,상해없음
2016061600100081,2016년 6월 16일 07시,목요일,인천광역시 계양구 둑실동,중상사고,0,1,3,1,차대차 - 측면직각충돌,중앙선침범,건조,맑음,교차로 - 교차로부근,승용,남,33세,부상신고,승용,남,57세,중상
2016061600100149,2016년 6월 16일 09시,목요일,인천광역시 남구 주안동,중상사고,0,1,0,0,차대차 - 기타,안전운전불이행,건조,맑음,교차로 - 교차로안,승용,남,48세,상해없음,승용,남,50세,중상
2016061600100178,2016년 6월 16일 10시,목요일,인천광역시 남동구 간석동,중상사고,0,1,0,0,차대사람 - 횡단중,안전운전불이행,건조,맑음,단일로 - 기타,승용,남,49세,상해없음,보행자,여,73세,중상
2016061600100295,2016년 6월 16일 14시,목요일,인천광역시 부평구 부평동,경상사고,0,0,1,1,차대사람 - 기타,기타,건조,맑음,단일로 - 기타,승용,남,52세,상해없음,보행자,남,18세,경상
2016061600100363,2016년 6월 16일 16시,목요일,인천광역시 남구 숭의동,중상사고,0,1,1,0,차대차 - 측면직각충돌,안전운전불이행,건조,맑음,단일로 - 기타,승용,남,46세,경상,승용,남,59세,상해없음
2016061600100364,2016년 6월 16일 16시,목요일,인천광역시 남동구 간석동,경상사고,0,0,1,0,차대사람 - 횡단중,보행자보호의무위반,건조,맑음,단일로 - 횡단보도상,화물,남,63세,상해없음,보행자,남,22세,경상
2016061600100365,2016년 6월 16일 16시,목요일,인천광역시 서구 석남동,중상사고,0,1,0,0,차대차 - 측면충돌,교차로운행방법위반,건조,맑음,교차로 - 교차로안,승용,여,35세,상해없음,이륜,남,66세,중상
2016061600100366,2016년 6월 16일 16시,목요일,인천광역시 서구 가정동,경상사고,0,0,1,0,차대사람 - 기타,안전운전불이행,건조,맑음,단일로 - 기타,기타불명,기타불명,기타불명,기타불명,보행자,남,76세,경상
2016061600100395,2016년 6월 16일 17시,목요일,인천광역시 연수구 연수동,경상사고,0,0,1,0,차량단독 - 기타,안전운전불이행,건조,맑음,단일로 - 기타,승합,남,52세,상해없음,,,,
2016061600100430,2016년 6월 16일 18시,목요일,인천광역시 부평구 부평동,부상신고사고,0,0,0,1,차대사람 - 횡단중,안전운전불이행,건조,맑음,단일로 - 기타,승합,남,68세,상해없음,보행자,여,9세,부상신고
2016061600100461,2016년 6월 16일 19시,목요일,인천광역시 부평구 효성동,경상사고,0,0,1,0,차대차 - 측면직각충돌,안전운전불이행,건조,맑음,단일로 - 기타,승용,남,41세,상해없음,승용,남,41세,경상
2016061600100490,2016년 6월 16일 20시,목요일,인천광역시 부평구 부평동,부상신고사고,0,0,0,1,차대차 - 측면직각충돌,안전운전불이행,건조,맑음,교차로 - 교차로부근,이륜,남,16세,부상신고,승용,남,35세,상해없음
2016061600100551,2016년 6월 16일 22시,목요일,인천광역시 서구 경서동,중상사고,0,1,0,0,차대차 - 측면충돌,신호위반,건조,맑음,교차로 - 교차로안,승용,남,58세,상해없음,승용,남,56세,중상
2016061600100565,2016년 6월 16일 23시,목요일,인천광역시 중구 중산동,중상사고,0,1,0,0,차대차 - 측면충돌,안전운전불이행,건조,맑음,단일로 - 기타,승용,남,37세,상해없음,자전거,남,32세,중상
2016061700100018,2016년 6월 17일 00시,금요일,인천광역시 계양구 작전동,경상사고,0,0,4,0,차대차 - 정면충돌,교차로운행방법위반,건조,맑음,교차로 - 교차로안,승합,남,39세,상해없음,승용,남,60세,경상
2016061700100019,2016년 6월 17일 00시,금요일,인천광역시 부평구 부개동,경상사고,0,0,1,0,차량단독 - 기타,기타,건조,맑음,단일로 - 기타,승합,남,60세,상해없음,,,,
2016061700100028,2016년 6월 17일 01시,금요일,인천광역시 부평구 일신동,경상사고,0,0,2,0,차대차 - 측면직각충돌,차로위반,건조,맑음,단일로 - 기타,승용,남,56세,경상,화물,남,47세,경상
2016061700100048,2016년 6월 17일 03시,금요일,인천광역시 연수구 동춘동,경상사고,0,0,1,0,차대차 - 추돌,안전운전불이행,건조,맑음,단일로 - 기타,승용,여,39세,상해없음,승용,남,32세,경상
2016061700100075,2016년 6월 17일 06시,금요일,인천광역시 남동구 구월동,중상사고,0,1,0,0,차대차 - 추돌,안전운전불이행,건조,맑음,교차로 - 교차로안,승용,남,58세,기타불명,자전거,남,61세,중상
2016061700100100,2016년 6월 17일 07시,금요일,인천광역시 계양구 계산동,중상사고,0,1,1,0,차대차 - 추돌,안전운전불이행,건조,맑음,단일로 - 기타,승용,남,39세,상해없음,승용,남,28세,중상
2016061700100230,2016년 6월 17일 11시,금요일,인천광역시 남구 주안동,경상사고,0,0,1,0,차대차 - 추돌,안전운전불이행,건조,맑음,단일로 - 기타,이륜,기타불명,기타불명,기타불명,승용,여,44세,경상
2016061700100279,2016년 6월 17일 13시,금요일,인천광역시 서구 마전동,중상사고,0,1,0,0,차량단독 - 기타,안전운전불이행,건조,맑음,교차로 - 교차로부근,승합,남,33세,상해없음,,,,
2016061700100386,2016년 6월 17일 16시,금요일,인천광역시 남구 관교동,경상사고,0,0,1,0,차대차 - 기타,안전운전불이행,건조,맑음,단일로 - 기타,승용,여,68세,상해없음,자전거,남,11세,경상
2016061700100479,2016년 6월 17일 18시,금요일,인천광역시 남동구 만수동,경상사고,0,0,1,0,차대차 - 측면충돌,안전거리미확보,건조,맑음,교차로 - 교차로부근,승용,남,38세,상해없음,이륜,남,20세,경상
2016061700100480,2016년 6월 17일 18시,금요일,인천광역시 서구 왕길동,경상사고,0,0,1,0,차대사람 - 보도통행중,안전운전불이행,기타,맑음,기타 - 기타,자전거,여,8세,기타불명,보행자,여,8세,경상
2016061700100481,2016년 6월 17일 18시,금요일,인천광역시 서구 마전동,부상신고사고,0,0,0,1,차대차 - 측면직각충돌,안전운전불이행,건조,맑음,단일로 - 기타,승용,여,44세,상해없음,승용,여,38세,부상신고
2016061700100627,2016년 6월 17일 22시,금요일,인천광역시 부평구 산곡동,중상사고,0,1,0,0,차대사람 - 횡단중,신호위반,건조,맑음,교차로 - 교차로안,승용,남,40세,상해없음,보행자,여,19세,중상
2016061700100628,2016년 6월 17일 22시,금요일,인천광역시 서구 왕길동,경상사고,0,0,2,0,차대사람 - 횡단중,신호위반,건조,맑음,교차로 - 교차로부근,승용,남,37세,상해없음,보행자,여,55세,경상
2016061700100629,2016년 6월 17일 22시,금요일,인천광역시 부평구 삼산동,경상사고,0,0,1,0,차대사람 - 기타,안전운전불이행,건조,맑음,기타 - 기타,승용,남,53세,상해없음,보행자,여,18세,경상
2016061800100014,2016년 6월 18일 00시,토요일,인천광역시 계양구 임학동,경상사고,0,0,2,0,차대차 - 추돌,안전거리미확보,건조,맑음,단일로 - 기타,승용,남,51세,상해없음,승용,남,50세,경상
2016061800100034,2016년 6월 18일 01시,토요일,인천광역시 남구 학익동,경상사고,0,0,1,0,차대차 - 추돌,안전거리미확보,건조,맑음,단일로 - 기타,승용,남,65세,상해없음,승용,남,57세,기타불명
2016061800100058,2016년 6월 18일 03시,토요일,인천광역시 남동구 장수동,중상사고,0,1,0,0,차대사람 - 기타,안전운전불이행,건조,맑음,단일로 - 기타,승용,남,22세,상해없음,보행자,남,54세,중상
2016061800100059,2016년 6월 18일 03시,토요일,인천광역시 부평구 부평동,중상사고,0,1,0,0,차대차 - 측면직각충돌,신호위반,건조,맑음,교차로 - 교차로안,승용,남,36세,상해없음,화물,여,64세,중상
2016061800100113,2016년 6월 18일 07시,토요일,인천광역시 남구 숭의동,경상사고,0,0,1,0,차대차 - 추돌,안전운전불이행,건조,맑음,교차로 - 교차로부근,승용,남,30세,상해없음,승용,남,33세,경상
2016061800100135,2016년 6월 18일 08시,토요일,인천광역시 동구 송림동,경상사고,0,0,1,0,차대차 - 추돌,안전운전불이행,건조,맑음,교차로 - 교차로부근,승합,남,48세,상해없음,화물,남,48세,경상
2016061800100220,2016년 6월 18일 11시,토요일,인천광역시 남동구 서창동,경상사고,0,0,1,0,차대차 - 기타,안전거리미확보,건조,맑음,단일로 - 기타,승용,여,45세,상해없음,승합,남,58세,상해없음
2016061800100253,2016년 6월 18일 12시,토요일,인천광역시 남동구 논현동,중상사고,0,1,1,0,차대차 - 추돌,안전운전불이행,건조,맑음,단일로 - 횡단보도상,승용,남,76세,상해없음,승용,남,31세,경상
2016061800100293,2016년 6월 18일 13시,토요일,인천광역시 부평구 부평동,경상사고,0,0,1,0,차대차 - 측면직각충돌,신호위반,건조,맑음,교차로 - 교차로부근,원동기,남,32세,상해없음,자전거,남,64세,경상
2016061800100294,2016년 6월 18일 13시,토요일,인천광역시 부평구 구산동,경상사고,0,0,1,0,차대차 - 추돌,안전운전불이행,건조,맑음,단일로 - 기타,승합,남,42세,상해없음,승용,남,24세,경상
2016061800100338,2016년 6월 18일 14시,토요일,인천광역시 남동구 서창동,경상사고,0,0,4,0,차대차 - 추돌,안전운전불이행,건조,맑음,교차로 - 교차로부근,승용,여,35세,상해없음,승용,여,38세,경상
2016061800100377,2016년 6월 18일 15시,토요일,인천광역시 남구 용현동,경상사고,0,0,4,0,차대차 - 추돌,안전거리미확보,건조,맑음,단일로 - 기타,승용,여,52세,경상,승용,여,46세,경상
2016061800100378,2016년 6월 18일 15시,토요일,인천광역시 남동구 간석동,경상사고,0,0,2,0,차대차 - 기타,신호위반,건조,맑음,단일로 - 기타,승용,남,17세,상해없음,승용,여,40세,경상
2016061800100379,2016년 6월 18일 15시,토요일,인천광역시 남동구 남촌동,중상사고,0,1,0,0,차대차 - 기타,안전운전불이행,건조,맑음,단일로 - 기타,이륜,남,54세,상해없음,승합,남,46세,상해없음
2016061800100420,2016년 6월 18일 16시,토요일,인천광역시 남구 숭의동,경상사고,0,0,1,0,차대사람 - 횡단중,안전운전불이행,건조,맑음,단일로 - 기타,승용,남,47세,상해없음,보행자,남,65세,경상
2016061800100421,2016년 6월 18일 16시,토요일,인천광역시 남구 숭의동,중상사고,0,1,0,0,차대차 - 기타,교차로운행방법위반,건조,기타,교차로 - 교차로안,승용,남,52세,상해없음,자전거,남,14세,중상
2016061800100457,2016년 6월 18일 17시,토요일,인천광역시 남동구 논현동,중상사고,0,1,1,0,차대차 - 기타,안전거리미확보,건조,맑음,단일로 - 기타,승용,여,54세,상해없음,승용,남,35세,경상
2016061800100649,2016년 6월 18일 23시,토요일,인천광역시 부평구 갈산동,경상사고,0,0,1,0,차대차 - 측면직각충돌,안전운전불이행,건조,맑음,교차로 - 교차로안,승용,남,33세,상해없음,승용,여,56세,경상
2016061900100052,2016년 6월 19일 02시,일요일,인천광역시 강화군 불은면,경상사고,0,0,1,0,차대차 - 추돌,중앙선침범,건조,맑음,단일로 - 기타,승용,남,25세,상해없음,승용,남,38세,경상
2016061900100074,2016년 6월 19일 03시,일요일,인천광역시 남구 숭의동,경상사고,0,0,1,0,차대차 - 추돌,안전운전불이행,건조,맑음,교차로 - 교차로부근,승용,남,28세,상해없음,승용,여,56세,경상
2016061900100075,2016년 6월 19일 03시,일요일,인천광역시 부평구 산곡동,경상사고,0,0,3,0,차대차 - 정면충돌,중앙선침범,건조,맑음,단일로 - 기타,승용,남,53세,상해없음,승용,남,56세,상해없음
2016061900100101,2016년 6월 19일 05시,일요일,인천광역시 부평구 부개동,중상사고,0,1,0,0,차대사람 - 보도통행중,안전운전불이행,건조,맑음,교차로 - 교차로부근,승용,여,49세,상해없음,보행자,여,45세,중상
2016061900100110,2016년 6월 19일 06시,일요일,인천광역시 부평구 부평동,경상사고,0,0,1,0,차대차 - 측면직각충돌,안전운전불이행,건조,맑음,단일로 - 기타,승용,남,41세,상해없음,승용,남,80세,경상
2016061900100124,2016년 6월 19일 07시,일요일,인천광역시 부평구 산곡동,경상사고,0,0,1,0,차대차 - 추돌,안전운전불이행,건조,맑음,교차로 - 교차로부근,승용,남,52세,상해없음,승용,남,39세,상해없음
2016061900100145,2016년 6월 19일 08시,일요일,인천광역시 중구 운서동,중상사고,0,1,0,0,차대사람 - 횡단중,보행자보호의무위반,건조,맑음,단일로 - 횡단보도상,승합,남,66세,상해없음,보행자,여,25세,중상