사고번호,사고일시,요일,시군구,사고내용,사망자수,중상자수,경상자수,부상신고자수,사고유형,법규위반,노면상태,기상상태,도로형태,가해운전자 차종,가해운전자 성별,가해운전자 연령,가해운전자 상해정도,피해운전자 차종,피해운전자 성별,피해운전자 연령,피해운전자 상해정도
2016061900100155,2016년 6월 19일 09시,일요일,인천광역시 부평구 산곡동,중상사고,0,1,0,0,차대차 - 측면충돌,안전거리미확보,건조,맑음,단일로 - 기타,승용,남,71세,상해없음,승용,남,24세,중상
2016061900100213,2016년 6월 19일 12시,일요일,인천광역시 부평구 일신동,경상사고,0,0,1,0,차대차 - 추돌,안전거리미확보,건조,맑음,단일로 - 교량,승용,남,24세,상해없음,승용,여,45세,경상
2016061900100236,2016년 6월 19일 13시,일요일,인천광역시 강화군 삼산면,경상사고,0,0,1,0,차대사람 - 차도통행중,안전운전불이행,건조,맑음,단일로 - 기타,원동기,남,77세,상해없음,보행자,여,74세,경상
2016061900100260,2016년 6월 19일 14시,일요일,인천광역시 서구 가정동,경상사고,0,0,1,0,차대차 - 추돌,안전운전불이행,건조,맑음,교차로 - 교차로부근,승용,남,57세,상해없음,승용,남,61세,상해없음
2016061900100291,2016년 6월 19일 15시,일요일,인천광역시 남동구 장수동,경상사고,0,0,2,0,차대차 - 추돌,안전운전불이행,건조,맑음,단일로 - 기타,승용,남,31세,상해없음,승용,남,30세,경상
2016061900100292,2016년 6월 19일 15시,일요일,인천광역시 서구 왕길동,중상사고,0,1,4,0,차대차 - 측면충돌,안전운전불이행,건조,맑음,단일로 - 기타,승용,남,31세,상해없음,화물,남,55세,경상
2016061900100324,2016년 6월 19일 16시,일요일,인천광역시 남동구 구월동,경상사고,0,0,1,0,차대사람 - 횡단중,안전운전불이행,건조,맑음,단일로 - 기타,화물,남,53세,상해없음,보행자,여,10세,경상
2016061900100359,2016년 6월 19일 17시,일요일,인천광역시 부평구 청천동,경상사고,0,0,1,0,차대사람 - 횡단중,신호위반,건조,맑음,교차로 - 교차로부근,승용,여,44세,상해없음,보행자,여,71세,경상
2016061900100360,2016년 6월 19일 17시,일요일,인천광역시 계양구 계산동,중상사고,0,1,0,0,차대차 - 측면직각충돌,안전거리미확보,건조,맑음,교차로 - 교차로부근,원동기,남,75세,중상,승용,남,29세,상해없음
2016061900100420,2016년 6월 19일 19시,일요일,인천광역시 남동구 만수동,경상사고,0,0,1,0,차대차 - 추돌,안전운전불이행,건조,맑음,기타 - 기타,승용,남,49세,상해없음,승용,남,26세,경상
2016061900100447,2016년 6월 19일 20시,일요일,인천광역시 부평구 부개동,경상사고,0,0,3,0,차대사람 - 횡단중,보행자보호의무위반,건조,맑음,단일로 - 기타,이륜,남,29세,상해없음,보행자,여,36세,경상
2016061900100475,2016년 6월 19일 21시,일요일,인천광역시 서구 당하동,중상사고,0,1,0,0,차대사람 - 횡단중,신호위반,건조,맑음,단일로 - 기타,이륜,남,49세,상해없음,보행자,남,6세,중상
2016061900100496,2016년 6월 19일 22시,일요일,인천광역시 남구 도화동,경상사고,0,0,2,0,차대차 - 추돌,안전운전불이행,건조,맑음,단일로 - 기타,승용,여,32세,상해없음,승용,남,36세,경상
2016062000100013,2016년 6월 20일 00시,월요일,인천광역시 남동구 구월동,중상사고,0,1,0,0,차대사람 - 횡단중,안전운전불이행,건조,맑음,단일로 - 횡단보도상,이륜,남,39세,상해없음,보행자,남,50세,중상
2016062000100035,2016년 6월 20일 04시,월요일,인천광역시 서구 왕길동,경상사고,0,0,2,0,차대차 - 기타,안전운전불이행,건조,흐림,단일로 - 기타,승용,남,54세,경상,화물,남,42세,기타불명
2016062000100058,2016년 6월 20일 06시,월요일,인천광역시 부평구 부평동,경상사고,0,0,1,0,차대차 - 추돌,신호위반,건조,맑음,단일로 - 기타,승용,남,67세,상해없음,원동기,남,43세,경상
2016062000100092,2016년 6월 20일 07시,월요일,인천광역시 남동구 논현동,경상사고,0,0,1,0,차대사람 - 기타,기타,건조,맑음,단일로 - 기타,승용,남,44세,상해없음,보행자,남,33세,경상
2016062000100093,2016년 6월 20일 07시,월요일,인천광역시 계양구 효성동,경상사고,0,0,1,0,차대차 - 측면충돌,교차로운행방법위반,건조,맑음,단일로 - 기타,화물,남,44세,상해없음,승합,남,59세,상해없음
2016062000100094,2016년 6월 20일 07시,월요일,인천광역시 연수구 송도동,중상사고,0,1,0,0,차대차 - 측면직각충돌,교차로운행방법위반,건조,맑음,교차로 - 교차로안,화물,남,46세,중상,건설기계,남,46세,상해없음
2016062000100095,2016년 6월 20일 07시,월요일,인천광역시 부평구 일신동,경상사고,0,0,1,0,차대차 - 측면직각충돌,안전운전불이행,건조,맑음,단일로 - 기타,승용,남,51세,상해없음,승용,남,43세,경상
2016062000100165,2016년 6월 20일 09시,월요일,인천광역시 중구 율목동,경상사고,0,0,1,0,차대사람 - 기타,안전운전불이행,건조,맑음,단일로 - 기타,승용,여,36세,상해없음,보행자,여,69세,경상
2016062000100198,2016년 6월 20일 10시,월요일,인천광역시 남구 주안동,경상사고,0,0,1,0,차대차 - 측면직각충돌,안전운전불이행,건조,맑음,기타 - 기타,승용,여,25세,상해없음,승용,남,36세,경상
2016062000100199,2016년 6월 20일 10시,월요일,인천광역시 남동구 수산동,중상사고,0,1,2,0,차대차 - 측면충돌,신호위반,건조,맑음,교차로 - 교차로안,승용,남,49세,상해없음,승용,남,28세,경상
2016062000100200,2016년 6월 20일 10시,월요일,인천광역시 남동구 구월동,경상사고,0,0,1,0,차대사람 - 기타,안전운전불이행,건조,맑음,단일로 - 기타,승용,남,29세,상해없음,보행자,남,66세,경상
2016062000100231,2016년 6월 20일 11시,월요일,인천광역시 남동구 구월동,경상사고,0,0,1,0,차대사람 - 길가장자리구역통행중,불법유턴,건조,맑음,단일로 - 기타,화물,남,39세,상해없음,보행자,남,33세,경상
2016062000100268,2016년 6월 20일 12시,월요일,인천광역시 남동구 간석동,경상사고,0,0,1,0,차대차 - 측면충돌,안전거리미확보,건조,맑음,미분류 - 미분류,화물,남,39세,상해없음,승용,여,26세,경상
2016062000100312,2016년 6월 20일 13시,월요일,인천광역시 남동구 만수동,경상사고,0,0,1,0,차대차 - 측면충돌,안전운전불이행,건조,맑음,단일로 - 횡단보도상,승용,여,36세,상해없음,자전거,여,59세,경상
2016062000100357,2016년 6월 20일 14시,월요일,인천광역시 남동구 고잔동,경상사고,0,0,1,0,차대차 - 측면충돌,안전거리미확보,건조,맑음,단일로 - 기타,특수,남,57세,상해없음,승용,남,49세,경상
2016062000100358,2016년 6월 20일 14시,월요일,인천광역시 남동구 논현동,경상사고,0,0,1,0,차대차 - 측면충돌,안전거리미확보,건조,맑음,단일로 - 기타,승용,여,63세,기타불명,승용,남,33세,경상
2016062000100397,2016년 6월 20일 15시,월요일,인천광역시 남구 도화동,경상사고,0,0,6,1,차대차 - 기타,기타,건조,맑음,단일로 - 기타,승합,남,42세,상해없음,승용,남,43세,부상신고
2016062000100398,2016년 6월 20일 15시,월요일,인천광역시 강화군 선원면,경상사고,0,0,1,0,차대차 - 측면직각충돌,중앙선침범,건조,맑음,단일로 - 기타,승용,남,72세,기타불명,승용,여,26세,경상
2016062000100439,2016년 6월 20일 16시,월요일,인천광역시 남구 주안동,경상사고,0,0,1,0,차대차 - 추돌,안전운전불이행,건조,맑음,단일로 - 기타,승용,남,37세,상해없음,승용,남,51세,경상
2016062000100489,2016년 6월 20일 17시,월요일,인천광역시 남동구 간석동,경상사고,0,0,3,0,차대차 - 측면충돌,교차로운행방법위반,건조,맑음,교차로 - 교차로안,승용,남,73세,경상,승용,남,67세,경상
2016062000100528,2016년 6월 20일 18시,월요일,인천광역시 계양구 작전동,중상사고,0,1,0,0,차대차 - 측면직각충돌,신호위반,건조,맑음,교차로 - 교차로안,이륜,남,55세,중상,승용,남,44세,상해없음
2016062000100529,2016년 6월 20일 18시,월요일,인천광역시 부평구 부평동,중상사고,0,1,0,0,차대차 - 측면직각충돌,안전운전불이행,건조,맑음,교차로 - 교차로안,승용,여,50세,상해없음,이륜,남,58세,중상
2016062000100564,2016년 6월 20일 19시,월요일,인천광역시 부평구 산곡동,부상신고사고,0,0,0,1,차대차 - 추돌,안전운전불이행,건조,맑음,단일로 - 기타,이륜,남,45세,부상신고,승용,여,46세,상해없음
2016062000100565,2016년 6월 20일 19시,월요일,인천광역시 서구 석남동,부상신고사고,0,0,0,1,차량단독 - 기타,안전운전불이행,건조,맑음,단일로 - 기타,승합,남,36세,상해없음,,,,
2016062000100566,2016년 6월 20일 19시,월요일,인천광역시 서구 가좌동,경상사고,0,0,1,0,차대차 - 측면충돌,안전운전불이행,건조,맑음,단일로 - 기타,기타불명,기타불명,기타불명,기타불명,자전거,남,11세,경상
2016062000100567,2016년 6월 20일 19시,월요일,인천광역시 계양구 병방동,경상사고,0,0,1,0,차대차 - 기타,안전운전불이행,건조,맑음,단일로 - 기타,승용,남,52세,상해없음,특수,남,45세,경상
2016062000100647,2016년 6월 20일 22시,월요일,인천광역시 연수구 동춘동,경상사고,0,0,2,0,차대차 - 추돌,안전운전불이행,건조,맑음,단일로 - 기타,승용,남,37세,상해없음,승용,남,52세,경상
2016062100100026,2016년 6월 21일 01시,화요일,인천광역시 남동구 운연동,중상사고,0,1,0,0,차대차 - 추돌,차로위반,건조,맑음,단일로 - 기타,화물,남,42세,상해없음,승용,남,48세,중상
2016062100100062,2016년 6월 21일 06시,화요일,인천광역시 서구 가좌동,중상사고,0,1,1,0,차대차 - 측면충돌,신호위반,건조,맑음,교차로 - 교차로안,승용,여,44세,상해없음,승용,남,25세,경상
2016062100100168,2016년 6월 21일 09시,화요일,인천광역시 남동구 장수동,경상사고,0,0,1,0,차대차 - 측면직각충돌,안전운전불이행,건조,맑음,단일로 - 기타,승용,남,66세,상해없음,승용,남,73세,상해없음
2016062100100169,2016년 6월 21일 09시,화요일,인천광역시 연수구 송도동,경상사고,0,0,1,0,차대사람 - 횡단중,안전운전불이행,건조,맑음,단일로 - 기타,승용,여,45세,상해없음,보행자,남,19세,경상
2016062100100210,2016년 6월 21일 10시,화요일,인천광역시 남동구 운연동,경상사고,0,0,1,0,차대차 - 정면충돌,안전운전불이행,건조,맑음,단일로 - 기타,승용,남,61세,상해없음,승용,남,56세,경상
2016062100100211,2016년 6월 21일 10시,화요일,인천광역시 연수구 선학동,중상사고,0,1,0,0,차대사람 - 기타,안전운전불이행,건조,맑음,교차로 - 교차로부근,승용,남,56세,상해없음,보행자,여,67세,중상
2016062100100243,2016년 6월 21일 11시,화요일,인천광역시 서구 왕길동,경상사고,0,0,1,0,차대차 - 측면직각충돌,안전운전불이행,건조,맑음,단일로 - 기타,승용,여,51세,상해없음,화물,남,46세,경상
2016062100100296,2016년 6월 21일 13시,화요일,인천광역시 부평구 부평동,중상사고,0,1,0,0,차대사람 - 횡단중,신호위반,건조,맑음,교차로 - 교차로안,이륜,남,22세,상해없음,보행자,여,65세,중상
2016062100100331,2016년 6월 21일 14시,화요일,인천광역시 서구 당하동,중상사고,0,1,0,0,차대사람 - 기타,기타,건조,맑음,단일로 - 기타,승합,남,61세,상해없음,보행자,여,52세,중상
2016062100100332,2016년 6월 21일 14시,화요일,인천광역시 계양구 동양동,경상사고,0,0,1,0,차대차 - 정면충돌,안전운전불이행,건조,맑음,교차로 - 교차로안,승용,여,36세,상해없음,자전거,남,8세,경상
2016062100100404,2016년 6월 21일 16시,화요일,인천광역시 부평구 부평동,중상사고,0,1,0,0,차대사람 - 기타,안전운전불이행,건조,맑음,단일로 - 기타,승합,남,47세,상해없음,보행자,여,20세,중상
2016062100100448,2016년 6월 21일 17시,화요일,인천광역시 남구 숭의동,경상사고,0,0,1,0,차대차 - 추돌,안전거리미확보,건조,맑음,단일로 - 기타,승합,남,49세,상해없음,승용,남,32세,경상
2016062100100449,2016년 6월 21일 17시,화요일,인천광역시 남동구 서창동,중상사고,0,1,0,0,차대사람 - 횡단중,안전운전불이행,건조,맑음,단일로 - 기타,승용,여,52세,상해없음,보행자,남,7세,중상
2016062100100493,2016년 6월 21일 18시,화요일,인천광역시 남동구 서창동,경상사고,0,0,1,0,차대차 - 측면충돌,안전운전불이행,건조,맑음,교차로 - 교차로안,승용,여,61세,상해없음,자전거,남,8세,경상
2016062100100529,2016년 6월 21일 19시,화요일,인천광역시 연수구 송도동,중상사고,0,1,0,0,차대사람 - 횡단중,안전운전불이행,건조,맑음,단일로 - 기타,승용,남,57세,상해없음,보행자,남,56세,중상
2016062100100558,2016년 6월 21일 20시,화요일,인천광역시 남동구 간석동,경상사고,0,0,4,0,차대차 - 측면충돌,안전운전불이행,건조,맑음,단일로 - 기타,승용,남,50세,경상,승용,남,31세,경상
2016062100100613,2016년 6월 21일 22시,화요일,인천광역시 남동구 구월동,경상사고,0,0,1,0,차량단독 - 기타,안전운전불이행,건조,맑음,단일로 - 기타,이륜,남,59세,경상,,,,
2016062100100634,2016년 6월 21일 23시,화요일,인천광역시 서구 검암동,경상사고,0,0,1,0,차대차 - 측면충돌,안전운전불이행,건조,맑음,단일로 - 횡단보도상,승합,남,45세,상해없음,승용,남,37세,경상
2016062200100009,2016년 6월 22일 00시,수요일,인천광역시 남구 용현동,경상사고,0,0,2,0,차대차 - 측면직각충돌,신호위반,건조,맑음,교차로 - 교차로안,승용,여,23세,상해없음,승용,남,47세,경상
2016062200100036,2016년 6월 22일 03시,수요일,인천광역시 계양구 작전동,경상사고,0,0,1,0,차대차 - 측면충돌,안전거리미확보,건조,맑음,교차로 - 교차로부근,승용,남,59세,상해없음,승용,남,31세,상해없음
2016062200100039,2016년 6월 22일 04시,수요일,인천광역시 부평구 산곡동,경상사고,0,0,1,0,차대차 - 측면충돌,신호위반,건조,맑음,교차로 - 교차로안,승용,남,40세,상해없음,승용,남,45세,상해없음
2016062200100080,2016년 6월 22일 07시,수요일,인천광역시 부평구 청천동,경상사고,0,0,1,0,차대차 - 기타,안전운전불이행,건조,맑음,교차로 - 교차로부근,기타불명,기타불명,기타불명,기타불명,자전거,남,18세,경상
2016062200100082,2016년 6월 22일 07시,수요일,인천광역시 서구 검암동,경상사고,0,0,1,0,차대차 - 추돌,안전운전불이행,건조,맑음,단일로 - 기타,승용,여,52세,상해없음,승용,여,53세,경상
2016062200100123,2016년 6월 22일 08시,수요일,인천광역시 서구 경서동,중상사고,0,1,0,0,차대차 - 측면충돌,신호위반,건조,맑음,교차로 - 교차로안,승용,남,38세,상해없음,승용,남,60세,중상
2016062200100186,2016년 6월 22일 11시,수요일,인천광역시 부평구 부평동,중상사고,0,1,0,0,차대차 - 기타,안전운전불이행,건조,맑음,단일로 - 기타,화물,남,58세,상해없음,이륜,남,78세,중상
2016062200100257,2016년 6월 22일 13시,수요일,인천광역시 계양구 계산동,경상사고,0,0,1,0,차대차 - 측면직각충돌,안전운전불이행,건조,맑음,단일로 - 기타,승용,남,50세,상해없음,승용,남,65세,경상
2016062200100295,2016년 6월 22일 14시,수요일,인천광역시 옹진군 영흥면,경상사고,0,0,1,0,차대차 - 추돌,안전운전불이행,건조,맑음,교차로 - 교차로부근,화물,남,44세,기타불명,승용,여,18세,경상
2016062200100325,2016년 6월 22일 15시,수요일,인천광역시 남구 주안동,경상사고,0,0,2,0,차대차 - 측면직각충돌,안전운전불이행,습기,비,교차로 - 교차로부근,승합,남,58세,상해없음,승용,남,27세,경상
2016062200100326,2016년 6월 22일 15시,수요일,인천광역시 강화군 선원면,중상사고,0,1,0,0,차대차 - 추돌,안전운전불이행,건조,맑음,단일로 - 기타,승합,남,51세,상해없음,승용,남,53세,중상
2016062200100377,2016년 6월 22일 16시,수요일,인천광역시 부평구 십정동,경상사고,0,0,1,0,차대차 - 기타,안전운전불이행,습기,비,교차로 - 교차로부근,기타불명,기타불명,기타불명,기타불명,원동기,남,30세,경상
2016062200100378,2016년 6월 22일 16시,수요일,인천광역시 남동구 논현동,중상사고,0,1,0,0,차대차 - 측면충돌,안전거리미확보,습기,비,교차로 - 교차로안,승용,남,45세,상해없음,이륜,남,55세,중상
2016062200100379,2016년 6월 22일 16시,수요일,인천광역시 남동구 장수동,경상사고,0,0,1,0,차대차 - 측면직각충돌,안전거리미확보,습기,비,단일로 - 기타,화물,남,45세,상해없음,건설기계,남,33세,경상
2016062200100416,2016년 6월 22일 17시,수요일,인천광역시 남동구 간석동,경상사고,0,0,1,0,차대차 - 측면충돌,안전운전불이행,습기,비,교차로 - 교차로안,승용,여,52세,상해없음,승용,남,52세,경상
2016062200100456,2016년 6월 22일 18시,수요일,인천광역시 남동구 간석동,경상사고,0,0,1,0,차대사람 - 길가장자리구역통행중,안전운전불이행,건조,맑음,단일로 - 기타,승용,남,36세,상해없음,보행자,여,35세,경상
2016062200100485,2016년 6월 22일 19시,수요일,인천광역시 남동구 구월동,중상사고,0,1,0,0,차대차 - 추돌,안전운전불이행,건조,맑음,단일로 - 기타,승용,남,31세,상해없음,특수,남,29세,중상
2016062200100486,2016년 6월 22일 19시,수요일,인천광역시 서구 마전동,경상사고,0,0,1,0,차대차 - 정면충돌,중앙선침범,건조,맑음,단일로 - 기타,이륜,남,18세,경상,승용,남,64세,상해없음
2016062200100513,2016년 6월 22일 20시,수요일,인천광역시 남구 용현동,경상사고,0,0,1,0,차대차 - 측면직각충돌,안전운전불이행,건조,맑음,단일로 - 기타,승용,남,61세,상해없음,승용,남,36세,경상
2016062200100514,2016년 6월 22일 20시,수요일,인천광역시 남동구 논현동,경상사고,0,0,1,0,차대사람 - 길가장자리구역통행중,안전운전불이행,건조,맑음,단일로 - 기타,승용,남,41세,상해없음,보행자,남,42세,경상
2016062300100027,2016년 6월 23일 01시,목요일,인천광역시 남동구 구월동,경상사고,0,0,1,0,차대차 - 추돌,안전운전불이행,건조,맑음,교차로 - 교차로안,승용,남,26세,상해없음,승용,남,38세,경상
2016062300100028,2016년 6월 23일 01시,목요일,인천광역시 남동구 구월동,중상사고,0,1,3,0,차대차 - 추돌,안전운전불이행,건조,맑음,교차로 - 교차로부근,승용,남,34세,상해없음,승용,남,60세,중상
2016062300100029,2016년 6월 23일 01시,목요일,인천광역시 계양구 박촌동,경상사고,0,0,3,0,차대차 - 측면충돌,중앙선침범,건조,맑음,교차로 - 교차로부근,승용,남,44세,경상,승용,여,31세,경상
2016062300100048,2016년 6월 23일 03시,목요일,인천광역시 남동구 남촌동,경상사고,0,0,3,0,차대차 - 측면직각충돌,신호위반,건조,맑음,교차로 - 교차로안,승용,남,40세,상해없음,승용,남,58세,경상
2016062300100093,2016년 6월 23일 07시,목요일,인천광역시 남구 주안동,중상사고,0,1,0,0,차대차 - 측면직각충돌,신호위반,건조,맑음,교차로 - 교차로안,승용,남,36세,상해없음,이륜,남,35세,중상
2016062300100094,2016년 6월 23일 07시,목요일,인천광역시 연수구 송도동,중상사고,0,2,0,0,차대차 - 기타,신호위반,건조,맑음,교차로 - 교차로안,승용,여,25세,상해없음,승용,남,51세,중상
2016062300100136,2016년 6월 23일 08시,목요일,인천광역시 남동구 남촌동,경상사고,0,0,2,0,차대차 - 측면충돌,안전거리미확보,건조,맑음,단일로 - 기타,승용,남,52세,상해없음,승용,남,27세,경상
2016062300100137,2016년 6월 23일 08시,목요일,인천광역시 연수구 송도동,중상사고,0,1,4,0,차대차 - 추돌,안전운전불이행,건조,맑음,단일로 - 기타,승용,남,39세,상해없음,승용,남,59세,중상
2016062300100138,2016년 6월 23일 08시,목요일,인천광역시 연수구 동춘동,경상사고,0,0,1,0,차대차 - 측면직각충돌,신호위반,건조,맑음,교차로 - 교차로안,승용,여,44세,상해없음,승용,여,35세,경상
2016062300100174,2016년 6월 23일 09시,목요일,인천광역시 남동구 구월동,중상사고,0,1,0,0,차대사람 - 횡단중,안전운전불이행,건조,맑음,단일로 - 횡단보도상,승용,여,53세,상해없음,보행자,여,79세,중상
2016062300100175,2016년 6월 23일 09시,목요일,인천광역시 남동구 간석동,경상사고,0,0,1,0,차량단독 - 전도전복,안전운전불이행,건조,맑음,단일로 - 기타,이륜,남,46세,경상,,,,
2016062300100198,2016년 6월 23일 10시,목요일,인천광역시 서구 가정동,중상사고,0,1,0,0,차대사람 - 횡단중,안전운전불이행,건조,맑음,교차로 - 교차로부근,승용,남,51세,상해없음,보행자,여,58세,중상
2016062300100277,2016년 6월 23일 13시,목요일,인천광역시 연수구 송도동,경상사고,0,0,5,0,차대차 - 추돌,안전운전불이행,건조,맑음,교차로 - 교차로부근,승용,여,35세,상해없음,승용,남,39세,경상
2016062300100303,2016년 6월 23일 14시,목요일,인천광역시 계양구 효성동,경상사고,0,0,1,0,차대차 - 측면직각충돌,안전운전불이행,건조,맑음,단일로 - 기타,화물,남,62세,상해없음,승용,남,53세,경상
2016062300100340,2016년 6월 23일 15시,목요일,인천광역시 강화군 화도면,중상사고,0,1,0,0,차대차 - 정면충돌,안전운전불이행,건조,맑음,교차로 - 교차로안,승용,여,54세,상해없음,승용,여,53세,중상
2016062300100409,2016년 6월 23일 17시,목요일,인천광역시 동구 송림동,경상사고,0,0,1,0,차대사람 - 횡단중,안전운전불이행,건조,맑음,단일로 - 횡단보도상,원동기,남,24세,기타불명,보행자,여,11세,경상
2016062300100410,2016년 6월 23일 17시,목요일,인천광역시 서구 원창동,중상사고,0,1,2,2,차대차 - 추돌,안전운전불이행,건조,맑음,교차로 - 교차로부근,승합,남,66세,상해없음,승용,여,35세,중상
2016062300100411,2016년 6월 23일 17시,목요일,인천광역시 계양구 작전동,부상신고사고,0,0,0,1,차대사람 - 횡단중,신호위반,건조,맑음,교차로 - 교차로부근,자전거,남,22세,상해없음,보행자,여,16세,부상신고
2016062300100412,2016년 6월 23일 17시,목요일,인천광역시 계양구 갈현동,중상사고,0,1,1,0,차대차 - 정면충돌,중앙선침범,건조,맑음,단일로 - 기타,승용,남,24세,중상,승용,남,46세,경상
2016062300100413,2016년 6월 23일 17시,목요일,인천광역시 연수구 동춘동,중상사고,0,1,0,0,차대차 - 추돌,안전운전불이행,건조,맑음,기타 - 기타,승용,남,60세,상해없음,자전거,남,47세,중상
2016062300100414,2016년 6월 23일 17시,목요일,인천광역시 부평구 부개동,경상사고,0,0,1,0,차대차 - 측면직각충돌,안전운전불이행,건조,맑음,교차로 - 교차로부근,승용,남,60세,상해없음,승용,여,43세,경상
2016062300100445,2016년 6월 23일 18시,목요일,인천광역시 남동구 고잔동,경상사고,0,0,1,0,차대차 - 측면직각충돌,안전운전불이행,건조,맑음,기타 - 기타,화물,남,56세,상해없음,승용,남,53세,경상
2016062300100500,2016년 6월 23일 20시,목요일,인천광역시 남동구 만수동,경상사고,0,0,1,0,차대차 - 측면직각충돌,신호위반,건조,맑음,기타 - 기타,이륜,남,18세,상해없음,승용,남,29세,경상
2016062300100527,2016년 6월 23일 21시,목요일,인천광역시 남구 주안동,경상사고,0,0,1,0,차대차 - 정면충돌,신호위반,건조,맑음,교차로 - 교차로안,승용,남,34세,상해없음,원동기,남,43세,경상
2016062300100565,2016년 6월 23일 22시,목요일,인천광역시 남구 문학동,경상사고,0,0,1,0,차대차 - 기타,안전거리미확보,습기,비,단일로 - 기타,승합,남,67세,상해없음,승용,남,55세,경상
2016062300100593,2016년 6월 23일 23시,목요일,인천광역시 서구 공촌동,경상사고,0,0,1,0,차량단독 - 기타,안전운전불이행,건조,맑음,단일로 - 기타,승합,남,60세,상해없음,,,,
2016062400100079,2016년 6월 24일 05시,금요일,인천광역시 중구 을왕동,경상사고,0,0,3,0,차대차 - 측면충돌,안전운전불이행,적설,비,단일로 - 기타,승용,남,22세,경상,승합,남,55세,기타불명
2016062400100172,2016년 6월 24일 08시,금요일,인천광역시 부평구 부평동,경상사고,0,0,1,0,차대차 - 측면직각충돌,안전운전불이행,습기,비,기타 - 기타,승합,남,66세,상해없음,승용,여,35세,경상
2016062400100173,2016년 6월 24일 08시,금요일,인천광역시 남동구 논현동,중상사고,0,1,0,0,차대사람 - 기타,안전운전불이행,건조,맑음,단일로 - 기타,승합,남,50세,상해없음,보행자,여,54세,중상
2016062400100216,2016년 6월 24일 09시,금요일,인천광역시 남동구 구월동,경상사고,0,0,2,0,차대차 - 측면직각충돌,교차로운행방법위반,습기,비,교차로 - 교차로안,승용,여,57세,기타불명,승용,남,54세,경상
2016062400100244,2016년 6월 24일 10시,금요일,인천광역시 연수구 청학동,경상사고,0,0,1,0,차대차 - 측면충돌,안전운전불이행,건조,맑음,교차로 - 교차로안,승용,남,46세,상해없음,승합,남,45세,경상
2016062400100278,2016년 6월 24일 11시,금요일,인천광역시 남동구 논현동,경상사고,0,0,1,0,차대차 - 기타,신호위반,건조,맑음,교차로 - 교차로안,이륜,남,54세,경상,승용,남,47세,상해없음
2016062400100303,2016년 6월 24일 12시,금요일,인천광역시 서구 가좌동,중상사고,0,1,0,0,차대사람 - 횡단중,안전운전불이행,건조,맑음,교차로 - 교차로안,화물,남,47세,상해없음,보행자,여,61세,중상
2016062400100333,2016년 6월 24일 13시,금요일,인천광역시 남동구 장수동,경상사고,0,0,5,0,차대차 - 측면충돌,안전거리미확보,건조,맑음,단일로 - 기타,승용,남,42세,경상,승용,남,20세,경상
2016062400100358,2016년 6월 24일 14시,금요일,인천광역시 서구 경서동,경상사고,0,0,2,0,차대차 - 측면충돌,신호위반,건조,맑음,교차로 - 교차로안,승용,남,44세,상해없음,승용,여,46세,경상
2016062400100419,2016년 6월 24일 16시,금요일,인천광역시 남구 주안동,경상사고,0,0,2,0,차대차 - 기타,교차로운행방법위반,건조,맑음,교차로 - 교차로안,화물,남,42세,상해없음,승합,남,48세,상해없음
2016062400100420,2016년 6월 24일 16시,금요일,인천광역시 부평구 부평동,경상사고,0,0,1,0,차대차 - 측면직각충돌,안전운전불이행,건조,맑음,단일로 - 기타,승용,남,35세,상해없음,승용,남,25세,경상
2016062400100421,2016년 6월 24일 16시,금요일,인천광역시 남동구 만수동,중상사고,0,1,0,0,차대사람 - 횡단중,안전운전불이행,건조,맑음,단일로 - 기타,화물,남,50세,상해없음,보행자,남,6세,중상
2016062400100422,2016년 6월 24일 16시,금요일,인천광역시 계양구 작전동,경상사고,0,0,1,0,차대차 - 추돌,안전운전불이행,건조,맑음,단일로 - 기타,화물,남,43세,상해없음,승용,남,48세,경상
2016062400100423,2016년 6월 24일 16시,금요일,인천광역시 강화군 강화읍,중상사고,0,2,1,0,차대차 - 측면직각충돌,안전운전불이행,건조,맑음,교차로 - 교차로안,화물,남,56세,중상,승용,남,61세,경상
2016062400100464,2016년 6월 24일 17시,금요일,인천광역시 남동구 간석동,중상사고,0,1,0,0,차대차 - 측면직각충돌,교차로운행방법위반,건조,맑음,교차로 - 교차로안,승합,남,51세,기타불명,승용,남,28세,중상
2016062400100495,2016년 6월 24일 18시,금요일,인천광역시 남동구 구월동,경상사고,0,0,1,0,차대차 - 추돌,안전운전불이행,건조,맑음,교차로 - 교차로부근,승용,여,33세,상해없음,이륜,남,46세,경상
2016062400100496,2016년 6월 24일 18시,금요일,인천광역시 남동구 간석동,경상사고,0,0,1,0,차대차 - 측면충돌,신호위반,건조,맑음,교차로 - 교차로안,이륜,남,19세,상해없음,화물,남,53세,경상
2016062400100532,2016년 6월 24일 19시,금요일,인천광역시 남동구 남촌동,경상사고,0,0,1,0,차대차 - 측면직각충돌,신호위반,건조,맑음,교차로 - 교차로안,승용,남,62세,상해없음,승용,여,37세,상해없음
2016062400100560,2016년 6월 24일 20시,금요일,인천광역시 남동구 남촌동,경상사고,0,0,1,0,차대차 - 측면직각충돌,안전운전불이행,건조,맑음,단일로 - 기타,승용,남,48세,상해없음,자전거,여,6세,경상