사고번호,사고일시,요일,시군구,사고내용,사망자수,중상자수,경상자수,부상신고자수,사고유형,법규위반,노면상태,기상상태,도로형태,가해운전자 차종,가해운전자 성별,가해운전자 연령,가해운전자 상해정도,피해운전자 차종,피해운전자 성별,피해운전자 연령,피해운전자 상해정도
2016062400100561,2016년 6월 24일 20시,금요일,인천광역시 계양구 병방동,경상사고,0,0,1,0,차대사람 - 횡단중,안전운전불이행,건조,맑음,단일로 - 횡단보도상,승용,남,67세,상해없음,보행자,남,79세,경상
2016062400100619,2016년 6월 24일 22시,금요일,인천광역시 중구 운서동,중상사고,0,1,0,0,차대사람 - 횡단중,안전운전불이행,건조,맑음,단일로 - 기타,승용,여,56세,상해없음,보행자,남,33세,중상
2016062400100620,2016년 6월 24일 22시,금요일,인천광역시 남구 도화동,경상사고,0,0,1,0,차대사람 - 차도통행중,안전운전불이행,건조,기타,교차로 - 교차로안,승용,남,23세,상해없음,보행자,남,27세,경상
2016062400100621,2016년 6월 24일 22시,금요일,인천광역시 계양구 임학동,경상사고,0,0,4,0,차대차 - 정면충돌,안전운전불이행,건조,맑음,단일로 - 기타,승합,남,45세,상해없음,승용,남,20세,경상
2016062500100017,2016년 6월 25일 00시,토요일,인천광역시 남구 학익동,경상사고,0,0,1,0,차대사람 - 횡단중,안전운전불이행,건조,맑음,단일로 - 기타,승용,여,51세,상해없음,보행자,남,65세,경상
2016062500100018,2016년 6월 25일 00시,토요일,인천광역시 연수구 송도동,경상사고,0,0,1,0,차대차 - 기타,교차로운행방법위반,건조,맑음,교차로 - 교차로안,승용,여,43세,상해없음,승용,여,37세,경상
2016062500100037,2016년 6월 25일 01시,토요일,인천광역시 중구 경동,경상사고,0,0,1,0,차대사람 - 횡단중,보행자보호의무위반,건조,맑음,교차로 - 교차로부근,승용,남,54세,상해없음,보행자,남,52세,경상
2016062500100038,2016년 6월 25일 01시,토요일,인천광역시 연수구 연수동,경상사고,0,0,1,0,차대차 - 추돌,안전운전불이행,건조,맑음,교차로 - 교차로부근,승용,남,21세,기타불명,이륜,여,50세,경상
2016062500100163,2016년 6월 25일 08시,토요일,인천광역시 남동구 만수동,경상사고,0,0,1,0,차대차 - 측면직각충돌,안전운전불이행,건조,맑음,단일로 - 기타,승용,여,46세,상해없음,승용,남,49세,경상
2016062500100187,2016년 6월 25일 09시,토요일,인천광역시 강화군 불은면,경상사고,0,0,2,0,차대차 - 측면충돌,교차로운행방법위반,건조,맑음,교차로 - 교차로안,승용,남,65세,상해없음,화물,남,58세,경상
2016062500100234,2016년 6월 25일 10시,토요일,인천광역시 부평구 부평동,부상신고사고,0,0,0,1,차대사람 - 기타,기타,건조,맑음,단일로 - 기타,기타불명,기타불명,기타불명,기타불명,보행자,남,10세,부상신고
2016062500100235,2016년 6월 25일 10시,토요일,인천광역시 계양구 계산동,중상사고,0,1,0,0,차대차 - 측면직각충돌,안전운전불이행,건조,맑음,단일로 - 기타,승용,남,34세,상해없음,자전거,남,51세,중상
2016062500100236,2016년 6월 25일 10시,토요일,인천광역시 계양구 작전동,중상사고,0,1,0,0,차대차 - 측면직각충돌,안전운전불이행,건조,맑음,교차로 - 교차로부근,승용,남,64세,상해없음,이륜,남,50세,중상
2016062500100330,2016년 6월 25일 13시,토요일,인천광역시 중구 운남동,경상사고,0,0,4,0,차대차 - 측면충돌,신호위반,건조,맑음,교차로 - 교차로안,승용,여,42세,경상,승용,남,54세,경상
2016062500100331,2016년 6월 25일 13시,토요일,인천광역시 부평구 부평동,경상사고,0,0,1,0,차대사람 - 횡단중,안전운전불이행,건조,맑음,단일로 - 기타,자전거,남,15세,상해없음,보행자,여,26세,경상
2016062500100332,2016년 6월 25일 13시,토요일,인천광역시 부평구 산곡동,경상사고,0,0,4,0,차대차 - 측면직각충돌,안전거리미확보,건조,맑음,교차로 - 교차로부근,승용,남,29세,상해없음,화물,남,42세,경상
2016062500100333,2016년 6월 25일 13시,토요일,인천광역시 남동구 논현동,경상사고,0,0,4,0,차대차 - 측면충돌,신호위반,건조,맑음,교차로 - 교차로부근,승용,남,34세,상해없음,승용,남,23세,경상
2016062500100376,2016년 6월 25일 14시,토요일,인천광역시 남구 용현동,중상사고,0,1,0,0,차대사람 - 기타,안전운전불이행,건조,맑음,교차로 - 교차로안,화물,남,27세,상해없음,보행자,남,69세,중상
2016062500100377,2016년 6월 25일 14시,토요일,인천광역시 남구 문학동,경상사고,0,0,1,0,차대사람 - 횡단중,안전운전불이행,건조,맑음,단일로 - 횡단보도상,승용,남,40세,상해없음,보행자,남,16세,경상
2016062500100378,2016년 6월 25일 14시,토요일,인천광역시 부평구 삼산동,경상사고,0,0,1,0,차대차 - 측면직각충돌,안전운전불이행,건조,맑음,단일로 - 기타,승용,남,31세,상해없음,승용,여,52세,경상
2016062500100420,2016년 6월 25일 15시,토요일,인천광역시 남동구 만수동,경상사고,0,0,1,0,차대차 - 기타,안전운전불이행,건조,맑음,단일로 - 기타,승용,여,31세,경상,승용,여,46세,기타불명
2016062500100462,2016년 6월 25일 16시,토요일,인천광역시 동구 송림동,경상사고,0,0,1,0,차대차 - 정면충돌,안전운전불이행,건조,맑음,교차로 - 교차로안,화물,남,44세,상해없음,승용,남,42세,상해없음
2016062500100463,2016년 6월 25일 16시,토요일,인천광역시 남구 주안동,중상사고,0,1,0,0,차대차 - 측면직각충돌,안전운전불이행,건조,맑음,교차로 - 교차로안,승용,여,60세,상해없음,자전거,남,35세,중상
2016062500100464,2016년 6월 25일 16시,토요일,인천광역시 남동구 간석동,경상사고,0,0,1,0,차대차 - 추돌,안전운전불이행,건조,맑음,단일로 - 기타,화물,남,36세,상해없음,승용,남,52세,경상
2016062500100465,2016년 6월 25일 16시,토요일,인천광역시 계양구 작전동,경상사고,0,0,2,0,차대차 - 추돌,안전운전불이행,건조,맑음,단일로 - 기타,승용,여,64세,상해없음,승용,남,44세,경상
2016062500100502,2016년 6월 25일 17시,토요일,인천광역시 남구 용현동,중상사고,0,1,0,0,차대차 - 측면직각충돌,신호위반,건조,맑음,교차로 - 교차로안,승용,남,26세,상해없음,이륜,남,56세,중상
2016062500100503,2016년 6월 25일 17시,토요일,인천광역시 남동구 구월동,경상사고,0,0,1,0,차대차 - 추돌,안전거리미확보,건조,맑음,단일로 - 횡단보도부근,승용,남,73세,상해없음,승용,남,72세,경상
2016062500100504,2016년 6월 25일 17시,토요일,인천광역시 남동구 구월동,경상사고,0,0,1,0,차대차 - 추돌,안전거리미확보,건조,맑음,기타 - 기타,승용,남,61세,상해없음,승용,남,64세,경상
2016062500100505,2016년 6월 25일 17시,토요일,인천광역시 부평구 부평동,경상사고,0,0,1,0,차대차 - 기타,안전운전불이행,건조,맑음,교차로 - 교차로부근,승용,남,48세,상해없음,화물,남,33세,경상
2016062500100579,2016년 6월 25일 19시,토요일,인천광역시 남구 주안동,중상사고,0,1,0,0,차대차 - 기타,안전운전불이행,건조,맑음,교차로 - 교차로부근,승용,여,44세,상해없음,이륜,남,40세,중상
2016062500100604,2016년 6월 25일 20시,토요일,인천광역시 부평구 갈산동,경상사고,0,0,1,0,차대차 - 기타,신호위반,건조,맑음,단일로 - 횡단보도상,이륜,남,16세,상해없음,자전거,여,59세,경상
2016062500100635,2016년 6월 25일 21시,토요일,인천광역시 서구 연희동,중상사고,0,1,0,0,차대차 - 측면충돌,안전운전불이행,건조,맑음,단일로 - 기타,원동기,남,16세,상해없음,자전거,여,17세,중상
2016062500100682,2016년 6월 25일 23시,토요일,인천광역시 서구 검암동,경상사고,0,0,2,0,차대차 - 측면충돌,안전거리미확보,건조,맑음,단일로 - 기타,승용,남,40세,상해없음,승용,남,23세,경상
2016062600100016,2016년 6월 26일 00시,일요일,인천광역시 동구 금곡동,경상사고,0,0,1,0,차량단독 - 공작물충돌,안전운전불이행,건조,맑음,단일로 - 기타,화물,남,54세,상해없음,,,,
2016062600100017,2016년 6월 26일 00시,일요일,인천광역시 남동구 간석동,경상사고,0,0,1,0,차대차 - 정면충돌,중앙선침범,건조,맑음,단일로 - 기타,승용,남,48세,상해없음,승용,남,60세,경상
2016062600100045,2016년 6월 26일 02시,일요일,인천광역시 연수구 송도동,경상사고,0,0,2,0,차대차 - 기타,안전운전불이행,건조,맑음,단일로 - 기타,승용,여,39세,상해없음,승용,남,38세,경상
2016062600100046,2016년 6월 26일 02시,일요일,인천광역시 부평구 부평동,중상사고,0,1,0,0,차대차 - 기타,안전운전불이행,건조,맑음,단일로 - 기타,승용,남,30세,상해없음,승합,남,54세,상해없음
2016062600100062,2016년 6월 26일 04시,일요일,인천광역시 남동구 간석동,중상사고,0,1,0,0,차대차 - 추돌,안전운전불이행,건조,맑음,단일로 - 기타,승용,남,30세,상해없음,승용,남,29세,중상
2016062600100105,2016년 6월 26일 07시,일요일,인천광역시 서구 경서동,경상사고,0,0,1,0,차대차 - 정면충돌,신호위반,건조,맑음,교차로 - 교차로안,승용,여,55세,상해없음,승용,남,63세,경상
2016062600100141,2016년 6월 26일 09시,일요일,인천광역시 연수구 송도동,중상사고,0,1,0,0,차대차 - 정면충돌,안전운전불이행,건조,맑음,단일로 - 기타,자전거,남,40세,중상,승용,남,46세,상해없음
2016062600100142,2016년 6월 26일 09시,일요일,인천광역시 부평구 부평동,경상사고,0,0,1,0,차대차 - 추돌,안전운전불이행,건조,맑음,단일로 - 기타,승용,여,40세,상해없음,승용,남,31세,경상
2016062600100163,2016년 6월 26일 10시,일요일,인천광역시 남구 용현동,경상사고,0,0,2,0,차대차 - 정면충돌,중앙선침범,건조,맑음,교차로 - 교차로부근,승용,여,47세,기타불명,승용,남,61세,경상
2016062600100183,2016년 6월 26일 11시,일요일,인천광역시 남구 숭의동,경상사고,0,0,1,0,차대차 - 기타,안전거리미확보,건조,맑음,단일로 - 기타,승용,남,34세,상해없음,승용,남,32세,경상
2016062600100207,2016년 6월 26일 12시,일요일,인천광역시 남동구 서창동,중상사고,0,1,1,0,차대차 - 측면직각충돌,신호위반,건조,맑음,교차로 - 교차로안,승용,남,75세,상해없음,승합,남,47세,중상
2016062600100208,2016년 6월 26일 12시,일요일,인천광역시 계양구 귤현동,중상사고,0,1,0,0,차대차 - 측면직각충돌,안전운전불이행,건조,맑음,단일로 - 기타,승용,남,57세,기타불명,승용,남,30세,중상
2016062600100209,2016년 6월 26일 12시,일요일,인천광역시 연수구 연수동,중상사고,0,1,0,0,차대차 - 정면충돌,보행자보호의무위반,건조,맑음,교차로 - 교차로안,승용,기타불명,기타불명,기타불명,자전거,남,13세,중상
2016062600100281,2016년 6월 26일 14시,일요일,인천광역시 남구 관교동,경상사고,0,0,1,0,차대차 - 기타,안전운전불이행,건조,맑음,교차로 - 교차로부근,승용,남,28세,기타불명,승용,여,48세,경상
2016062600100350,2016년 6월 26일 17시,일요일,인천광역시 강화군 불은면,중상사고,0,2,1,0,차대차 - 정면충돌,중앙선침범,건조,맑음,교차로 - 교차로안,승용,남,26세,상해없음,승용,남,50세,상해없음
2016062600100351,2016년 6월 26일 17시,일요일,인천광역시 강화군 화도면,경상사고,0,0,3,1,차대차 - 기타,안전운전불이행,건조,맑음,단일로 - 기타,승합,여,27세,상해없음,승합,여,45세,경상
2016062600100432,2016년 6월 26일 20시,일요일,인천광역시 계양구 귤현동,중상사고,0,1,0,0,차대차 - 측면직각충돌,안전운전불이행,건조,맑음,단일로 - 기타,승용,남,56세,상해없음,자전거,남,48세,중상
2016062600100457,2016년 6월 26일 21시,일요일,인천광역시 부평구 청천동,경상사고,0,0,1,0,차대차 - 추돌,안전운전불이행,건조,맑음,단일로 - 기타,승용,남,57세,상해없음,승용,남,46세,경상
2016062600100476,2016년 6월 26일 22시,일요일,인천광역시 계양구 계산동,부상신고사고,0,0,0,1,차대사람 - 차도통행중,안전운전불이행,건조,맑음,교차로 - 교차로안,승용,남,65세,상해없음,보행자,남,50세,부상신고
2016062600100477,2016년 6월 26일 22시,일요일,인천광역시 계양구 계산동,경상사고,0,0,2,0,차대차 - 기타,교차로운행방법위반,건조,맑음,교차로 - 교차로부근,승용,여,38세,상해없음,승용,남,48세,경상
2016062600100489,2016년 6월 26일 23시,일요일,인천광역시 부평구 부평동,경상사고,0,0,1,0,차대사람 - 횡단중,보행자보호의무위반,건조,맑음,교차로 - 교차로안,승용,남,22세,상해없음,보행자,남,34세,경상
2016062700100025,2016년 6월 27일 03시,월요일,인천광역시 남동구 남촌동,경상사고,0,0,1,0,차대차 - 추돌,안전운전불이행,건조,맑음,단일로 - 기타,승용,남,30세,상해없음,화물,남,21세,경상
2016062700100053,2016년 6월 27일 06시,월요일,인천광역시 동구 송현동,경상사고,0,0,1,0,차대차 - 측면직각충돌,신호위반,건조,맑음,교차로 - 교차로안,승용,남,50세,상해없음,승용,남,37세,경상
2016062700100054,2016년 6월 27일 06시,월요일,인천광역시 서구 가좌동,경상사고,0,0,1,0,차대차 - 기타,안전운전불이행,건조,맑음,단일로 - 기타,승용,남,57세,상해없음,승용,여,42세,경상
2016062700100077,2016년 6월 27일 07시,월요일,인천광역시 서구 불로동,중상사고,0,1,0,0,차대차 - 측면직각충돌,안전운전불이행,건조,맑음,단일로 - 기타,화물,남,72세,상해없음,이륜,남,27세,중상
2016062700100078,2016년 6월 27일 07시,월요일,인천광역시 부평구 갈산동,중상사고,0,1,0,0,차대차 - 측면직각충돌,신호위반,건조,맑음,교차로 - 교차로안,승용,남,37세,상해없음,승용,여,57세,중상
2016062700100111,2016년 6월 27일 08시,월요일,인천광역시 중구 운남동,경상사고,0,0,1,0,차대사람 - 횡단중,보행자보호의무위반,건조,맑음,교차로 - 교차로안,승용,여,46세,상해없음,보행자,남,60세,경상
2016062700100112,2016년 6월 27일 08시,월요일,인천광역시 남동구 서창동,중상사고,0,1,0,0,차대차 - 측면직각충돌,신호위반,건조,맑음,교차로 - 교차로안,승용,남,33세,기타불명,승용,여,33세,중상
2016062700100148,2016년 6월 27일 09시,월요일,인천광역시 서구 오류동,중상사고,0,7,0,0,차대차 - 기타,교차로운행방법위반,건조,맑음,단일로 - 기타,특수,남,39세,상해없음,승용,여,38세,중상
2016062700100149,2016년 6월 27일 09시,월요일,인천광역시 부평구 부평동,중상사고,0,1,0,0,차대차 - 측면직각충돌,안전거리미확보,건조,맑음,단일로 - 기타,원동기,남,87세,중상,승용,여,52세,상해없음
2016062700100205,2016년 6월 27일 11시,월요일,인천광역시 남구 용현동,경상사고,0,0,1,0,차대차 - 측면직각충돌,안전거리미확보,건조,맑음,단일로 - 기타,승용,여,60세,상해없음,승용,남,39세,경상
2016062700100206,2016년 6월 27일 11시,월요일,인천광역시 계양구 계산동,경상사고,0,0,2,0,차대차 - 추돌,안전운전불이행,건조,맑음,교차로 - 교차로부근,승용,여,50세,상해없음,승용,남,54세,상해없음
2016062700100268,2016년 6월 27일 13시,월요일,인천광역시 남구 학익동,경상사고,0,0,1,0,차대사람 - 기타,안전운전불이행,건조,맑음,단일로 - 기타,승용,남,54세,상해없음,보행자,여,76세,경상
2016062700100302,2016년 6월 27일 14시,월요일,인천광역시 부평구 십정동,경상사고,0,0,1,0,차대사람 - 횡단중,안전운전불이행,건조,맑음,단일로 - 횡단보도상,승용,여,49세,상해없음,보행자,남,3세,경상
2016062700100303,2016년 6월 27일 14시,월요일,인천광역시 남동구 간석동,경상사고,0,0,1,0,차대사람 - 길가장자리구역통행중,안전운전불이행,건조,맑음,단일로 - 기타,승용,남,29세,상해없음,보행자,여,10세,경상
2016062700100304,2016년 6월 27일 14시,월요일,인천광역시 연수구 옥련동,경상사고,0,0,1,0,차대사람 - 횡단중,안전운전불이행,건조,맑음,교차로 - 교차로부근,승용,남,70세,상해없음,보행자,여,49세,경상
2016062700100375,2016년 6월 27일 16시,월요일,인천광역시 남동구 만수동,경상사고,0,0,1,0,차대사람 - 횡단중,보행자보호의무위반,건조,맑음,교차로 - 교차로부근,승용,여,42세,상해없음,보행자,남,7세,경상
2016062700100487,2016년 6월 27일 19시,월요일,인천광역시 옹진군 연평면,경상사고,0,0,4,0,차대차 - 측면직각충돌,안전운전불이행,건조,맑음,교차로 - 교차로안,승용,남,52세,상해없음,화물,남,56세,경상
2016062700100576,2016년 6월 27일 22시,월요일,인천광역시 남구 숭의동,경상사고,0,0,1,0,차대차 - 추돌,안전거리미확보,건조,맑음,교차로 - 교차로부근,승용,남,29세,상해없음,승용,남,49세,경상
2016062700100577,2016년 6월 27일 22시,월요일,인천광역시 서구 가좌동,경상사고,0,0,1,0,차대차 - 측면충돌,안전운전불이행,건조,맑음,단일로 - 기타,승용,남,24세,기타불명,승용,남,25세,경상
2016062700100597,2016년 6월 27일 23시,월요일,인천광역시 중구 신흥동3가,중상사고,0,1,1,0,차대차 - 추돌,안전운전불이행,건조,맑음,단일로 - 기타,승용,남,45세,상해없음,승용,남,51세,경상
2016062700100598,2016년 6월 27일 23시,월요일,인천광역시 연수구 송도동,중상사고,0,1,1,0,차대차 - 측면충돌,안전운전불이행,건조,맑음,교차로 - 교차로안,승용,남,26세,상해없음,승용,남,52세,중상
2016062800100011,2016년 6월 28일 00시,화요일,인천광역시 계양구 임학동,경상사고,0,0,1,0,차량단독 - 전도전복,안전운전불이행,건조,맑음,교차로 - 교차로안,승용,남,28세,경상,,,,
2016062800100012,2016년 6월 28일 00시,화요일,인천광역시 부평구 일신동,중상사고,0,3,0,0,차대차 - 측면직각충돌,차로위반,건조,맑음,단일로 - 기타,기타불명,기타불명,기타불명,기타불명,승용,남,60세,중상
2016062800100019,2016년 6월 28일 01시,화요일,인천광역시 남동구 간석동,경상사고,0,0,1,0,차대사람 - 길가장자리구역통행중,안전운전불이행,건조,맑음,단일로 - 기타,기타불명,기타불명,기타불명,기타불명,보행자,남,37세,경상
2016062800100050,2016년 6월 28일 04시,화요일,인천광역시 남동구 서창동,중상사고,0,2,1,0,차대차 - 측면직각충돌,교차로운행방법위반,건조,맑음,교차로 - 교차로안,승용,여,48세,경상,승용,남,57세,중상
2016062800100120,2016년 6월 28일 08시,화요일,인천광역시 중구 운서동,중상사고,0,1,0,0,차대사람 - 기타,안전운전불이행,건조,맑음,기타 - 기타,승용,남,55세,기타불명,보행자,남,40세,중상
2016062800100121,2016년 6월 28일 08시,화요일,인천광역시 남동구 간석동,경상사고,0,0,1,0,차대차 - 측면충돌,안전거리미확보,건조,맑음,단일로 - 기타,승용,여,45세,상해없음,승합,남,47세,경상
2016062800100122,2016년 6월 28일 08시,화요일,인천광역시 남동구 서창동,경상사고,0,0,1,0,차대차 - 측면충돌,안전운전불이행,건조,맑음,단일로 - 기타,승용,여,34세,상해없음,승용,남,34세,경상
2016062800100123,2016년 6월 28일 08시,화요일,인천광역시 계양구 효성동,경상사고,0,0,1,0,차대차 - 측면충돌,교차로운행방법위반,건조,맑음,단일로 - 기타,화물,남,54세,상해없음,승용,여,60세,경상
2016062800100155,2016년 6월 28일 09시,화요일,인천광역시 남동구 간석동,경상사고,0,0,1,0,차대차 - 추돌,안전거리미확보,건조,맑음,단일로 - 횡단보도부근,승용,남,74세,상해없음,승용,남,57세,경상
2016062800100322,2016년 6월 28일 15시,화요일,인천광역시 동구 송림동,경상사고,0,0,1,0,차대사람 - 횡단중,안전운전불이행,건조,맑음,단일로 - 기타,기타불명,기타불명,기타불명,기타불명,보행자,여,35세,경상
2016062800100354,2016년 6월 28일 16시,화요일,인천광역시 남구 주안동,경상사고,0,0,2,0,차대차 - 측면직각충돌,불법유턴,건조,맑음,교차로 - 교차로안,승용,남,23세,상해없음,승용,남,20세,경상
2016062800100355,2016년 6월 28일 16시,화요일,인천광역시 부평구 부평동,부상신고사고,0,0,0,1,차대사람 - 기타,기타,건조,맑음,단일로 - 기타,기타불명,기타불명,기타불명,기타불명,보행자,남,78세,부상신고
2016062800100393,2016년 6월 28일 17시,화요일,인천광역시 부평구 부평동,중상사고,0,1,0,0,차대사람 - 횡단중,안전운전불이행,건조,맑음,교차로 - 교차로안,승용,여,36세,상해없음,보행자,여,48세,중상
2016062800100434,2016년 6월 28일 18시,화요일,인천광역시 서구 가좌동,중상사고,0,1,0,0,차대사람 - 횡단중,안전운전불이행,건조,맑음,단일로 - 기타,승용,남,53세,기타불명,보행자,남,52세,중상
2016062800100435,2016년 6월 28일 18시,화요일,인천광역시 부평구 구산동,중상사고,0,1,4,0,차대차 - 추돌,안전운전불이행,건조,맑음,단일로 - 기타,승용,남,27세,상해없음,승용,남,37세,경상
2016062800100463,2016년 6월 28일 19시,화요일,인천광역시 남동구 구월동,경상사고,0,0,1,0,차대차 - 추돌,안전운전불이행,건조,맑음,단일로 - 기타,승용,남,18세,상해없음,승용,남,41세,경상
2016062800100464,2016년 6월 28일 19시,화요일,인천광역시 서구 경서동,경상사고,0,0,1,0,차대차 - 추돌,신호위반,건조,맑음,단일로 - 횡단보도상,승용,남,66세,상해없음,자전거,남,16세,경상
2016062800100492,2016년 6월 28일 20시,화요일,인천광역시 남구 문학동,경상사고,0,0,2,0,차대차 - 기타,안전운전불이행,건조,맑음,교차로 - 교차로부근,화물,남,55세,상해없음,승용,남,44세,경상
2016062800100493,2016년 6월 28일 20시,화요일,인천광역시 부평구 십정동,경상사고,0,0,1,0,차대사람 - 길가장자리구역통행중,안전운전불이행,건조,맑음,단일로 - 기타,승용,남,62세,상해없음,보행자,남,58세,경상
2016062800100494,2016년 6월 28일 20시,화요일,인천광역시 부평구 부평동,부상신고사고,0,0,0,1,차대차 - 측면충돌,중앙선침범,건조,맑음,교차로 - 교차로부근,기타불명,기타불명,기타불명,기타불명,원동기,남,20세,부상신고
2016062800100495,2016년 6월 28일 20시,화요일,인천광역시 남동구 구월동,중상사고,0,1,0,0,차대사람 - 횡단중,신호위반,건조,맑음,교차로 - 교차로안,화물,남,40세,상해없음,보행자,여,61세,중상
2016062800100530,2016년 6월 28일 21시,화요일,인천광역시 남구 도화동,경상사고,0,0,2,0,차대차 - 정면충돌,중앙선침범,건조,맑음,단일로 - 기타,승용,남,27세,기타불명,승용,남,27세,경상
2016062800100531,2016년 6월 28일 21시,화요일,인천광역시 부평구 산곡동,경상사고,0,0,1,0,차대사람 - 기타,안전운전불이행,건조,맑음,단일로 - 기타,승합,남,45세,상해없음,보행자,여,65세,경상
2016062800100532,2016년 6월 28일 21시,화요일,인천광역시 남동구 논현동,경상사고,0,0,1,0,차대차 - 측면충돌,신호위반,건조,맑음,단일로 - 기타,이륜,남,16세,상해없음,승용,여,42세,경상
2016062800100559,2016년 6월 28일 22시,화요일,인천광역시 서구 가정동,경상사고,0,0,2,0,차대차 - 측면직각충돌,직진우회전진행방해,건조,맑음,교차로 - 교차로부근,승용,남,25세,상해없음,승합,남,49세,상해없음
2016062800100581,2016년 6월 28일 23시,화요일,인천광역시 연수구 옥련동,중상사고,0,1,1,0,차대차 - 추돌,안전거리미확보,건조,맑음,교차로 - 교차로부근,승합,남,58세,상해없음,승용,남,46세,경상
2016062900100013,2016년 6월 29일 00시,수요일,인천광역시 서구 가정동,경상사고,0,0,1,0,차대차 - 정면충돌,안전운전불이행,건조,맑음,교차로 - 교차로부근,승용,남,53세,상해없음,승용,남,63세,상해없음
2016062900100026,2016년 6월 29일 01시,수요일,인천광역시 남동구 만수동,중상사고,0,2,0,0,차대차 - 추돌,차로위반,건조,맑음,교차로 - 교차로부근,승합,남,46세,상해없음,승용,여,27세,중상
2016062900100054,2016년 6월 29일 05시,수요일,인천광역시 남동구 간석동,경상사고,0,0,1,0,차대차 - 기타,안전거리미확보,건조,맑음,단일로 - 기타,승용,남,47세,상해없음,승합,남,54세,기타불명
2016062900100066,2016년 6월 29일 06시,수요일,인천광역시 계양구 선주지동,경상사고,0,0,1,0,차대차 - 추돌,안전운전불이행,건조,맑음,단일로 - 기타,승용,남,58세,상해없음,화물,남,61세,경상
2016062900100098,2016년 6월 29일 07시,수요일,인천광역시 부평구 산곡동,경상사고,0,0,1,0,차대사람 - 길가장자리구역통행중,안전운전불이행,건조,맑음,교차로 - 교차로안,자전거,남,51세,상해없음,보행자,여,44세,경상
2016062900100139,2016년 6월 29일 08시,수요일,인천광역시 서구 마전동,경상사고,0,0,1,0,차대차 - 기타,안전운전불이행,건조,맑음,교차로 - 교차로안,화물,남,61세,상해없음,승용,남,53세,경상
2016062900100140,2016년 6월 29일 08시,수요일,인천광역시 서구 경서동,경상사고,0,0,1,0,차대차 - 기타,안전운전불이행,건조,맑음,교차로 - 교차로부근,승용,남,51세,상해없음,승용,여,32세,경상
2016062900100141,2016년 6월 29일 08시,수요일,인천광역시 서구 석남동,경상사고,0,0,1,0,차대사람 - 길가장자리구역통행중,안전운전불이행,건조,맑음,단일로 - 기타,승용,여,40세,상해없음,보행자,여,17세,경상
2016062900100207,2016년 6월 29일 10시,수요일,인천광역시 남구 주안동,경상사고,0,0,1,0,차대사람 - 기타,안전운전불이행,건조,맑음,단일로 - 기타,승용,남,25세,상해없음,보행자,여,55세,경상
2016062900100208,2016년 6월 29일 10시,수요일,인천광역시 부평구 갈산동,경상사고,0,0,1,0,차대차 - 측면직각충돌,안전운전불이행,건조,맑음,교차로 - 교차로부근,승용,여,27세,상해없음,승용,남,39세,경상
2016062900100264,2016년 6월 29일 12시,수요일,인천광역시 중구 운남동,경상사고,0,0,1,0,차대차 - 측면직각충돌,안전운전불이행,건조,맑음,교차로 - 교차로안,승용,남,72세,상해없음,승합,남,58세,상해없음
2016062900100290,2016년 6월 29일 13시,수요일,인천광역시 남구 숭의동,중상사고,0,1,0,0,차대사람 - 횡단중,보행자보호의무위반,건조,맑음,단일로 - 기타,승용,여,35세,상해없음,보행자,여,28세,중상
2016062900100322,2016년 6월 29일 14시,수요일,인천광역시 남구 주안동,경상사고,0,0,2,0,차대차 - 추돌,안전운전불이행,건조,맑음,단일로 - 기타,원동기,남,17세,상해없음,승용,여,43세,경상
2016062900100323,2016년 6월 29일 14시,수요일,인천광역시 남동구 만수동,경상사고,0,0,4,0,차대차 - 측면직각충돌,안전운전불이행,건조,맑음,단일로 - 기타,승합,남,61세,상해없음,승용,남,32세,경상
2016062900100324,2016년 6월 29일 14시,수요일,인천광역시 서구 경서동,중상사고,0,1,0,0,차량단독 - 기타,안전운전불이행,건조,맑음,단일로 - 기타,승합,남,53세,기타불명,,,,
2016062900100325,2016년 6월 29일 14시,수요일,인천광역시 계양구 계산동,경상사고,0,0,1,0,차대차 - 측면직각충돌,신호위반,건조,맑음,교차로 - 교차로안,화물,남,44세,상해없음,자전거,남,57세,경상
2016062900100359,2016년 6월 29일 15시,수요일,인천광역시 서구 왕길동,중상사고,0,1,0,0,차대차 - 측면충돌,신호위반,건조,맑음,단일로 - 터널,승용,남,74세,상해없음,승용,남,30세,중상
2016062900100360,2016년 6월 29일 15시,수요일,인천광역시 계양구 작전동,부상신고사고,0,0,0,1,차대차 - 측면충돌,안전운전불이행,건조,맑음,교차로 - 교차로부근,화물,남,55세,상해없음,자전거,여,19세,부상신고
2016062900100393,2016년 6월 29일 16시,수요일,인천광역시 연수구 청학동,경상사고,0,0,1,0,차대차 - 정면충돌,안전운전불이행,건조,맑음,단일로 - 기타,승용,여,48세,상해없음,승용,남,33세,경상
2016062900100431,2016년 6월 29일 17시,수요일,인천광역시 계양구 서운동,경상사고,0,0,1,0,차대사람 - 보도통행중,기타,건조,맑음,단일로 - 기타,화물,남,51세,상해없음,보행자,여,50세,경상
2016062900100478,2016년 6월 29일 18시,수요일,인천광역시 중구 신흥동3가,경상사고,0,0,2,0,차대차 - 측면충돌,안전운전불이행,건조,맑음,교차로 - 교차로부근,승용,여,69세,경상,화물,남,52세,상해없음
2016062900100537,2016년 6월 29일 20시,수요일,인천광역시 남구 관교동,중상사고,0,1,0,0,차대사람 - 횡단중,신호위반,건조,맑음,기타 - 기타,승용,여,47세,상해없음,보행자,여,45세,중상