사고번호,사고일시,요일,시군구,사고내용,사망자수,중상자수,경상자수,부상신고자수,사고유형,법규위반,노면상태,기상상태,도로형태,가해운전자 차종,가해운전자 성별,가해운전자 연령,가해운전자 상해정도,피해운전자 차종,피해운전자 성별,피해운전자 연령,피해운전자 상해정도
2016062900100538,2016년 6월 29일 20시,수요일,인천광역시 연수구 연수동,부상신고사고,0,0,0,1,차대사람 - 길가장자리구역통행중,안전운전불이행,건조,맑음,단일로 - 기타,화물,남,57세,기타불명,보행자,여,15세,부상신고
2016062900100614,2016년 6월 29일 23시,수요일,인천광역시 중구 운남동,중상사고,0,2,0,0,차대차 - 기타,신호위반,건조,기타,교차로 - 교차로안,승용,남,38세,상해없음,승용,여,60세,중상
2016063000100012,2016년 6월 30일 00시,목요일,인천광역시 부평구 십정동,중상사고,0,1,0,0,차대사람 - 횡단중,보행자보호의무위반,건조,맑음,단일로 - 횡단보도상,승용,남,50세,상해없음,보행자,남,31세,중상
2016063000100013,2016년 6월 30일 00시,목요일,인천광역시 부평구 부개동,중상사고,0,1,0,0,차대차 - 측면직각충돌,안전운전불이행,건조,맑음,교차로 - 교차로안,승용,남,60세,상해없음,자전거,남,28세,중상
2016063000100052,2016년 6월 30일 05시,목요일,인천광역시 계양구 효성동,경상사고,0,0,1,0,차대차 - 추돌,안전운전불이행,건조,맑음,단일로 - 기타,승용,남,46세,상해없음,승합,남,43세,경상
2016063000100122,2016년 6월 30일 08시,목요일,인천광역시 서구 연희동,경상사고,0,0,2,0,차대차 - 기타,안전운전불이행,건조,맑음,단일로 - 기타,화물,남,65세,상해없음,승용,남,39세,경상
2016063000100123,2016년 6월 30일 08시,목요일,인천광역시 연수구 송도동,중상사고,0,1,1,0,차대사람 - 횡단중,보행자보호의무위반,건조,맑음,교차로 - 교차로안,승용,여,27세,상해없음,보행자,남,44세,중상
2016063000100148,2016년 6월 30일 09시,목요일,인천광역시 서구 경서동,중상사고,0,1,0,0,차대차 - 기타,안전운전불이행,건조,맑음,교차로 - 교차로안,화물,남,65세,상해없음,건설기계,남,43세,중상
2016063000100149,2016년 6월 30일 09시,목요일,인천광역시 부평구 일신동,경상사고,0,0,1,0,차대차 - 추돌,안전운전불이행,건조,맑음,단일로 - 기타,승용,남,51세,상해없음,승용,여,44세,경상
2016063000100228,2016년 6월 30일 12시,목요일,인천광역시 동구 송현동,중상사고,0,1,0,0,차대사람 - 횡단중,보행자보호의무위반,건조,맑음,교차로 - 교차로부근,승용,남,49세,상해없음,보행자,여,59세,중상
2016063000100229,2016년 6월 30일 12시,목요일,인천광역시 남구 주안동,중상사고,0,1,1,0,차대차 - 측면직각충돌,안전운전불이행,건조,맑음,교차로 - 교차로안,승용,여,22세,경상,화물,남,64세,중상
2016063000100230,2016년 6월 30일 12시,목요일,인천광역시 부평구 십정동,경상사고,0,0,1,0,차대사람 - 길가장자리구역통행중,안전운전불이행,건조,맑음,단일로 - 기타,화물,남,44세,상해없음,보행자,여,60세,경상
2016063000100231,2016년 6월 30일 12시,목요일,인천광역시 남동구 구월동,경상사고,0,0,2,0,차대사람 - 기타,안전운전불이행,건조,맑음,단일로 - 기타,원동기,남,48세,경상,보행자,여,74세,경상
2016063000100281,2016년 6월 30일 14시,목요일,인천광역시 서구 가좌동,경상사고,0,0,1,0,차대사람 - 보도통행중,안전운전불이행,건조,맑음,단일로 - 횡단보도부근,승용,남,63세,상해없음,보행자,여,19세,경상
2016063000100316,2016년 6월 30일 15시,목요일,인천광역시 동구 화평동,경상사고,0,0,1,0,차대차 - 추돌,안전운전불이행,건조,맑음,교차로 - 교차로부근,승용,남,54세,상해없음,승합,여,36세,경상
2016063000100317,2016년 6월 30일 15시,목요일,인천광역시 남구 주안동,경상사고,0,0,1,0,차대차 - 기타,안전운전불이행,건조,맑음,단일로 - 기타,승용,남,28세,상해없음,승용,남,43세,경상
2016063000100347,2016년 6월 30일 16시,목요일,인천광역시 남구 도화동,경상사고,0,0,1,0,차대차 - 기타,안전운전불이행,건조,맑음,단일로 - 기타,이륜,여,39세,경상,승합,남,53세,상해없음
2016063000100383,2016년 6월 30일 17시,목요일,인천광역시 남동구 간석동,부상신고사고,0,0,0,2,차대차 - 측면직각충돌,안전운전불이행,건조,맑음,교차로 - 교차로안,승용,남,31세,상해없음,승합,남,37세,상해없음
2016063000100384,2016년 6월 30일 17시,목요일,인천광역시 연수구 연수동,경상사고,0,0,1,0,차대사람 - 횡단중,안전운전불이행,건조,맑음,교차로 - 교차로부근,승용,남,46세,상해없음,보행자,여,74세,경상
2016063000100432,2016년 6월 30일 18시,목요일,인천광역시 중구 항동7가,경상사고,0,0,2,0,차대차 - 측면직각충돌,신호위반,건조,맑음,교차로 - 교차로안,승용,남,49세,경상,승용,남,56세,경상
2016063000100455,2016년 6월 30일 19시,목요일,인천광역시 남구 주안동,경상사고,0,0,5,0,차대차 - 측면직각충돌,안전운전불이행,건조,맑음,단일로 - 기타,승용,여,63세,상해없음,승용,남,24세,경상
2016063000100456,2016년 6월 30일 19시,목요일,인천광역시 남동구 구월동,경상사고,0,0,1,0,차대차 - 측면직각충돌,안전운전불이행,건조,맑음,교차로 - 교차로안,승용,남,26세,상해없음,이륜,남,24세,경상
2016063000100497,2016년 6월 30일 20시,목요일,인천광역시 남구 주안동,경상사고,0,0,1,0,차대사람 - 길가장자리구역통행중,안전운전불이행,건조,맑음,교차로 - 교차로안,승용,남,32세,상해없음,보행자,남,10세,경상
2016063000100498,2016년 6월 30일 20시,목요일,인천광역시 계양구 작전동,중상사고,0,1,0,0,차대차 - 측면충돌,안전거리미확보,건조,흐림,단일로 - 기타,승용,남,25세,상해없음,이륜,남,54세,중상
2016063000100579,2016년 6월 30일 23시,목요일,인천광역시 연수구 동춘동,경상사고,0,0,1,0,차대차 - 기타,기타,건조,맑음,교차로 - 교차로안,승용,여,52세,상해없음,이륜,남,24세,경상
2016070100100035,2016년 7월 1일 01시,금요일,인천광역시 남동구 구월동,중상사고,0,2,0,0,차대차 - 측면충돌,신호위반,건조,맑음,교차로 - 교차로안,승용,남,57세,상해없음,승용,남,57세,중상
2016070100100036,2016년 7월 1일 01시,금요일,인천광역시 남동구 구월동,경상사고,0,0,1,0,차대차 - 추돌,안전운전불이행,건조,맑음,교차로 - 교차로부근,승용,남,36세,상해없음,승용,남,28세,경상
2016070100100047,2016년 7월 1일 02시,금요일,인천광역시 남구 도화동,경상사고,0,0,1,0,차대사람 - 횡단중,신호위반,건조,맑음,단일로 - 기타,승용,남,27세,상해없음,보행자,남,35세,경상
2016070100100110,2016년 7월 1일 08시,금요일,인천광역시 중구 운서동,경상사고,0,0,7,0,차대차 - 측면충돌,신호위반,건조,맑음,교차로 - 교차로안,승용,남,59세,상해없음,승용,남,63세,경상
2016070100100111,2016년 7월 1일 08시,금요일,인천광역시 부평구 십정동,중상사고,0,1,0,0,차대차 - 측면충돌,안전운전불이행,건조,맑음,단일로 - 기타,자전거,남,21세,중상,화물,남,26세,상해없음
2016070100100112,2016년 7월 1일 08시,금요일,인천광역시 서구 석남동,경상사고,0,0,1,0,차대차 - 추돌,안전운전불이행,건조,맑음,단일로 - 기타,화물,남,35세,상해없음,자전거,남,27세,경상
2016070100100157,2016년 7월 1일 10시,금요일,인천광역시 강화군 강화읍,중상사고,0,1,0,0,차대차 - 추돌,안전운전불이행,건조,맑음,단일로 - 기타,화물,남,56세,상해없음,승용,여,56세,중상
2016070100100158,2016년 7월 1일 10시,금요일,인천광역시 연수구 청학동,경상사고,0,0,2,0,차대차 - 기타,신호위반,건조,맑음,교차로 - 교차로안,이륜,남,37세,상해없음,승용,남,56세,경상
2016070100100194,2016년 7월 1일 11시,금요일,인천광역시 부평구 부평동,부상신고사고,0,0,0,1,차대사람 - 길가장자리구역통행중,안전운전불이행,습기,흐림,단일로 - 기타,승용,여,55세,상해없음,보행자,남,1세,부상신고
2016070100100195,2016년 7월 1일 11시,금요일,인천광역시 서구 가좌동,경상사고,0,0,1,1,차대차 - 기타,안전운전불이행,건조,맑음,단일로 - 기타,승용,남,29세,상해없음,승용,여,45세,경상
2016070100100283,2016년 7월 1일 13시,금요일,인천광역시 남구 숭의동,경상사고,0,0,2,0,차대차 - 측면직각충돌,안전운전불이행,습기,비,단일로 - 기타,승용,남,34세,상해없음,승합,여,42세,경상
2016070100100330,2016년 7월 1일 14시,금요일,인천광역시 부평구 청천동,중상사고,0,1,1,0,차대차 - 측면충돌,안전운전불이행,습기,비,단일로 - 기타,승용,여,48세,상해없음,승용,남,24세,중상
2016070100100331,2016년 7월 1일 14시,금요일,인천광역시 서구 석남동,경상사고,0,0,1,0,차대차 - 측면충돌,안전운전불이행,습기,비,단일로 - 기타,승용,남,38세,상해없음,승용,여,50세,경상
2016070100100434,2016년 7월 1일 16시,금요일,인천광역시 연수구 옥련동,중상사고,0,1,1,0,차대차 - 추돌,안전운전불이행,습기,비,교차로 - 교차로부근,승용,남,31세,상해없음,승용,남,66세,경상
2016070100100532,2016년 7월 1일 18시,금요일,인천광역시 남동구 구월동,부상신고사고,0,0,0,1,차대차 - 측면직각충돌,안전운전불이행,습기,비,단일로 - 기타,화물,남,57세,상해없음,승용,여,36세,부상신고
2016070100100585,2016년 7월 1일 19시,금요일,인천광역시 남구 주안동,경상사고,0,0,3,0,차대차 - 측면직각충돌,교차로운행방법위반,건조,맑음,교차로 - 교차로안,화물,남,41세,기타불명,승용,남,33세,경상
2016070100100586,2016년 7월 1일 19시,금요일,인천광역시 서구 경서동,중상사고,0,1,0,0,차대차 - 정면충돌,안전운전불이행,습기,비,교차로 - 교차로안,승용,남,37세,상해없음,승용,여,39세,중상
2016070100100587,2016년 7월 1일 19시,금요일,인천광역시 서구 공촌동,경상사고,0,0,2,0,차대차 - 기타,안전운전불이행,습기,비,단일로 - 기타,승용,여,35세,경상,화물,남,43세,경상
2016070100100588,2016년 7월 1일 19시,금요일,인천광역시 계양구 계산동,경상사고,0,0,1,0,차대사람 - 기타,안전운전불이행,습기,비,단일로 - 기타,승용,남,58세,상해없음,보행자,남,44세,경상
2016070100100589,2016년 7월 1일 19시,금요일,인천광역시 부평구 부개동,경상사고,0,0,1,0,차대차 - 기타,안전거리미확보,습기,비,단일로 - 기타,이륜,남,55세,경상,승용,남,57세,상해없음
2016070100100590,2016년 7월 1일 19시,금요일,인천광역시 부평구 청천동,경상사고,0,0,1,0,차대차 - 추돌,안전거리미확보,습기,비,단일로 - 교량,승용,남,50세,상해없음,승용,남,26세,경상
2016070100100650,2016년 7월 1일 20시,금요일,인천광역시 남구 주안동,경상사고,0,0,1,0,차대사람 - 기타,안전운전불이행,건조,맑음,단일로 - 기타,승용,남,38세,상해없음,보행자,여,49세,경상
2016070100100695,2016년 7월 1일 21시,금요일,인천광역시 부평구 부평동,경상사고,0,0,1,0,차대차 - 측면직각충돌,안전운전불이행,습기,비,단일로 - 기타,이륜,남,19세,상해없음,자전거,여,58세,경상
2016070100100696,2016년 7월 1일 21시,금요일,인천광역시 남동구 구월동,경상사고,0,0,1,0,차대차 - 측면직각충돌,안전운전불이행,건조,맑음,단일로 - 기타,승용,남,72세,기타불명,승용,남,26세,경상
2016070100100697,2016년 7월 1일 21시,금요일,인천광역시 남동구 구월동,경상사고,0,0,1,0,차대차 - 추돌,안전운전불이행,습기,비,단일로 - 기타,승용,남,33세,상해없음,특수,남,21세,상해없음
2016070100100698,2016년 7월 1일 21시,금요일,인천광역시 서구 석남동,경상사고,0,0,1,0,차대차 - 측면직각충돌,신호위반,습기,비,교차로 - 교차로안,승용,남,40세,상해없음,원동기,남,17세,경상
2016070100100699,2016년 7월 1일 21시,금요일,인천광역시 계양구 효성동,중상사고,0,1,0,0,차대사람 - 횡단중,보행자보호의무위반,습기,비,교차로 - 교차로안,승용,남,40세,상해없음,보행자,여,16세,중상
2016070100100738,2016년 7월 1일 22시,금요일,인천광역시 부평구 십정동,경상사고,0,0,1,0,차대차 - 측면직각충돌,기타,습기,비,단일로 - 기타,승용,남,64세,상해없음,원동기,남,19세,경상
2016070100100739,2016년 7월 1일 22시,금요일,인천광역시 남동구 논현동,경상사고,0,0,1,0,차대사람 - 횡단중,보행자보호의무위반,습기,비,교차로 - 교차로안,승용,남,33세,상해없음,보행자,남,34세,경상
2016070100100740,2016년 7월 1일 22시,금요일,인천광역시 계양구 박촌동,부상신고사고,0,0,0,1,차대차 - 추돌,신호위반,습기,비,교차로 - 교차로안,원동기,남,19세,부상신고,승용,남,68세,상해없음
2016070200100033,2016년 7월 2일 00시,토요일,인천광역시 남동구 논현동,중상사고,0,1,1,0,차대차 - 측면직각충돌,신호위반,습기,비,교차로 - 교차로안,승용,남,25세,상해없음,승용,남,63세,경상
2016070200100077,2016년 7월 2일 02시,토요일,인천광역시 남동구 장수동,경상사고,0,0,1,0,차대사람 - 기타,안전운전불이행,건조,맑음,단일로 - 기타,승용,남,51세,상해없음,보행자,남,36세,경상
2016070200100078,2016년 7월 2일 02시,토요일,인천광역시 서구 연희동,경상사고,0,0,2,0,차대차 - 측면충돌,신호위반,건조,맑음,교차로 - 교차로안,승용,남,44세,상해없음,승용,남,44세,경상
2016070200100124,2016년 7월 2일 04시,토요일,인천광역시 부평구 삼산동,경상사고,0,0,1,0,차대차 - 추돌,안전운전불이행,습기,비,교차로 - 교차로부근,승용,남,36세,상해없음,승용,남,37세,경상
2016070200100146,2016년 7월 2일 06시,토요일,인천광역시 남동구 구월동,중상사고,0,1,0,0,차대차 - 기타,과속,습기,흐림,단일로 - 기타,화물,남,19세,상해없음,승합,남,42세,상해없음
2016070200100147,2016년 7월 2일 06시,토요일,인천광역시 남동구 간석동,경상사고,0,0,1,0,차대차 - 추돌,안전운전불이행,건조,맑음,단일로 - 기타,승용,남,27세,상해없음,승용,남,31세,경상
2016070200100181,2016년 7월 2일 08시,토요일,인천광역시 서구 가좌동,중상사고,0,1,1,0,차대차 - 측면충돌,안전거리미확보,건조,맑음,단일로 - 기타,특수,남,63세,상해없음,승용,여,42세,중상
2016070200100198,2016년 7월 2일 09시,토요일,인천광역시 남구 숭의동,경상사고,0,0,1,0,차대사람 - 기타,안전운전불이행,건조,기타,기타 - 기타,승용,여,42세,상해없음,보행자,남,25세,경상
2016070200100288,2016년 7월 2일 12시,토요일,인천광역시 서구 경서동,중상사고,0,1,4,0,차대차 - 정면충돌,안전운전불이행,건조,맑음,교차로 - 교차로안,승용,남,41세,경상,승용,남,51세,경상
2016070200100289,2016년 7월 2일 12시,토요일,인천광역시 계양구 서운동,중상사고,0,1,0,0,차대차 - 기타,신호위반,건조,맑음,단일로 - 기타,승용,남,48세,상해없음,자전거,남,12세,중상
2016070200100323,2016년 7월 2일 13시,토요일,인천광역시 서구 가좌동,경상사고,0,0,1,0,차대차 - 기타,안전운전불이행,건조,맑음,교차로 - 교차로안,승용,남,51세,기타불명,승용,남,55세,경상
2016070200100324,2016년 7월 2일 13시,토요일,인천광역시 계양구 동양동,중상사고,0,3,0,0,차대차 - 추돌,안전운전불이행,건조,맑음,단일로 - 기타,승용,남,37세,상해없음,승용,여,32세,중상
2016070200100356,2016년 7월 2일 14시,토요일,인천광역시 서구 당하동,경상사고,0,0,1,0,차대차 - 측면충돌,안전운전불이행,건조,맑음,단일로 - 기타,건설기계,남,41세,기타불명,승용,남,46세,경상
2016070200100515,2016년 7월 2일 19시,토요일,인천광역시 계양구 계산동,중상사고,0,1,0,0,차대차 - 기타,안전운전불이행,건조,맑음,단일로 - 기타,화물,남,54세,상해없음,이륜,남,46세,중상
2016070200100536,2016년 7월 2일 20시,토요일,인천광역시 서구 오류동,경상사고,0,0,2,0,차대차 - 정면충돌,안전운전불이행,건조,맑음,단일로 - 기타,화물,남,42세,상해없음,승용,여,49세,경상
2016070200100595,2016년 7월 2일 22시,토요일,인천광역시 중구 북성동1가,중상사고,0,1,0,0,차대사람 - 횡단중,안전운전불이행,건조,맑음,단일로 - 기타,이륜,남,34세,상해없음,보행자,여,76세,중상
2016070200100620,2016년 7월 2일 23시,토요일,인천광역시 서구 오류동,경상사고,0,0,1,0,차대사람 - 횡단중,안전운전불이행,건조,맑음,교차로 - 교차로부근,승용,남,58세,상해없음,보행자,남,52세,경상
2016070300100011,2016년 7월 3일 00시,일요일,인천광역시 서구 가좌동,경상사고,0,0,2,0,차대차 - 측면충돌,안전운전불이행,건조,맑음,교차로 - 교차로안,승용,남,41세,경상,승용,남,43세,상해없음
2016070300100064,2016년 7월 3일 05시,일요일,인천광역시 중구 북성동1가,경상사고,0,0,1,0,차대차 - 측면직각충돌,안전운전불이행,건조,맑음,교차로 - 교차로안,승용,남,24세,상해없음,승용,남,67세,경상
2016070300100094,2016년 7월 3일 08시,일요일,인천광역시 계양구 효성동,중상사고,0,1,0,0,차대차 - 측면직각충돌,신호위반,건조,맑음,교차로 - 교차로안,승용,여,28세,상해없음,승용,남,25세,중상
2016070300100102,2016년 7월 3일 09시,일요일,인천광역시 남동구 간석동,경상사고,0,0,1,0,차대차 - 측면충돌,안전거리미확보,건조,맑음,단일로 - 기타,승용,남,58세,상해없음,승용,남,51세,경상
2016070300100147,2016년 7월 3일 11시,일요일,인천광역시 부평구 갈산동,경상사고,0,0,1,0,차대차 - 추돌,안전운전불이행,건조,맑음,교차로 - 교차로부근,승용,여,55세,상해없음,승용,남,28세,경상
2016070300100229,2016년 7월 3일 14시,일요일,인천광역시 서구 경서동,경상사고,0,0,2,0,차대차 - 측면직각충돌,신호위반,건조,맑음,교차로 - 교차로안,승용,여,51세,상해없음,승용,남,30세,경상
2016070300100230,2016년 7월 3일 14시,일요일,인천광역시 서구 석남동,경상사고,0,0,1,0,차대차 - 기타,중앙선침범,건조,맑음,단일로 - 기타,승용,남,48세,상해없음,승용,남,50세,경상
2016070300100261,2016년 7월 3일 15시,일요일,인천광역시 계양구 귤현동,중상사고,0,1,0,0,차대차 - 정면충돌,안전운전불이행,건조,맑음,단일로 - 기타,자전거,남,33세,상해없음,자전거,남,57세,중상
2016070300100336,2016년 7월 3일 18시,일요일,인천광역시 중구 운서동,중상사고,0,1,0,0,차대차 - 정면충돌,안전운전불이행,건조,맑음,단일로 - 기타,이륜,남,32세,중상,승용,남,53세,상해없음
2016070300100337,2016년 7월 3일 18시,일요일,인천광역시 부평구 부평동,부상신고사고,0,0,0,1,차대차 - 측면충돌,안전운전불이행,건조,맑음,단일로 - 기타,이륜,남,34세,부상신고,승용,남,29세,상해없음
2016070300100338,2016년 7월 3일 18시,일요일,인천광역시 남동구 구월동,경상사고,0,0,1,0,차대사람 - 길가장자리구역통행중,안전운전불이행,건조,맑음,단일로 - 기타,승용,여,42세,상해없음,보행자,여,55세,경상
2016070300100420,2016년 7월 3일 22시,일요일,인천광역시 연수구 연수동,중상사고,0,2,0,0,차대차 - 기타,안전운전불이행,건조,맑음,교차로 - 교차로부근,승용,남,34세,상해없음,원동기,여,31세,중상
2016070400100031,2016년 7월 4일 04시,월요일,인천광역시 서구 가좌동,중상사고,0,1,0,0,차량단독 - 전도전복,안전운전불이행,건조,맑음,단일로 - 교량,이륜,남,33세,중상,,,,
2016070400100051,2016년 7월 4일 06시,월요일,인천광역시 서구 왕길동,중상사고,0,1,0,0,차대차 - 추돌,기타,습기,맑음,교차로 - 교차로부근,화물,남,20세,상해없음,승용,남,51세,중상
2016070400100223,2016년 7월 4일 12시,월요일,인천광역시 부평구 부평동,경상사고,0,0,1,0,차대사람 - 횡단중,보행자보호의무위반,건조,흐림,교차로 - 교차로안,승용,여,37세,상해없음,보행자,여,69세,경상
2016070400100254,2016년 7월 4일 13시,월요일,인천광역시 부평구 일신동,경상사고,0,0,3,0,차대차 - 추돌,안전운전불이행,습기,비,단일로 - 기타,화물,남,49세,상해없음,화물,남,55세,경상
2016070400100320,2016년 7월 4일 15시,월요일,인천광역시 남동구 간석동,경상사고,0,0,2,0,차대차 - 측면직각충돌,차로위반,건조,맑음,단일로 - 기타,승용,남,54세,상해없음,승용,남,46세,경상
2016070400100321,2016년 7월 4일 15시,월요일,인천광역시 계양구 계산동,중상사고,0,1,0,0,차대사람 - 횡단중,안전운전불이행,건조,맑음,교차로 - 교차로부근,승용,남,61세,기타불명,보행자,여,60세,중상
2016070400100346,2016년 7월 4일 16시,월요일,인천광역시 남동구 만수동,중상사고,0,2,5,0,차대차 - 기타,안전운전불이행,건조,맑음,단일로 - 기타,승용,여,47세,상해없음,승용,여,32세,중상
2016070400100372,2016년 7월 4일 17시,월요일,인천광역시 계양구 작전동,부상신고사고,0,0,0,1,차대차 - 측면직각충돌,안전운전불이행,습기,비,교차로 - 교차로안,승용,남,59세,상해없음,이륜,여,24세,부상신고
2016070400100411,2016년 7월 4일 18시,월요일,인천광역시 부평구 청천동,경상사고,0,0,1,0,차대차 - 정면충돌,안전운전불이행,건조,맑음,단일로 - 기타,승용,남,54세,상해없음,승용,여,60세,경상
2016070400100412,2016년 7월 4일 18시,월요일,인천광역시 남동구 간석동,경상사고,0,0,1,0,차대차 - 추돌,안전운전불이행,습기,비,교차로 - 교차로부근,승용,남,31세,상해없음,승용,여,43세,경상
2016070400100486,2016년 7월 4일 20시,월요일,인천광역시 남구 주안동,경상사고,0,0,1,0,차대차 - 측면직각충돌,신호위반,습기,비,교차로 - 교차로안,승용,남,58세,상해없음,이륜,남,21세,경상
2016070400100487,2016년 7월 4일 20시,월요일,인천광역시 연수구 선학동,경상사고,0,0,1,0,차대사람 - 기타,안전운전불이행,습기,비,단일로 - 기타,승용,남,55세,상해없음,보행자,남,35세,경상
2016070400100526,2016년 7월 4일 21시,월요일,인천광역시 남구 주안동,경상사고,0,0,1,0,차대사람 - 횡단중,보행자보호의무위반,습기,비,교차로 - 교차로안,승용,남,58세,상해없음,보행자,여,45세,경상
2016070400100527,2016년 7월 4일 21시,월요일,인천광역시 서구 경서동,경상사고,0,0,1,0,차대차 - 기타,안전운전불이행,습기,비,교차로 - 교차로부근,승용,남,55세,상해없음,승용,남,60세,경상
2016070400100564,2016년 7월 4일 22시,월요일,인천광역시 계양구 작전동,경상사고,0,0,2,0,차대차 - 측면충돌,안전운전불이행,습기,비,교차로 - 교차로안,승용,남,48세,기타불명,승용,남,45세,경상
2016070400100565,2016년 7월 4일 22시,월요일,인천광역시 중구 운서동,부상신고사고,0,0,0,2,차량단독 - 전도전복,안전운전불이행,습기,비,단일로 - 기타,승용,남,51세,상해없음,,,,
2016070400100611,2016년 7월 4일 23시,월요일,인천광역시 중구 운서동,중상사고,0,1,0,0,차대차 - 측면충돌,안전운전불이행,습기,비,단일로 - 기타,기타불명,기타불명,기타불명,기타불명,이륜,남,28세,중상
2016070400100612,2016년 7월 4일 23시,월요일,인천광역시 계양구 작전동,부상신고사고,0,0,0,1,차대차 - 측면직각충돌,신호위반,습기,비,단일로 - 기타,승용,남,33세,상해없음,이륜,남,18세,부상신고
2016070500100019,2016년 7월 5일 00시,화요일,인천광역시 서구 가좌동,경상사고,0,0,1,0,차대차 - 정면충돌,안전운전불이행,습기,비,단일로 - 기타,승용,남,40세,상해없음,승합,남,40세,경상
2016070500100047,2016년 7월 5일 03시,화요일,인천광역시 남구 용현동,경상사고,0,0,1,0,차대차 - 기타,안전운전불이행,습기,비,단일로 - 기타,승용,여,29세,상해없음,승용,남,62세,기타불명
2016070500100054,2016년 7월 5일 04시,화요일,인천광역시 계양구 작전동,경상사고,0,0,2,1,차대차 - 측면직각충돌,신호위반,습기,비,교차로 - 교차로안,승용,남,62세,상해없음,승용,남,54세,경상
2016070500100066,2016년 7월 5일 05시,화요일,인천광역시 계양구 계산동,경상사고,0,0,1,0,차대차 - 기타,안전운전불이행,습기,비,교차로 - 교차로부근,승합,남,51세,상해없음,승용,남,64세,경상
2016070500100120,2016년 7월 5일 08시,화요일,인천광역시 서구 연희동,경상사고,0,0,1,0,차대차 - 추돌,안전운전불이행,건조,맑음,교차로 - 교차로부근,화물,남,52세,상해없음,승용,여,39세,경상
2016070500100157,2016년 7월 5일 09시,화요일,인천광역시 서구 연희동,경상사고,0,0,1,0,차대사람 - 기타,안전운전불이행,습기,비,단일로 - 기타,승용,남,51세,상해없음,보행자,남,34세,경상
2016070500100158,2016년 7월 5일 09시,화요일,인천광역시 연수구 연수동,경상사고,0,0,1,0,차대차 - 추돌,안전운전불이행,습기,비,단일로 - 기타,승용,남,46세,상해없음,승용,남,40세,경상
2016070500100177,2016년 7월 5일 10시,화요일,인천광역시 남구 도화동,중상사고,0,1,0,0,차대차 - 측면직각충돌,불법유턴,습기,비,교차로 - 교차로부근,승용,남,25세,상해없음,승용,남,45세,중상
2016070500100178,2016년 7월 5일 10시,화요일,인천광역시 남동구 구월동,경상사고,0,0,1,0,차대차 - 측면직각충돌,안전운전불이행,습기,비,교차로 - 교차로안,승용,여,50세,상해없음,승용,여,28세,경상
2016070500100265,2016년 7월 5일 13시,화요일,인천광역시 서구 오류동,중상사고,0,1,0,0,차대차 - 측면충돌,안전운전불이행,건조,맑음,단일로 - 기타,승용,남,37세,상해없음,승용,남,45세,중상
2016070500100330,2016년 7월 5일 15시,화요일,인천광역시 남구 용현동,부상신고사고,0,0,0,4,차대차 - 추돌,안전운전불이행,습기,기타,기타 - 기타,승용,남,17세,상해없음,승용,남,56세,부상신고
2016070500100331,2016년 7월 5일 15시,화요일,인천광역시 남동구 구월동,경상사고,0,0,1,0,차대사람 - 길가장자리구역통행중,안전운전불이행,건조,맑음,교차로 - 교차로안,승용,남,31세,상해없음,보행자,남,55세,경상
2016070500100397,2016년 7월 5일 17시,화요일,인천광역시 남구 관교동,경상사고,0,0,1,0,차대차 - 추돌,안전거리미확보,습기,비,교차로 - 교차로부근,화물,남,28세,상해없음,승용,남,27세,경상
2016070500100398,2016년 7월 5일 17시,화요일,인천광역시 부평구 산곡동,경상사고,0,0,1,0,차대사람 - 기타,안전운전불이행,건조,맑음,단일로 - 기타,승합,남,49세,상해없음,보행자,여,50세,경상
2016070500100452,2016년 7월 5일 18시,화요일,인천광역시 남동구 간석동,경상사고,0,0,3,0,차대차 - 추돌,안전운전불이행,건조,맑음,교차로 - 교차로부근,승용,남,62세,상해없음,승용,남,49세,경상
2016070500100453,2016년 7월 5일 18시,화요일,인천광역시 서구 연희동,경상사고,0,0,1,0,차대사람 - 횡단중,신호위반,습기,흐림,단일로 - 횡단보도상,승용,남,28세,기타불명,보행자,남,8세,경상
2016070500100519,2016년 7월 5일 20시,화요일,인천광역시 남동구 구월동,경상사고,0,0,1,0,차대차 - 측면충돌,안전운전불이행,건조,맑음,단일로 - 기타,승용,여,43세,상해없음,승용,남,42세,경상
2016070500100590,2016년 7월 5일 22시,화요일,인천광역시 중구 중앙동4가,경상사고,0,0,3,0,차대차 - 추돌,안전운전불이행,건조,맑음,교차로 - 교차로부근,승용,남,44세,상해없음,승용,남,31세,경상
2016070500100620,2016년 7월 5일 23시,화요일,인천광역시 남구 도화동,경상사고,0,0,1,0,차대차 - 추돌,안전운전불이행,건조,맑음,교차로 - 교차로안,승용,남,27세,상해없음,승용,남,27세,경상
2016070500100621,2016년 7월 5일 23시,화요일,인천광역시 남동구 논현동,경상사고,0,0,1,0,차대차 - 추돌,안전운전불이행,건조,맑음,단일로 - 기타,승용,남,35세,상해없음,승용,남,24세,경상
2016070600100018,2016년 7월 6일 00시,수요일,인천광역시 서구 가좌동,중상사고,0,1,0,0,차대차 - 측면충돌,안전운전불이행,건조,맑음,단일로 - 기타,승용,남,69세,상해없음,승용,여,38세,중상
2016070600100037,2016년 7월 6일 01시,수요일,인천광역시 중구 남북동,부상신고사고,0,0,0,2,차량단독 - 공작물충돌,안전운전불이행,건조,맑음,기타 - 기타,승용,남,16세,상해없음,,,,
2016070600100038,2016년 7월 6일 01시,수요일,인천광역시 남동구 만수동,경상사고,0,0,2,0,차대차 - 측면직각충돌,신호위반,건조,맑음,교차로 - 교차로안,승용,남,24세,상해없음,승용,남,62세,경상