사고번호,사고일시,요일,시군구,사고내용,사망자수,중상자수,경상자수,부상신고자수,사고유형,법규위반,노면상태,기상상태,도로형태,가해운전자 차종,가해운전자 성별,가해운전자 연령,가해운전자 상해정도,피해운전자 차종,피해운전자 성별,피해운전자 연령,피해운전자 상해정도
2016070600100039,2016년 7월 6일 01시,수요일,인천광역시 부평구 갈산동,경상사고,0,0,1,0,차대차 - 기타,안전운전불이행,습기,흐림,교차로 - 교차로안,승용,남,51세,상해없음,승용,남,63세,경상
2016070600100055,2016년 7월 6일 03시,수요일,인천광역시 부평구 부평동,경상사고,0,0,1,0,차대차 - 추돌,안전운전불이행,건조,흐림,단일로 - 기타,승용,여,19세,상해없음,승합,남,33세,기타불명
2016070600100070,2016년 7월 6일 05시,수요일,인천광역시 동구 송림동,경상사고,0,0,1,0,차대차 - 측면직각충돌,안전운전불이행,건조,맑음,기타 - 기타,승용,여,62세,상해없음,승합,남,51세,경상
2016070600100091,2016년 7월 6일 06시,수요일,인천광역시 계양구 작전동,경상사고,0,0,1,0,차대차 - 추돌,안전운전불이행,건조,맑음,교차로 - 교차로안,승용,남,56세,상해없음,승용,남,64세,경상
2016070600100113,2016년 7월 6일 07시,수요일,인천광역시 남동구 고잔동,경상사고,0,0,1,0,차대차 - 측면직각충돌,신호위반,건조,맑음,단일로 - 기타,승용,남,52세,상해없음,승용,남,29세,경상
2016070600100114,2016년 7월 6일 07시,수요일,인천광역시 서구 시천동,중상사고,0,1,2,0,차대차 - 추돌,안전운전불이행,건조,맑음,단일로 - 교량,화물,남,45세,상해없음,승용,남,35세,경상
2016070600100148,2016년 7월 6일 08시,수요일,인천광역시 부평구 청천동,경상사고,0,0,1,0,차대차 - 측면충돌,신호위반,건조,맑음,교차로 - 교차로안,승합,남,44세,상해없음,승용,남,69세,경상
2016070600100174,2016년 7월 6일 09시,수요일,인천광역시 동구 송림동,부상신고사고,0,0,0,1,차대차 - 기타,중앙선침범,건조,맑음,단일로 - 기타,자전거,남,57세,부상신고,승합,남,77세,상해없음
2016070600100221,2016년 7월 6일 11시,수요일,인천광역시 남동구 만수동,경상사고,0,0,1,0,차대차 - 측면충돌,신호위반,건조,맑음,교차로 - 교차로안,승용,여,57세,상해없음,승용,남,57세,상해없음
2016070600100222,2016년 7월 6일 11시,수요일,인천광역시 서구 석남동,중상사고,0,1,0,0,차대차 - 측면충돌,안전거리미확보,건조,맑음,교차로 - 교차로안,화물,남,24세,상해없음,이륜,남,57세,중상
2016070600100254,2016년 7월 6일 12시,수요일,인천광역시 부평구 부평동,경상사고,0,0,1,0,차대사람 - 횡단중,보행자보호의무위반,건조,맑음,교차로 - 교차로부근,승용,여,46세,상해없음,보행자,여,14세,경상
2016070600100255,2016년 7월 6일 12시,수요일,인천광역시 서구 가좌동,경상사고,0,0,1,0,차대차 - 기타,안전운전불이행,건조,맑음,단일로 - 기타,승용,남,67세,상해없음,승용,남,24세,상해없음
2016070600100256,2016년 7월 6일 12시,수요일,인천광역시 강화군 길상면,중상사고,0,1,0,0,차대차 - 기타,중앙선침범,건조,맑음,단일로 - 기타,승용,남,33세,상해없음,이륜,남,63세,중상
2016070600100341,2016년 7월 6일 15시,수요일,인천광역시 부평구 부평동,경상사고,0,0,1,0,차대차 - 측면직각충돌,차로위반,건조,맑음,교차로 - 교차로부근,화물,남,42세,상해없음,승합,남,38세,경상
2016070600100385,2016년 7월 6일 16시,수요일,인천광역시 계양구 병방동,경상사고,0,0,1,0,차대사람 - 기타,안전운전불이행,건조,맑음,단일로 - 기타,승용,남,32세,상해없음,보행자,여,55세,경상
2016070600100456,2016년 7월 6일 18시,수요일,인천광역시 연수구 옥련동,중상사고,0,1,0,0,차대사람 - 기타,안전운전불이행,건조,맑음,교차로 - 교차로안,승용,여,45세,상해없음,보행자,여,82세,중상
2016070600100518,2016년 7월 6일 20시,수요일,인천광역시 부평구 부평동,중상사고,0,1,1,2,차대차 - 측면충돌,안전거리미확보,건조,맑음,단일로 - 기타,승용,남,73세,경상,화물,남,35세,부상신고
2016070600100565,2016년 7월 6일 22시,수요일,인천광역시 남구 관교동,중상사고,0,1,0,0,차대사람 - 횡단중,신호위반,건조,맑음,교차로 - 교차로부근,승용,여,23세,상해없음,보행자,남,34세,중상
2016070700100045,2016년 7월 7일 02시,목요일,인천광역시 계양구 계산동,중상사고,0,1,1,0,차대사람 - 횡단중,신호위반,건조,맑음,교차로 - 교차로안,이륜,남,27세,경상,보행자,여,42세,중상
2016070700100053,2016년 7월 7일 03시,목요일,인천광역시 부평구 삼산동,경상사고,0,0,2,0,차대차 - 기타,신호위반,건조,맑음,교차로 - 교차로안,승용,남,37세,상해없음,승용,남,55세,경상
2016070700100057,2016년 7월 7일 04시,목요일,인천광역시 부평구 청천동,중상사고,0,1,0,0,차대사람 - 횡단중,안전운전불이행,건조,맑음,단일로 - 횡단보도상,승용,남,68세,상해없음,보행자,남,62세,중상
2016070700100114,2016년 7월 7일 08시,목요일,인천광역시 서구 신현동,경상사고,0,0,1,0,차대사람 - 횡단중,보행자보호의무위반,건조,맑음,교차로 - 교차로부근,화물,남,53세,상해없음,보행자,남,13세,경상
2016070700100138,2016년 7월 7일 09시,목요일,인천광역시 남구 주안동,경상사고,0,0,1,0,차대차 - 측면직각충돌,안전운전불이행,건조,맑음,교차로 - 교차로부근,승용,남,71세,기타불명,승용,여,34세,경상
2016070700100157,2016년 7월 7일 10시,목요일,인천광역시 서구 당하동,중상사고,0,1,0,0,차대차 - 추돌,안전운전불이행,건조,맑음,단일로 - 기타,화물,남,37세,기타불명,승용,여,54세,중상
2016070700100189,2016년 7월 7일 11시,목요일,인천광역시 부평구 부평동,경상사고,0,0,1,0,차대차 - 측면직각충돌,안전운전불이행,건조,맑음,단일로 - 기타,승용,여,33세,상해없음,자전거,남,60세,경상
2016070700100291,2016년 7월 7일 15시,목요일,인천광역시 중구 운서동,경상사고,0,0,2,0,차대차 - 추돌,안전운전불이행,건조,맑음,단일로 - 기타,승용,남,65세,상해없음,화물,남,34세,경상
2016070700100330,2016년 7월 7일 16시,목요일,인천광역시 계양구 작전동,경상사고,0,0,1,0,차대사람 - 기타,안전운전불이행,건조,맑음,교차로 - 교차로부근,승용,남,61세,상해없음,보행자,여,55세,경상
2016070700100331,2016년 7월 7일 16시,목요일,인천광역시 연수구 청학동,경상사고,0,0,1,0,차대사람 - 횡단중,보행자보호의무위반,건조,맑음,단일로 - 기타,화물,남,33세,상해없음,보행자,남,65세,경상
2016070700100363,2016년 7월 7일 17시,목요일,인천광역시 부평구 청천동,중상사고,0,1,0,0,차대차 - 측면충돌,안전운전불이행,건조,맑음,단일로 - 기타,승용,남,68세,상해없음,자전거,여,61세,중상
2016070700100364,2016년 7월 7일 17시,목요일,인천광역시 서구 오류동,중상사고,0,1,0,0,차대차 - 측면충돌,신호위반,건조,맑음,교차로 - 교차로안,승용,여,45세,상해없음,승용,남,71세,중상
2016070700100411,2016년 7월 7일 18시,목요일,인천광역시 남동구 간석동,경상사고,0,0,1,0,차대사람 - 보도통행중,안전운전불이행,건조,맑음,단일로 - 기타,기타불명,기타불명,기타불명,기타불명,보행자,여,17세,경상
2016070700100442,2016년 7월 7일 19시,목요일,인천광역시 서구 경서동,중상사고,0,1,0,0,차대차 - 기타,안전운전불이행,건조,맑음,단일로 - 기타,자전거,남,36세,기타불명,자전거,여,44세,중상
2016070700100480,2016년 7월 7일 20시,목요일,인천광역시 중구 운남동,경상사고,0,0,1,0,차대차 - 측면직각충돌,교차로운행방법위반,건조,기타,교차로 - 교차로안,승용,여,43세,상해없음,이륜,남,37세,경상
2016070700100541,2016년 7월 7일 22시,목요일,인천광역시 남구 용현동,경상사고,0,0,1,0,차대차 - 측면직각충돌,안전운전불이행,건조,맑음,기타 - 기타,승용,남,50세,상해없음,이륜,남,48세,경상
2016070700100561,2016년 7월 7일 23시,목요일,인천광역시 중구 운서동,중상사고,0,1,3,0,차대차 - 정면충돌,신호위반,건조,맑음,교차로 - 교차로안,승합,남,52세,상해없음,승용,남,48세,경상
2016070800100027,2016년 7월 8일 01시,금요일,인천광역시 남구 주안동,경상사고,0,0,2,0,차대차 - 추돌,안전운전불이행,건조,맑음,단일로 - 기타,승용,남,45세,상해없음,승합,남,49세,경상
2016070800100039,2016년 7월 8일 02시,금요일,인천광역시 서구 마전동,중상사고,0,2,0,0,차대차 - 정면충돌,중앙선침범,건조,맑음,교차로 - 교차로부근,승용,남,23세,상해없음,승용,남,62세,중상
2016070800100050,2016년 7월 8일 03시,금요일,인천광역시 서구 경서동,경상사고,0,0,1,0,차량단독 - 전도전복,안전운전불이행,건조,맑음,단일로 - 기타,승용,남,45세,상해없음,,,,
2016070800100051,2016년 7월 8일 03시,금요일,인천광역시 남동구 서창동,사망사고,1,0,0,0,차대사람 - 차도통행중,과속,건조,맑음,단일로 - 기타,승용,여,33세,상해없음,보행자,남,58세,사망
2016070800100067,2016년 7월 8일 06시,금요일,인천광역시 남구 용현동,경상사고,0,0,1,0,차대차 - 추돌,안전운전불이행,건조,맑음,기타 - 기타,승용,남,31세,상해없음,승용,남,49세,경상
2016070800100068,2016년 7월 8일 06시,금요일,인천광역시 남동구 고잔동,사망사고,1,0,0,0,차대사람 - 횡단중,안전운전불이행,건조,맑음,교차로 - 교차로안,화물,남,40세,상해없음,보행자,여,60세,사망
2016070800100095,2016년 7월 8일 07시,금요일,인천광역시 서구 석남동,경상사고,0,0,1,0,차대차 - 측면충돌,안전운전불이행,건조,맑음,교차로 - 교차로부근,승용,남,58세,상해없음,이륜,남,18세,경상
2016070800100096,2016년 7월 8일 07시,금요일,인천광역시 강화군 길상면,경상사고,0,0,1,0,차대차 - 측면충돌,안전운전불이행,건조,맑음,단일로 - 기타,화물,남,75세,상해없음,이륜,남,60세,경상
2016070800100159,2016년 7월 8일 09시,금요일,인천광역시 부평구 부평동,중상사고,0,1,0,0,차대차 - 기타,신호위반,건조,맑음,교차로 - 교차로안,기타불명,기타불명,기타불명,기타불명,이륜,남,73세,중상
2016070800100160,2016년 7월 8일 09시,금요일,인천광역시 남동구 도림동,경상사고,0,0,2,0,차대차 - 측면충돌,교차로운행방법위반,건조,맑음,교차로 - 교차로안,승합,여,37세,상해없음,승용,남,47세,경상
2016070800100161,2016년 7월 8일 09시,금요일,인천광역시 남동구 만수동,경상사고,0,0,1,0,차대차 - 측면직각충돌,신호위반,건조,맑음,교차로 - 교차로안,이륜,남,67세,상해없음,승용,여,27세,경상
2016070800100162,2016년 7월 8일 09시,금요일,인천광역시 부평구 구산동,경상사고,0,0,1,0,차대차 - 측면직각충돌,안전거리미확보,건조,맑음,단일로 - 기타,승용,남,58세,경상,승용,남,38세,상해없음
2016070800100199,2016년 7월 8일 10시,금요일,인천광역시 남구 주안동,경상사고,0,0,1,0,차대차 - 추돌,안전운전불이행,건조,맑음,단일로 - 기타,화물,남,76세,상해없음,승용,여,55세,경상
2016070800100200,2016년 7월 8일 10시,금요일,인천광역시 남구 용현동,경상사고,0,0,1,0,차대차 - 측면직각충돌,안전거리미확보,건조,맑음,교차로 - 교차로부근,승용,여,24세,상해없음,승용,여,52세,경상
2016070800100229,2016년 7월 8일 11시,금요일,인천광역시 계양구 서운동,중상사고,0,1,0,0,차대차 - 추돌,안전운전불이행,건조,맑음,단일로 - 기타,승합,남,58세,상해없음,승용,남,60세,중상
2016070800100299,2016년 7월 8일 13시,금요일,인천광역시 남구 숭의동,경상사고,0,0,2,0,차대차 - 측면충돌,안전운전불이행,건조,맑음,단일로 - 기타,승용,남,72세,상해없음,승용,여,42세,경상
2016070800100300,2016년 7월 8일 13시,금요일,인천광역시 남구 관교동,경상사고,0,0,1,0,차대사람 - 기타,안전운전불이행,건조,맑음,단일로 - 기타,승합,남,54세,기타불명,보행자,여,81세,경상
2016070800100301,2016년 7월 8일 13시,금요일,인천광역시 부평구 부평동,경상사고,0,0,1,0,차대차 - 기타,안전거리미확보,건조,맑음,단일로 - 기타,승용,남,22세,상해없음,승용,남,47세,경상
2016070800100302,2016년 7월 8일 13시,금요일,인천광역시 남동구 논현동,경상사고,0,0,1,0,차대차 - 측면직각충돌,신호위반,건조,맑음,교차로 - 교차로안,화물,남,68세,상해없음,화물,남,42세,경상
2016070800100342,2016년 7월 8일 14시,금요일,인천광역시 부평구 산곡동,경상사고,0,0,2,0,차대차 - 추돌,안전거리미확보,건조,맑음,단일로 - 기타,승합,남,46세,상해없음,승용,남,43세,경상
2016070800100372,2016년 7월 8일 15시,금요일,인천광역시 서구 당하동,중상사고,0,1,0,0,차대차 - 측면충돌,안전운전불이행,건조,맑음,교차로 - 교차로안,승합,여,53세,상해없음,자전거,남,10세,중상
2016070800100373,2016년 7월 8일 15시,금요일,인천광역시 서구 연희동,경상사고,0,0,2,0,차대차 - 기타,안전운전불이행,건조,맑음,단일로 - 기타,승용,여,31세,경상,화물,남,51세,상해없음
2016070800100374,2016년 7월 8일 15시,금요일,인천광역시 부평구 삼산동,경상사고,0,0,1,0,차대사람 - 차도통행중,안전운전불이행,건조,맑음,교차로 - 교차로부근,승용,여,19세,상해없음,보행자,남,17세,경상
2016070800100423,2016년 7월 8일 16시,금요일,인천광역시 부평구 부평동,경상사고,0,0,1,0,차대차 - 기타,중앙선침범,건조,맑음,단일로 - 기타,이륜,남,18세,상해없음,이륜,남,18세,경상
2016070800100473,2016년 7월 8일 17시,금요일,인천광역시 부평구 십정동,경상사고,0,0,1,0,차대사람 - 길가장자리구역통행중,안전운전불이행,건조,맑음,단일로 - 기타,승용,남,68세,상해없음,보행자,여,26세,경상
2016070800100520,2016년 7월 8일 18시,금요일,인천광역시 남구 용현동,중상사고,0,1,0,0,차대사람 - 횡단중,안전운전불이행,건조,맑음,단일로 - 기타,자전거,남,35세,상해없음,보행자,여,63세,중상
2016070800100521,2016년 7월 8일 18시,금요일,인천광역시 부평구 부평동,중상사고,0,1,0,0,차대사람 - 기타,안전운전불이행,건조,맑음,교차로 - 교차로안,화물,남,38세,상해없음,보행자,남,18세,중상
2016070800100522,2016년 7월 8일 18시,금요일,인천광역시 남동구 논현동,중상사고,0,1,0,0,차대차 - 측면직각충돌,안전운전불이행,건조,맑음,단일로 - 기타,승용,남,45세,상해없음,자전거,여,6세,중상
2016070800100523,2016년 7월 8일 18시,금요일,인천광역시 연수구 연수동,경상사고,0,0,1,0,차대차 - 추돌,안전운전불이행,건조,맑음,단일로 - 기타,승용,여,55세,상해없음,승용,남,37세,경상
2016070800100558,2016년 7월 8일 19시,금요일,인천광역시 서구 백석동,사망사고,1,0,0,0,차대사람 - 보도통행중,안전운전불이행,건조,맑음,단일로 - 기타,자전거,남,73세,사망,보행자,남,16세,상해없음
2016070800100559,2016년 7월 8일 19시,금요일,인천광역시 서구 심곡동,경상사고,0,0,1,0,차대사람 - 횡단중,신호위반,건조,맑음,교차로 - 교차로부근,승용,남,47세,상해없음,보행자,남,6세,경상
2016070800100560,2016년 7월 8일 19시,금요일,인천광역시 연수구 동춘동,중상사고,0,1,0,0,차대차 - 측면충돌,안전운전불이행,건조,맑음,단일로 - 기타,승용,남,82세,상해없음,이륜,남,30세,중상
2016070800100599,2016년 7월 8일 20시,금요일,인천광역시 남동구 구월동,경상사고,0,0,1,0,차대차 - 정면충돌,안전운전불이행,건조,맑음,단일로 - 기타,승용,남,21세,상해없음,승용,남,62세,경상
2016070800100600,2016년 7월 8일 20시,금요일,인천광역시 서구 검암동,경상사고,0,0,1,0,차대사람 - 보도통행중,기타,건조,맑음,단일로 - 기타,자전거,남,22세,상해없음,보행자,여,47세,경상
2016070800100641,2016년 7월 8일 21시,금요일,인천광역시 남구 숭의동,중상사고,0,1,0,0,차대사람 - 기타,안전운전불이행,건조,맑음,기타 - 기타,승용,남,51세,상해없음,보행자,여,65세,중상
2016070800100642,2016년 7월 8일 21시,금요일,인천광역시 연수구 송도동,중상사고,0,2,1,0,차대차 - 정면충돌,신호위반,건조,맑음,교차로 - 교차로안,승용,남,59세,중상,승용,여,27세,중상
2016070800100693,2016년 7월 8일 23시,금요일,인천광역시 계양구 갈현동,경상사고,0,0,3,0,차대차 - 측면직각충돌,안전운전불이행,건조,맑음,단일로 - 기타,승용,여,21세,상해없음,승용,남,29세,경상
2016070900100023,2016년 7월 9일 00시,토요일,인천광역시 남구 숭의동,중상사고,0,1,0,2,차대차 - 측면직각충돌,교차로운행방법위반,건조,맑음,교차로 - 교차로안,자전거,남,25세,부상신고,이륜,남,26세,중상
2016070900100044,2016년 7월 9일 01시,토요일,인천광역시 남동구 구월동,중상사고,0,1,3,0,차대차 - 측면직각충돌,교차로운행방법위반,건조,맑음,교차로 - 교차로안,승용,남,22세,상해없음,승용,남,51세,경상
2016070900100065,2016년 7월 9일 02시,토요일,인천광역시 남구 주안동,경상사고,0,0,4,0,차대차 - 측면직각충돌,중앙선침범,건조,흐림,단일로 - 기타,승용,남,63세,상해없음,승용,남,44세,경상
2016070900100066,2016년 7월 9일 02시,토요일,인천광역시 남동구 구월동,경상사고,0,0,1,0,차대차 - 추돌,안전운전불이행,건조,맑음,교차로 - 교차로부근,승용,남,24세,상해없음,승용,남,35세,경상
2016070900100081,2016년 7월 9일 03시,토요일,인천광역시 중구 남북동,부상신고사고,0,0,0,1,차량단독 - 공작물충돌,안전운전불이행,건조,맑음,교차로 - 교차로안,승용,남,16세,상해없음,,,,
2016070900100082,2016년 7월 9일 03시,토요일,인천광역시 남동구 구월동,경상사고,0,0,6,0,차대차 - 추돌,안전운전불이행,건조,맑음,교차로 - 교차로안,승용,남,23세,경상,승용,남,36세,경상
2016070900100099,2016년 7월 9일 05시,토요일,인천광역시 남동구 간석동,경상사고,0,0,1,0,차대사람 - 횡단중,신호위반,건조,맑음,단일로 - 횡단보도상,기타불명,기타불명,기타불명,기타불명,보행자,남,50세,경상
2016070900100100,2016년 7월 9일 05시,토요일,인천광역시 연수구 연수동,중상사고,0,1,1,0,차대차 - 측면충돌,신호위반,건조,맑음,교차로 - 교차로안,이륜,남,40세,중상,승합,남,51세,상해없음
2016070900100128,2016년 7월 9일 07시,토요일,인천광역시 남동구 논현동,경상사고,0,0,1,1,차대차 - 측면충돌,교차로운행방법위반,건조,맑음,교차로 - 교차로안,화물,남,43세,상해없음,승용,여,47세,경상
2016070900100129,2016년 7월 9일 07시,토요일,인천광역시 연수구 동춘동,중상사고,0,1,0,0,차대차 - 기타,신호위반,건조,맑음,교차로 - 교차로안,승용,남,43세,상해없음,승용,남,69세,중상
2016070900100178,2016년 7월 9일 09시,토요일,인천광역시 동구 송림동,경상사고,0,0,1,0,차대차 - 기타,안전운전불이행,건조,맑음,단일로 - 기타,승용,여,49세,상해없음,승용,여,41세,경상
2016070900100251,2016년 7월 9일 11시,토요일,인천광역시 부평구 부평동,사망사고,1,0,0,0,차대차 - 측면충돌,안전운전불이행,건조,맑음,단일로 - 기타,승용,여,44세,상해없음,자전거,남,74세,사망
2016070900100252,2016년 7월 9일 11시,토요일,인천광역시 서구 가좌동,중상사고,0,1,0,0,차대차 - 측면직각충돌,안전운전불이행,건조,맑음,단일로 - 횡단보도상,화물,남,42세,상해없음,자전거,남,23세,중상
2016070900100396,2016년 7월 9일 14시,토요일,인천광역시 남동구 구월동,중상사고,0,2,2,0,차대차 - 측면충돌,안전운전불이행,건조,맑음,단일로 - 기타,승용,여,33세,상해없음,승용,남,66세,중상
2016070900100430,2016년 7월 9일 15시,토요일,인천광역시 남동구 논현동,경상사고,0,0,2,0,차대차 - 측면충돌,중앙선침범,건조,맑음,단일로 - 기타,특수,남,27세,상해없음,승용,남,33세,경상
2016070900100461,2016년 7월 9일 16시,토요일,인천광역시 서구 가좌동,중상사고,0,1,2,0,차대차 - 측면충돌,안전운전불이행,건조,맑음,교차로 - 교차로안,이륜,남,33세,중상,화물,남,52세,경상
2016070900100462,2016년 7월 9일 16시,토요일,인천광역시 부평구 부평동,중상사고,0,1,0,0,차대차 - 기타,신호위반,건조,맑음,교차로 - 교차로안,이륜,남,17세,중상,승용,남,40세,상해없음
2016070900100505,2016년 7월 9일 17시,토요일,인천광역시 중구 운서동,경상사고,0,0,1,0,차대차 - 측면충돌,안전운전불이행,건조,맑음,교차로 - 교차로안,승용,남,24세,상해없음,승용,여,57세,경상
2016070900100506,2016년 7월 9일 17시,토요일,인천광역시 계양구 효성동,경상사고,0,0,1,0,차대차 - 측면충돌,안전운전불이행,건조,맑음,교차로 - 교차로안,승용,남,36세,상해없음,승용,남,45세,경상
2016070900100542,2016년 7월 9일 18시,토요일,인천광역시 계양구 작전동,경상사고,0,0,1,0,차대사람 - 기타,안전운전불이행,건조,맑음,단일로 - 기타,승용,기타불명,기타불명,기타불명,보행자,여,75세,경상
2016070900100618,2016년 7월 9일 21시,토요일,인천광역시 남구 도화동,경상사고,0,0,2,0,차대차 - 기타,안전운전불이행,건조,맑음,교차로 - 교차로안,승용,남,43세,상해없음,승용,남,29세,경상
2016070900100643,2016년 7월 9일 22시,토요일,인천광역시 계양구 작전동,경상사고,0,0,2,0,차대차 - 측면직각충돌,안전운전불이행,건조,맑음,교차로 - 교차로부근,승용,남,48세,상해없음,승용,남,28세,경상
2016071000100017,2016년 7월 10일 00시,일요일,인천광역시 중구 운서동,중상사고,0,1,3,0,차대차 - 측면충돌,안전운전불이행,건조,맑음,단일로 - 기타,화물,남,55세,상해없음,승용,남,27세,경상
2016071000100018,2016년 7월 10일 00시,일요일,인천광역시 남구 도화동,경상사고,0,0,1,0,차대차 - 기타,안전운전불이행,건조,맑음,단일로 - 기타,승용,남,49세,상해없음,승용,여,45세,기타불명
2016071000100044,2016년 7월 10일 01시,일요일,인천광역시 서구 연희동,경상사고,0,0,1,0,차대차 - 측면충돌,안전운전불이행,건조,맑음,단일로 - 기타,승용,남,35세,상해없음,이륜,남,17세,경상
2016071000100091,2016년 7월 10일 05시,일요일,인천광역시 연수구 연수동,사망사고,1,0,3,0,차대차 - 추돌,중앙선침범,건조,맑음,미분류 - 미분류,이륜,남,28세,사망,승용,여,56세,경상
2016071000100101,2016년 7월 10일 06시,일요일,인천광역시 서구 마전동,중상사고,0,1,0,0,차대차 - 측면충돌,신호위반,건조,맑음,교차로 - 교차로안,승용,남,23세,기타불명,승합,남,62세,상해없음
2016071000100109,2016년 7월 10일 07시,일요일,인천광역시 서구 석남동,경상사고,0,0,1,0,차대차 - 측면충돌,안전운전불이행,건조,맑음,교차로 - 교차로안,승용,남,47세,상해없음,승용,남,36세,경상
2016071000100175,2016년 7월 10일 10시,일요일,인천광역시 남동구 장수동,경상사고,0,0,5,0,차대차 - 측면충돌,교차로운행방법위반,건조,맑음,교차로 - 교차로안,승용,여,61세,상해없음,승용,남,39세,경상
2016071000100197,2016년 7월 10일 11시,일요일,인천광역시 중구 중산동,경상사고,0,0,1,0,차대사람 - 기타,안전운전불이행,건조,맑음,교차로 - 교차로안,승용,남,33세,상해없음,보행자,여,50세,경상
2016071000100198,2016년 7월 10일 11시,일요일,인천광역시 부평구 십정동,경상사고,0,0,1,0,차대차 - 추돌,안전운전불이행,건조,맑음,교차로 - 교차로부근,화물,남,64세,상해없음,승용,남,45세,경상
2016071000100228,2016년 7월 10일 12시,일요일,인천광역시 남구 관교동,경상사고,0,0,2,0,차대차 - 추돌,직진우회전진행방해,건조,맑음,교차로 - 교차로안,승용,남,64세,상해없음,승용,남,42세,경상
2016071000100304,2016년 7월 10일 14시,일요일,인천광역시 부평구 부평동,중상사고,0,1,0,0,차대사람 - 횡단중,신호위반,건조,맑음,교차로 - 교차로안,승용,여,47세,상해없음,보행자,남,39세,중상
2016071000100346,2016년 7월 10일 16시,일요일,인천광역시 남동구 간석동,경상사고,0,0,2,0,차대사람 - 횡단중,안전운전불이행,건조,맑음,단일로 - 기타,이륜,남,18세,경상,보행자,남,67세,경상
2016071000100376,2016년 7월 10일 17시,일요일,인천광역시 남동구 논현동,경상사고,0,0,1,0,차대차 - 측면충돌,중앙선침범,건조,맑음,단일로 - 기타,승용,남,72세,상해없음,승용,여,66세,경상
2016071000100407,2016년 7월 10일 18시,일요일,인천광역시 남동구 간석동,경상사고,0,0,1,0,차대차 - 측면직각충돌,안전운전불이행,건조,맑음,단일로 - 기타,승용,남,39세,기타불명,승합,남,62세,경상
2016071000100408,2016년 7월 10일 18시,일요일,인천광역시 남동구 간석동,경상사고,0,0,1,0,차대차 - 측면직각충돌,차로위반,건조,맑음,교차로 - 교차로부근,승용,여,58세,상해없음,승용,남,39세,경상
2016071000100442,2016년 7월 10일 19시,일요일,인천광역시 중구 운남동,중상사고,0,2,0,0,차대차 - 기타,안전운전불이행,건조,맑음,교차로 - 교차로안,승용,남,28세,상해없음,승용,여,51세,중상
2016071000100472,2016년 7월 10일 20시,일요일,인천광역시 남구 도화동,경상사고,0,0,2,1,차대차 - 측면직각충돌,신호위반,건조,맑음,교차로 - 교차로안,승용,여,55세,부상신고,승용,남,72세,경상
2016071000100473,2016년 7월 10일 20시,일요일,인천광역시 남구 관교동,경상사고,0,0,1,0,차대차 - 측면직각충돌,안전운전불이행,건조,맑음,교차로 - 교차로안,승합,남,51세,상해없음,승용,남,27세,경상
2016071000100474,2016년 7월 10일 20시,일요일,인천광역시 남동구 간석동,중상사고,0,1,0,0,차대차 - 정면충돌,신호위반,건조,맑음,교차로 - 교차로안,이륜,남,59세,중상,승용,여,32세,상해없음
2016071000100492,2016년 7월 10일 21시,일요일,인천광역시 계양구 방축동,경상사고,0,0,1,0,차대차 - 측면직각충돌,안전운전불이행,건조,맑음,교차로 - 교차로안,승용,남,23세,상해없음,이륜,남,25세,경상
2016071000100493,2016년 7월 10일 21시,일요일,인천광역시 계양구 작전동,경상사고,0,0,1,0,차대차 - 측면직각충돌,안전운전불이행,건조,맑음,단일로 - 기타,승용,남,51세,상해없음,승용,남,51세,경상
2016071000100494,2016년 7월 10일 21시,일요일,인천광역시 연수구 연수동,중상사고,0,2,0,0,차대차 - 측면직각충돌,신호위반,건조,맑음,교차로 - 교차로안,이륜,남,20세,중상,이륜,남,43세,중상
2016071000100528,2016년 7월 10일 23시,일요일,인천광역시 부평구 청천동,경상사고,0,0,1,0,차대차 - 기타,안전운전불이행,건조,맑음,교차로 - 교차로부근,승용,남,58세,상해없음,자전거,여,18세,경상
2016071100100010,2016년 7월 11일 00시,월요일,인천광역시 중구 운북동,중상사고,0,1,0,0,차대사람 - 횡단중,보행자보호의무위반,건조,맑음,교차로 - 교차로안,승용,남,30세,상해없음,보행자,여,21세,중상
2016071100100011,2016년 7월 11일 00시,월요일,인천광역시 계양구 병방동,중상사고,0,1,0,0,차대사람 - 횡단중,보행자보호의무위반,건조,맑음,교차로 - 교차로안,승용,남,18세,상해없음,보행자,남,24세,중상
2016071100100039,2016년 7월 11일 04시,월요일,인천광역시 남동구 구월동,경상사고,0,0,4,0,차대차 - 측면충돌,신호위반,건조,맑음,교차로 - 교차로안,승용,남,64세,상해없음,승용,남,52세,경상
2016071100100049,2016년 7월 11일 05시,월요일,인천광역시 동구 송림동,중상사고,0,3,5,0,차대차 - 측면직각충돌,신호위반,건조,맑음,교차로 - 교차로안,건설기계,남,48세,상해없음,승합,남,71세,상해없음
2016071100100050,2016년 7월 11일 05시,월요일,인천광역시 서구 가좌동,중상사고,0,2,0,0,차대차 - 측면충돌,안전운전불이행,건조,맑음,단일로 - 기타,승용,남,40세,상해없음,승용,남,46세,중상
2016071100100051,2016년 7월 11일 05시,월요일,인천광역시 계양구 용종동,중상사고,0,1,0,0,차대차 - 측면직각충돌,신호위반,건조,맑음,교차로 - 교차로안,승합,남,45세,상해없음,승용,남,47세,상해없음
2016071100100052,2016년 7월 11일 05시,월요일,인천광역시 부평구 부평동,중상사고,0,1,0,0,차대차 - 기타,안전운전불이행,건조,맑음,단일로 - 기타,이륜,남,22세,상해없음,자전거,여,56세,중상