사고번호,사고일시,요일,시군구,사고내용,사망자수,중상자수,경상자수,부상신고자수,사고유형,법규위반,노면상태,기상상태,도로형태,가해운전자 차종,가해운전자 성별,가해운전자 연령,가해운전자 상해정도,피해운전자 차종,피해운전자 성별,피해운전자 연령,피해운전자 상해정도
2016071500100591,2016년 7월 15일 20시,금요일,인천광역시 강화군 강화읍,중상사고,0,1,0,0,차대차 - 측면충돌,중앙선침범,습기,비,단일로 - 기타,승용,남,61세,상해없음,자전거,남,74세,중상
2016071500100630,2016년 7월 15일 21시,금요일,인천광역시 남구 학익동,경상사고,0,0,1,0,차대차 - 추돌,안전운전불이행,건조,기타,기타 - 기타,승용,남,36세,상해없음,승용,남,25세,경상
2016071500100631,2016년 7월 15일 21시,금요일,인천광역시 부평구 십정동,부상신고사고,0,0,0,1,차대사람 - 보도통행중,안전운전불이행,건조,맑음,단일로 - 기타,승용,남,53세,상해없음,보행자,여,56세,부상신고
2016071500100632,2016년 7월 15일 21시,금요일,인천광역시 강화군 선원면,경상사고,0,0,1,0,차대차 - 추돌,안전운전불이행,건조,맑음,단일로 - 기타,승용,남,32세,상해없음,승용,남,52세,경상
2016071500100633,2016년 7월 15일 21시,금요일,인천광역시 남동구 서창동,경상사고,0,0,2,0,차대차 - 추돌,안전운전불이행,건조,맑음,단일로 - 기타,화물,남,46세,상해없음,승용,남,51세,경상
2016071500100669,2016년 7월 15일 22시,금요일,인천광역시 남구 용현동,중상사고,0,1,4,0,차대차 - 추돌,안전운전불이행,건조,맑음,단일로 - 기타,승용,남,43세,상해없음,승용,여,48세,경상
2016071500100670,2016년 7월 15일 22시,금요일,인천광역시 부평구 십정동,경상사고,0,0,1,0,차대차 - 측면직각충돌,안전거리미확보,습기,비,교차로 - 교차로부근,승용,남,37세,상해없음,승용,남,24세,경상
2016071500100711,2016년 7월 15일 23시,금요일,인천광역시 남동구 만수동,중상사고,0,1,0,0,차대차 - 측면충돌,중앙선침범,건조,맑음,교차로 - 교차로부근,이륜,남,41세,상해없음,승용,남,30세,중상
2016071500100712,2016년 7월 15일 23시,금요일,인천광역시 서구 연희동,경상사고,0,0,1,0,차대차 - 추돌,안전운전불이행,건조,맑음,교차로 - 교차로부근,승용,남,41세,상해없음,승용,여,34세,경상
2016071500100713,2016년 7월 15일 23시,금요일,인천광역시 계양구 용종동,중상사고,0,1,1,0,차대차 - 기타,안전운전불이행,습기,비,교차로 - 교차로부근,승용,남,56세,상해없음,승용,남,34세,중상
2016071500100714,2016년 7월 15일 23시,금요일,인천광역시 부평구 부개동,중상사고,0,1,0,0,차대사람 - 기타,안전운전불이행,습기,비,단일로 - 기타,원동기,남,17세,상해없음,보행자,여,78세,중상
2016071600100030,2016년 7월 16일 00시,토요일,인천광역시 남구 도화동,경상사고,0,0,2,0,차대사람 - 보도통행중,신호위반,건조,맑음,교차로 - 교차로부근,승용,남,49세,상해없음,보행자,여,24세,경상
2016071600100031,2016년 7월 16일 00시,토요일,인천광역시 남동구 구월동,중상사고,0,1,0,0,차대사람 - 횡단중,안전운전불이행,건조,맑음,단일로 - 횡단보도상,승용,남,59세,상해없음,보행자,남,51세,중상
2016071600100050,2016년 7월 16일 01시,토요일,인천광역시 부평구 갈산동,경상사고,0,0,3,0,차대차 - 기타,신호위반,건조,맑음,교차로 - 교차로안,승용,남,55세,상해없음,승합,남,48세,경상
2016071600100051,2016년 7월 16일 01시,토요일,인천광역시 서구 연희동,경상사고,0,0,3,0,차대차 - 추돌,안전거리미확보,습기,비,교차로 - 교차로부근,승용,남,27세,상해없음,승용,여,26세,경상
2016071600100068,2016년 7월 16일 02시,토요일,인천광역시 남구 주안동,경상사고,0,0,1,0,차대차 - 측면직각충돌,안전운전불이행,습기,비,단일로 - 기타,승용,남,49세,상해없음,승용,남,61세,경상
2016071600100088,2016년 7월 16일 03시,토요일,인천광역시 강화군 강화읍,중상사고,0,1,0,0,차대사람 - 차도통행중,안전운전불이행,습기,비,단일로 - 기타,승합,여,68세,상해없음,보행자,남,61세,중상
2016071600100089,2016년 7월 16일 03시,토요일,인천광역시 부평구 부평동,경상사고,0,0,3,0,차대차 - 기타,신호위반,건조,맑음,교차로 - 교차로안,승합,남,37세,상해없음,승용,남,68세,경상
2016071600100111,2016년 7월 16일 04시,토요일,인천광역시 남구 관교동,중상사고,0,1,0,0,차대사람 - 횡단중,안전운전불이행,습기,비,교차로 - 교차로안,화물,여,64세,상해없음,보행자,여,77세,중상
2016071600100112,2016년 7월 16일 04시,토요일,인천광역시 서구 경서동,경상사고,0,0,1,0,차대차 - 측면충돌,안전운전불이행,습기,비,교차로 - 교차로부근,승용,남,39세,상해없음,승용,남,53세,경상
2016071600100158,2016년 7월 16일 07시,토요일,인천광역시 남구 주안동,경상사고,0,0,1,0,차대사람 - 기타,기타,건조,맑음,단일로 - 기타,승용,남,55세,상해없음,보행자,여,33세,경상
2016071600100159,2016년 7월 16일 07시,토요일,인천광역시 서구 검암동,중상사고,0,1,0,0,차대차 - 정면충돌,안전운전불이행,건조,맑음,단일로 - 기타,승용,남,46세,상해없음,승용,여,52세,중상
2016071600100190,2016년 7월 16일 08시,토요일,인천광역시 중구 운서동,경상사고,0,0,1,2,차대차 - 측면직각충돌,안전운전불이행,습기,비,단일로 - 기타,승용,남,29세,상해없음,승용,남,52세,경상
2016071600100191,2016년 7월 16일 08시,토요일,인천광역시 중구 을왕동,경상사고,0,0,1,0,차대차 - 기타,안전운전불이행,습기,비,단일로 - 기타,승용,여,15세,상해없음,승합,여,57세,경상
2016071600100253,2016년 7월 16일 10시,토요일,인천광역시 부평구 청천동,중상사고,0,1,0,0,차량단독 - 기타,안전운전불이행,기타,맑음,단일로 - 기타,승합,남,64세,상해없음,,,,
2016071600100254,2016년 7월 16일 10시,토요일,인천광역시 계양구 용종동,중상사고,0,1,1,0,차대차 - 정면충돌,중앙선침범,습기,비,교차로 - 교차로부근,화물,남,67세,상해없음,승용,남,41세,중상
2016071600100255,2016년 7월 16일 10시,토요일,인천광역시 계양구 병방동,경상사고,0,0,1,0,차대차 - 측면충돌,신호위반,습기,비,교차로 - 교차로안,화물,남,39세,상해없음,승용,남,39세,경상
2016071600100256,2016년 7월 16일 10시,토요일,인천광역시 부평구 청천동,경상사고,0,0,2,0,차대차 - 추돌,안전거리미확보,습기,비,단일로 - 교량,승합,남,56세,상해없음,승용,여,30세,경상
2016071600100282,2016년 7월 16일 11시,토요일,인천광역시 강화군 길상면,경상사고,0,0,2,0,차대차 - 추돌,안전운전불이행,건조,맑음,단일로 - 기타,승용,남,75세,상해없음,승용,남,25세,경상
2016071600100310,2016년 7월 16일 12시,토요일,인천광역시 남동구 남촌동,경상사고,0,0,2,0,차대차 - 추돌,안전운전불이행,건조,맑음,교차로 - 교차로부근,승용,남,55세,상해없음,승용,남,58세,경상
2016071600100311,2016년 7월 16일 12시,토요일,인천광역시 서구 가좌동,경상사고,0,0,2,0,차대차 - 측면충돌,안전운전불이행,습기,비,교차로 - 교차로부근,승용,여,50세,경상,화물,남,39세,경상
2016071600100340,2016년 7월 16일 13시,토요일,인천광역시 부평구 부평동,중상사고,0,1,0,0,차대사람 - 기타,안전운전불이행,습기,비,교차로 - 교차로부근,기타불명,기타불명,기타불명,기타불명,보행자,여,21세,중상
2016071600100341,2016년 7월 16일 13시,토요일,인천광역시 서구 오류동,중상사고,0,1,0,0,차대차 - 측면충돌,안전운전불이행,건조,맑음,단일로 - 기타,이륜,남,35세,중상,승용,남,53세,상해없음
2016071600100379,2016년 7월 16일 14시,토요일,인천광역시 남구 도화동,경상사고,0,0,1,0,차대차 - 기타,안전운전불이행,습기,비,단일로 - 기타,승용,남,55세,상해없음,화물,남,35세,경상
2016071600100417,2016년 7월 16일 15시,토요일,인천광역시 부평구 청천동,경상사고,0,0,3,0,차대차 - 측면직각충돌,안전운전불이행,습기,비,교차로 - 교차로안,승용,남,58세,상해없음,승용,남,63세,경상
2016071600100418,2016년 7월 16일 15시,토요일,인천광역시 서구 가정동,경상사고,0,0,1,0,차대차 - 측면충돌,신호위반,습기,비,교차로 - 교차로안,승용,여,37세,상해없음,승용,여,42세,경상
2016071600100419,2016년 7월 16일 15시,토요일,인천광역시 계양구 작전동,부상신고사고,0,0,0,1,차대차 - 측면직각충돌,직진우회전진행방해,습기,비,교차로 - 교차로안,원동기,남,18세,부상신고,승용,남,53세,상해없음
2016071600100420,2016년 7월 16일 15시,토요일,인천광역시 부평구 일신동,경상사고,0,0,1,0,차대차 - 추돌,안전운전불이행,습기,비,단일로 - 교량,승용,남,56세,상해없음,승용,남,54세,경상
2016071600100454,2016년 7월 16일 16시,토요일,인천광역시 남동구 논현동,경상사고,0,0,1,0,차대차 - 기타,신호위반,습기,비,단일로 - 횡단보도상,승용,여,46세,상해없음,자전거,남,14세,경상
2016071600100544,2016년 7월 16일 19시,토요일,인천광역시 남동구 서창동,경상사고,0,0,1,0,차대차 - 정면충돌,안전운전불이행,습기,비,교차로 - 교차로안,기타불명,기타불명,기타불명,기타불명,이륜,남,28세,경상
2016071600100545,2016년 7월 16일 19시,토요일,인천광역시 계양구 계산동,중상사고,0,1,0,0,차대차 - 측면직각충돌,중앙선침범,습기,비,단일로 - 기타,승용,남,48세,상해없음,이륜,남,18세,중상
2016071600100546,2016년 7월 16일 19시,토요일,인천광역시 연수구 옥련동,경상사고,0,0,3,0,차대차 - 측면직각충돌,안전운전불이행,습기,비,교차로 - 교차로부근,승용,여,32세,상해없음,승용,남,47세,경상
2016071600100577,2016년 7월 16일 20시,토요일,인천광역시 계양구 작전동,중상사고,0,1,0,0,차대차 - 추돌,안전운전불이행,습기,맑음,교차로 - 교차로부근,승합,남,60세,상해없음,승용,여,49세,중상
2016071600100578,2016년 7월 16일 20시,토요일,인천광역시 계양구 갈현동,부상신고사고,0,0,0,1,차대차 - 기타,안전운전불이행,습기,맑음,교차로 - 교차로부근,승용,여,33세,상해없음,이륜,남,20세,부상신고
2016071600100608,2016년 7월 16일 21시,토요일,인천광역시 남구 용현동,중상사고,0,1,0,0,차대차 - 추돌,안전운전불이행,습기,비,단일로 - 기타,승용,남,32세,상해없음,승용,여,39세,중상
2016071600100644,2016년 7월 16일 22시,토요일,인천광역시 동구 송림동,경상사고,0,0,1,1,차대차 - 측면직각충돌,신호위반,습기,비,교차로 - 교차로안,승용,남,59세,상해없음,기타불명,기타불명,기타불명,기타불명
2016071600100645,2016년 7월 16일 22시,토요일,인천광역시 부평구 부평동,경상사고,0,0,2,0,차대차 - 추돌,안전운전불이행,습기,비,단일로 - 기타,승용,남,38세,상해없음,화물,남,60세,경상
2016071600100646,2016년 7월 16일 22시,토요일,인천광역시 서구 마전동,중상사고,0,1,0,0,차대사람 - 차도통행중,안전운전불이행,습기,비,단일로 - 기타,승용,여,52세,상해없음,보행자,남,45세,중상
2016071700100023,2016년 7월 17일 00시,일요일,인천광역시 계양구 작전동,중상사고,0,2,1,0,차대차 - 정면충돌,안전운전불이행,습기,비,교차로 - 교차로안,승용,남,20세,경상,이륜,남,37세,중상
2016071700100045,2016년 7월 17일 01시,일요일,인천광역시 남동구 만수동,중상사고,0,1,0,0,차량단독 - 공작물충돌,안전운전불이행,습기,비,교차로 - 교차로안,승용,남,60세,상해없음,,,,
2016071700100095,2016년 7월 17일 05시,일요일,인천광역시 계양구 서운동,중상사고,0,2,0,0,차대차 - 측면충돌,신호위반,건조,맑음,교차로 - 교차로안,승용,남,53세,상해없음,승용,남,56세,상해없음
2016071700100107,2016년 7월 17일 06시,일요일,인천광역시 계양구 작전동,경상사고,0,0,1,0,차대차 - 추돌,안전운전불이행,습기,흐림,단일로 - 기타,승용,남,32세,상해없음,승용,남,32세,경상
2016071700100130,2016년 7월 17일 09시,일요일,인천광역시 연수구 송도동,경상사고,0,0,3,0,차대차 - 기타,안전운전불이행,건조,맑음,단일로 - 기타,승용,여,16세,상해없음,승용,여,18세,경상
2016071700100199,2016년 7월 17일 12시,일요일,인천광역시 남구 주안동,경상사고,0,0,1,0,차대사람 - 길가장자리구역통행중,안전운전불이행,건조,맑음,기타 - 기타,승용,남,26세,상해없음,보행자,여,49세,경상
2016071700100257,2016년 7월 17일 14시,일요일,인천광역시 계양구 계산동,경상사고,0,0,1,0,차대사람 - 기타,안전운전불이행,건조,맑음,단일로 - 기타,화물,남,55세,상해없음,보행자,여,66세,경상
2016071700100322,2016년 7월 17일 16시,일요일,인천광역시 중구 운남동,부상신고사고,0,0,0,1,차대차 - 측면충돌,신호위반,건조,맑음,교차로 - 교차로안,승용,여,53세,상해없음,승용,여,51세,부상신고
2016071700100323,2016년 7월 17일 16시,일요일,인천광역시 서구 가좌동,경상사고,0,0,1,0,차대차 - 추돌,안전운전불이행,건조,맑음,단일로 - 기타,승용,남,70세,상해없음,원동기,남,17세,경상
2016071700100324,2016년 7월 17일 16시,일요일,인천광역시 서구 가좌동,경상사고,0,0,1,0,차대차 - 기타,안전운전불이행,건조,맑음,교차로 - 교차로부근,자전거,남,73세,경상,승합,남,55세,상해없음
2016071700100325,2016년 7월 17일 16시,일요일,인천광역시 서구 원당동,경상사고,0,0,3,0,차대차 - 정면충돌,교차로운행방법위반,건조,맑음,교차로 - 교차로안,승용,남,68세,경상,승용,남,37세,경상
2016071700100384,2016년 7월 17일 18시,일요일,인천광역시 서구 연희동,중상사고,0,1,1,0,차대차 - 기타,직진우회전진행방해,건조,맑음,교차로 - 교차로안,승용,남,24세,상해없음,승용,여,56세,중상
2016071700100405,2016년 7월 17일 19시,일요일,인천광역시 남동구 만수동,경상사고,0,0,1,0,차대사람 - 보도통행중,신호위반,건조,맑음,단일로 - 횡단보도상,원동기,남,21세,상해없음,보행자,여,8세,경상
2016071700100434,2016년 7월 17일 20시,일요일,인천광역시 연수구 청학동,중상사고,0,1,1,0,차대사람 - 횡단중,신호위반,건조,맑음,교차로 - 교차로부근,승용,남,70세,상해없음,보행자,여,57세,중상
2016071700100462,2016년 7월 17일 21시,일요일,인천광역시 서구 가정동,경상사고,0,0,1,0,차대차 - 추돌,안전운전불이행,건조,맑음,교차로 - 교차로안,승용,남,60세,상해없음,승용,여,48세,경상
2016071700100483,2016년 7월 17일 22시,일요일,인천광역시 남구 주안동,경상사고,0,0,2,0,차대차 - 추돌,안전운전불이행,기타,맑음,교차로 - 교차로부근,승용,남,25세,상해없음,승용,남,35세,경상
2016071700100504,2016년 7월 17일 23시,일요일,인천광역시 남동구 논현동,경상사고,0,0,1,0,차량단독 - 전도전복,안전운전불이행,건조,맑음,교차로 - 교차로안,이륜,남,52세,경상,,,,
2016071800100009,2016년 7월 18일 00시,월요일,인천광역시 남동구 만수동,경상사고,0,0,2,0,차대차 - 측면직각충돌,신호위반,건조,맑음,교차로 - 교차로안,승용,남,34세,상해없음,승용,여,43세,경상
2016071800100119,2016년 7월 18일 08시,월요일,인천광역시 남구 도화동,경상사고,0,0,3,0,차대차 - 추돌,안전거리미확보,건조,맑음,교차로 - 교차로부근,승용,남,58세,상해없음,승용,남,32세,상해없음
2016071800100158,2016년 7월 18일 09시,월요일,인천광역시 서구 심곡동,경상사고,0,0,1,0,차대사람 - 기타,안전운전불이행,건조,맑음,단일로 - 기타,승용,여,58세,상해없음,보행자,여,55세,경상
2016071800100274,2016년 7월 18일 13시,월요일,인천광역시 남동구 구월동,중상사고,0,1,1,0,차대차 - 측면충돌,중앙선침범,건조,맑음,단일로 - 기타,승용,남,70세,상해없음,승용,남,42세,중상
2016071800100419,2016년 7월 18일 17시,월요일,인천광역시 남구 숭의동,중상사고,0,1,0,0,차대차 - 추돌,안전운전불이행,건조,맑음,교차로 - 교차로부근,자전거,남,70세,중상,승합,남,62세,상해없음
2016071800100469,2016년 7월 18일 18시,월요일,인천광역시 남동구 서창동,경상사고,0,0,1,0,차대차 - 측면직각충돌,안전운전불이행,건조,맑음,단일로 - 기타,승용,남,52세,상해없음,승용,남,32세,경상
2016071800100495,2016년 7월 18일 19시,월요일,인천광역시 남동구 만수동,경상사고,0,0,1,0,차대사람 - 길가장자리구역통행중,안전운전불이행,건조,맑음,교차로 - 교차로부근,이륜,남,17세,상해없음,보행자,여,52세,경상
2016071800100496,2016년 7월 18일 19시,월요일,인천광역시 남동구 만수동,경상사고,0,0,1,0,차대차 - 측면충돌,차로위반,건조,맑음,교차로 - 교차로안,승용,여,49세,기타불명,승용,남,53세,상해없음
2016071800100497,2016년 7월 18일 19시,월요일,인천광역시 서구 가좌동,중상사고,0,1,0,0,차대차 - 기타,신호위반,건조,맑음,교차로 - 교차로안,승용,남,28세,상해없음,자전거,남,51세,중상
2016071800100498,2016년 7월 18일 19시,월요일,인천광역시 서구 가좌동,중상사고,0,1,0,1,차대차 - 추돌,신호위반,건조,맑음,단일로 - 기타,승용,남,28세,부상신고,승용,남,36세,중상
2016071800100576,2016년 7월 18일 22시,월요일,인천광역시 옹진군 백령면,중상사고,0,1,0,0,차대차 - 측면충돌,중앙선침범,건조,맑음,단일로 - 기타,승용,남,58세,상해없음,승용,남,75세,중상
2016071800100577,2016년 7월 18일 22시,월요일,인천광역시 서구 원창동,중상사고,0,1,0,0,차대차 - 추돌,안전운전불이행,건조,맑음,교차로 - 교차로부근,승합,남,51세,상해없음,승용,여,61세,중상
2016071900100015,2016년 7월 19일 00시,화요일,인천광역시 남구 용현동,경상사고,0,0,3,0,차대차 - 측면직각충돌,신호위반,건조,맑음,교차로 - 교차로안,승용,남,59세,경상,승용,남,40세,경상
2016071900100073,2016년 7월 19일 06시,화요일,인천광역시 남구 주안동,경상사고,0,0,1,0,차대차 - 추돌,안전운전불이행,건조,맑음,단일로 - 기타,승용,남,70세,상해없음,승용,남,65세,경상
2016071900100074,2016년 7월 19일 06시,화요일,인천광역시 연수구 연수동,중상사고,0,1,0,0,차대차 - 측면직각충돌,교차로운행방법위반,건조,맑음,교차로 - 교차로안,승용,남,28세,상해없음,원동기,남,46세,중상
2016071900100143,2016년 7월 19일 08시,화요일,인천광역시 남동구 구월동,경상사고,0,0,1,0,차대차 - 측면직각충돌,차로위반,건조,맑음,단일로 - 기타,승용,여,42세,상해없음,승용,남,23세,경상
2016071900100144,2016년 7월 19일 08시,화요일,인천광역시 남동구 만수동,경상사고,0,0,1,0,차대차 - 추돌,안전운전불이행,건조,맑음,단일로 - 기타,승용,여,42세,상해없음,승용,여,36세,경상
2016071900100145,2016년 7월 19일 08시,화요일,인천광역시 계양구 서운동,경상사고,0,0,1,0,차대차 - 측면충돌,안전거리미확보,건조,맑음,단일로 - 기타,승용,남,44세,상해없음,승용,남,34세,경상
2016071900100184,2016년 7월 19일 09시,화요일,인천광역시 남동구 만수동,중상사고,0,2,1,0,차대차 - 정면충돌,안전운전불이행,건조,맑음,단일로 - 기타,승용,남,47세,기타불명,승합,남,62세,경상
2016071900100275,2016년 7월 19일 12시,화요일,인천광역시 중구 전동,경상사고,0,0,1,0,차대사람 - 횡단중,보행자보호의무위반,건조,맑음,교차로 - 교차로부근,이륜,남,63세,상해없음,보행자,여,73세,경상
2016071900100276,2016년 7월 19일 12시,화요일,인천광역시 연수구 옥련동,중상사고,0,1,0,0,차대차 - 정면충돌,안전운전불이행,건조,맑음,교차로 - 교차로안,승용,여,42세,상해없음,이륜,남,27세,중상
2016071900100305,2016년 7월 19일 13시,화요일,인천광역시 서구 가정동,경상사고,0,0,1,0,차대차 - 기타,신호위반,건조,맑음,교차로 - 교차로안,승용,남,32세,상해없음,승용,여,36세,경상
2016071900100341,2016년 7월 19일 14시,화요일,인천광역시 연수구 송도동,중상사고,0,1,0,0,차대차 - 기타,안전운전불이행,건조,맑음,단일로 - 기타,이륜,남,28세,중상,승용,남,52세,상해없음
2016071900100382,2016년 7월 19일 15시,화요일,인천광역시 남동구 서창동,중상사고,0,1,0,0,차대차 - 측면충돌,안전운전불이행,건조,맑음,교차로 - 교차로안,승용,남,56세,상해없음,이륜,남,38세,중상
2016071900100522,2016년 7월 19일 18시,화요일,인천광역시 남구 숭의동,경상사고,0,0,1,0,차대차 - 기타,안전운전불이행,건조,맑음,교차로 - 교차로안,승용,남,32세,상해없음,원동기,남,24세,경상
2016071900100523,2016년 7월 19일 18시,화요일,인천광역시 남구 학익동,중상사고,0,1,0,0,차대사람 - 횡단중,안전운전불이행,건조,맑음,단일로 - 기타,승용,남,56세,상해없음,보행자,남,6세,중상
2016071900100524,2016년 7월 19일 18시,화요일,인천광역시 남동구 논현동,경상사고,0,0,2,0,차대차 - 추돌,안전운전불이행,건조,맑음,교차로 - 교차로안,승용,여,39세,상해없음,승용,여,44세,경상
2016071900100557,2016년 7월 19일 19시,화요일,인천광역시 강화군 내가면,중상사고,0,1,0,0,차량단독 - 전도전복,기타,건조,기타,단일로 - 기타,이륜,남,51세,중상,,,,
2016071900100593,2016년 7월 19일 20시,화요일,인천광역시 서구 당하동,중상사고,0,1,0,0,차대사람 - 횡단중,보행자보호의무위반,건조,맑음,단일로 - 횡단보도상,이륜,남,35세,상해없음,보행자,여,90세 이상,중상
2016071900100594,2016년 7월 19일 20시,화요일,인천광역시 서구 석남동,경상사고,0,0,1,0,차대사람 - 길가장자리구역통행중,안전운전불이행,건조,맑음,기타 - 기타,기타불명,기타불명,기타불명,기타불명,보행자,여,90세 이상,경상
2016071900100595,2016년 7월 19일 20시,화요일,인천광역시 계양구 용종동,경상사고,0,0,1,0,차대차 - 추돌,안전운전불이행,건조,맑음,교차로 - 교차로부근,승용,여,22세,상해없음,승합,남,58세,경상
2016071900100596,2016년 7월 19일 20시,화요일,인천광역시 강화군 화도면,중상사고,0,1,0,0,차대차 - 측면직각충돌,기타,건조,맑음,단일로 - 기타,승용,남,55세,기타불명,기타불명,남,77세,중상
2016071900100631,2016년 7월 19일 21시,화요일,인천광역시 남동구 고잔동,경상사고,0,0,1,0,차대차 - 측면충돌,교차로운행방법위반,건조,맑음,교차로 - 교차로안,화물,남,25세,상해없음,승용,남,53세,경상
2016072000100036,2016년 7월 20일 02시,수요일,인천광역시 서구 심곡동,경상사고,0,0,1,0,차대사람 - 길가장자리구역통행중,안전운전불이행,건조,맑음,교차로 - 교차로안,승용,남,46세,상해없음,보행자,남,22세,경상
2016072000100043,2016년 7월 20일 03시,수요일,인천광역시 계양구 둑실동,중상사고,0,1,0,0,차대차 - 기타,안전운전불이행,건조,맑음,단일로 - 기타,승용,남,18세,상해없음,승용,여,29세,상해없음
2016072000100092,2016년 7월 20일 07시,수요일,인천광역시 남동구 간석동,경상사고,0,0,1,0,차대차 - 측면충돌,안전운전불이행,건조,맑음,교차로 - 교차로안,승용,남,33세,상해없음,승용,여,55세,경상
2016072000100093,2016년 7월 20일 07시,수요일,인천광역시 계양구 효성동,경상사고,0,0,4,0,차대차 - 추돌,안전운전불이행,건조,맑음,단일로 - 기타,승용,남,58세,상해없음,승용,남,40세,경상
2016072000100135,2016년 7월 20일 08시,수요일,인천광역시 연수구 동춘동,경상사고,0,0,1,0,차대차 - 추돌,안전운전불이행,건조,맑음,단일로 - 기타,승용,여,41세,상해없음,승용,남,32세,경상
2016072000100171,2016년 7월 20일 09시,수요일,인천광역시 남동구 구월동,중상사고,0,1,0,0,차대사람 - 길가장자리구역통행중,안전운전불이행,건조,맑음,단일로 - 기타,승용,여,52세,상해없음,보행자,여,43세,중상
2016072000100225,2016년 7월 20일 11시,수요일,인천광역시 중구 중산동,경상사고,0,0,1,0,차대차 - 추돌,안전운전불이행,건조,맑음,교차로 - 교차로부근,승용,남,45세,상해없음,승용,남,27세,경상
2016072000100365,2016년 7월 20일 15시,수요일,인천광역시 중구 운남동,경상사고,0,0,1,0,차대차 - 추돌,안전운전불이행,건조,맑음,단일로 - 기타,승용,남,56세,상해없음,승용,여,64세,경상
2016072000100413,2016년 7월 20일 16시,수요일,인천광역시 부평구 부평동,중상사고,0,1,0,0,차대차 - 측면직각충돌,안전운전불이행,건조,맑음,교차로 - 교차로부근,승용,남,44세,상해없음,자전거,남,59세,중상
2016072000100414,2016년 7월 20일 16시,수요일,인천광역시 계양구 작전동,경상사고,0,0,1,0,차대차 - 측면직각충돌,안전거리미확보,건조,맑음,단일로 - 기타,승용,여,56세,상해없음,이륜,남,28세,경상
2016072000100449,2016년 7월 20일 17시,수요일,인천광역시 계양구 작전동,경상사고,0,0,1,0,차대차 - 측면직각충돌,안전운전불이행,건조,맑음,단일로 - 기타,승용,여,53세,상해없음,승용,여,41세,경상
2016072000100450,2016년 7월 20일 17시,수요일,인천광역시 부평구 갈산동,경상사고,0,0,2,0,차대차 - 측면직각충돌,교차로운행방법위반,건조,맑음,교차로 - 교차로안,승용,남,69세,상해없음,승용,남,31세,경상
2016072000100504,2016년 7월 20일 18시,수요일,인천광역시 남동구 구월동,경상사고,0,0,2,0,차대차 - 측면충돌,안전운전불이행,건조,맑음,교차로 - 교차로안,이륜,남,25세,경상,승용,여,37세,경상
2016072000100505,2016년 7월 20일 18시,수요일,인천광역시 서구 가좌동,경상사고,0,0,2,0,차대차 - 기타,안전운전불이행,건조,맑음,단일로 - 기타,승용,여,50세,상해없음,승용,남,23세,경상
2016072000100506,2016년 7월 20일 18시,수요일,인천광역시 연수구 송도동,경상사고,0,0,1,0,차대차 - 기타,안전운전불이행,건조,맑음,교차로 - 교차로안,승용,여,39세,상해없음,승용,여,50세,경상
2016072000100579,2016년 7월 20일 20시,수요일,인천광역시 계양구 계산동,부상신고사고,0,0,0,1,차대사람 - 횡단중,안전운전불이행,건조,맑음,교차로 - 교차로안,승합,남,58세,상해없음,보행자,남,36세,부상신고
2016072000100612,2016년 7월 20일 21시,수요일,인천광역시 남동구 구월동,부상신고사고,0,0,0,1,차대사람 - 길가장자리구역통행중,안전운전불이행,건조,맑음,단일로 - 기타,승용,남,48세,상해없음,보행자,남,40세,부상신고
2016072000100637,2016년 7월 20일 22시,수요일,인천광역시 남구 용현동,경상사고,0,0,1,0,차대사람 - 횡단중,안전운전불이행,건조,맑음,단일로 - 기타,승합,남,40세,상해없음,보행자,여,50세,경상
2016072100100010,2016년 7월 21일 00시,목요일,인천광역시 남동구 구월동,중상사고,0,1,0,0,차대사람 - 횡단중,과속,건조,맑음,단일로 - 기타,승용,남,56세,상해없음,보행자,남,44세,중상
2016072100100016,2016년 7월 21일 01시,목요일,인천광역시 중구 운북동,경상사고,0,0,1,0,차량단독 - 공작물충돌,안전운전불이행,건조,맑음,교차로 - 교차로부근,승합,남,23세,상해없음,,,,
2016072100100017,2016년 7월 21일 01시,목요일,인천광역시 연수구 송도동,경상사고,0,0,1,0,차대차 - 추돌,안전운전불이행,건조,맑음,단일로 - 기타,승용,남,27세,상해없음,승용,여,24세,경상
2016072100100089,2016년 7월 21일 07시,목요일,인천광역시 남구 주안동,경상사고,0,0,1,0,차대사람 - 횡단중,신호위반,건조,맑음,단일로 - 횡단보도상,기타불명,기타불명,기타불명,기타불명,보행자,여,15세,경상
2016072100100090,2016년 7월 21일 07시,목요일,인천광역시 계양구 효성동,경상사고,0,0,1,0,차대차 - 정면충돌,안전운전불이행,건조,맑음,교차로 - 교차로안,승용,남,51세,상해없음,자전거,남,37세,경상
2016072100100183,2016년 7월 21일 10시,목요일,인천광역시 부평구 십정동,경상사고,0,0,1,0,차대사람 - 기타,안전운전불이행,건조,맑음,단일로 - 기타,승합,남,34세,상해없음,보행자,남,59세,경상
2016072100100184,2016년 7월 21일 10시,목요일,인천광역시 서구 가좌동,경상사고,0,0,1,0,차대차 - 추돌,안전운전불이행,건조,맑음,단일로 - 횡단보도부근,원동기,남,16세,경상,승용,남,62세,상해없음