사고번호,사고일시,요일,시군구,사고내용,사망자수,중상자수,경상자수,부상신고자수,사고유형,법규위반,노면상태,기상상태,도로형태,가해운전자 차종,가해운전자 성별,가해운전자 연령,가해운전자 상해정도,피해운전자 차종,피해운전자 성별,피해운전자 연령,피해운전자 상해정도
2016080100100432,2016년 8월 1일 17시,월요일,인천광역시 계양구 계산동,경상사고,0,0,1,0,차대차 - 측면충돌,안전운전불이행,건조,맑음,단일로 - 기타,승합,남,49세,상해없음,승용,여,49세,경상
2016080100100471,2016년 8월 1일 18시,월요일,인천광역시 남동구 구월동,경상사고,0,0,1,0,차대차 - 추돌,안전운전불이행,건조,맑음,단일로 - 기타,승용,남,66세,상해없음,승용,남,58세,경상
2016080100100472,2016년 8월 1일 18시,월요일,인천광역시 남동구 간석동,경상사고,0,0,3,0,차대차 - 추돌,안전운전불이행,건조,맑음,단일로 - 기타,승용,남,30세,상해없음,승용,남,36세,경상
2016080100100473,2016년 8월 1일 18시,월요일,인천광역시 부평구 구산동,경상사고,0,0,1,0,차대차 - 기타,신호위반,건조,맑음,교차로 - 교차로부근,화물,남,66세,상해없음,이륜,남,24세,경상
2016080200100029,2016년 8월 2일 02시,화요일,인천광역시 남동구 논현동,경상사고,0,0,1,0,차대사람 - 보도통행중,안전운전불이행,건조,맑음,단일로 - 기타,건설기계,남,42세,상해없음,보행자,여,53세,경상
2016080200100104,2016년 8월 2일 08시,화요일,인천광역시 부평구 청천동,중상사고,0,1,0,0,차대사람 - 차도통행중,안전운전불이행,건조,맑음,단일로 - 기타,승용,남,39세,상해없음,보행자,남,47세,중상
2016080200100105,2016년 8월 2일 08시,화요일,인천광역시 계양구 작전동,경상사고,0,0,2,0,차대차 - 측면직각충돌,안전운전불이행,건조,맑음,단일로 - 기타,승용,남,72세,상해없음,화물,남,31세,경상
2016080200100167,2016년 8월 2일 10시,화요일,인천광역시 강화군 내가면,경상사고,0,0,1,0,차대차 - 측면충돌,안전운전불이행,건조,기타,단일로 - 기타,승용,남,63세,상해없음,승용,여,66세,경상
2016080200100220,2016년 8월 2일 12시,화요일,인천광역시 남동구 수산동,경상사고,0,0,1,0,차대차 - 측면직각충돌,교차로운행방법위반,건조,흐림,교차로 - 교차로안,이륜,남,54세,상해없음,승용,여,56세,경상
2016080200100249,2016년 8월 2일 13시,화요일,인천광역시 중구 중산동,중상사고,0,1,0,0,차대차 - 추돌,불법유턴,건조,맑음,교차로 - 교차로부근,원동기,남,79세,중상,승용,남,52세,상해없음
2016080200100250,2016년 8월 2일 13시,화요일,인천광역시 남구 숭의동,경상사고,0,0,1,0,차대차 - 추돌,안전운전불이행,건조,맑음,단일로 - 기타,승용,남,60세,상해없음,승용,남,56세,경상
2016080200100286,2016년 8월 2일 14시,화요일,인천광역시 남구 도화동,경상사고,0,0,1,0,차대사람 - 기타,안전운전불이행,건조,맑음,단일로 - 기타,화물,남,60세,기타불명,보행자,남,25세,경상
2016080200100287,2016년 8월 2일 14시,화요일,인천광역시 서구 경서동,경상사고,0,0,1,0,차대차 - 측면충돌,안전운전불이행,건조,맑음,단일로 - 기타,화물,남,64세,상해없음,승용,남,45세,경상
2016080200100341,2016년 8월 2일 16시,화요일,인천광역시 남동구 고잔동,경상사고,0,0,1,0,차대차 - 기타,기타,건조,맑음,단일로 - 기타,승용,여,45세,상해없음,자전거,남,15세,경상
2016080200100424,2016년 8월 2일 18시,화요일,인천광역시 서구 마전동,경상사고,0,0,1,0,차대차 - 측면충돌,안전운전불이행,건조,맑음,단일로 - 기타,승용,여,63세,상해없음,승용,여,41세,경상
2016080200100455,2016년 8월 2일 19시,화요일,인천광역시 부평구 부평동,경상사고,0,0,1,0,차대차 - 측면직각충돌,안전거리미확보,습기,비,단일로 - 기타,승용,남,36세,상해없음,승용,여,50세,경상
2016080200100513,2016년 8월 2일 21시,화요일,인천광역시 서구 마전동,경상사고,0,0,2,0,차대사람 - 횡단중,신호위반,건조,맑음,단일로 - 횡단보도상,이륜,남,21세,상해없음,보행자,남,41세,경상
2016080300100012,2016년 8월 3일 00시,수요일,인천광역시 남구 관교동,중상사고,0,1,3,0,차대차 - 추돌,안전운전불이행,건조,기타,기타 - 기타,승용,남,25세,상해없음,승용,남,63세,중상
2016080300100024,2016년 8월 3일 01시,수요일,인천광역시 남구 학익동,중상사고,0,1,0,0,차대차 - 추돌,안전운전불이행,건조,맑음,교차로 - 교차로부근,승용,남,35세,상해없음,승용,남,61세,중상
2016080300100025,2016년 8월 3일 01시,수요일,인천광역시 서구 경서동,경상사고,0,0,1,0,차대차 - 추돌,안전운전불이행,건조,맑음,교차로 - 교차로부근,승용,남,29세,상해없음,승용,남,26세,경상
2016080300100055,2016년 8월 3일 04시,수요일,인천광역시 서구 가좌동,경상사고,0,0,1,0,차대차 - 추돌,안전운전불이행,건조,맑음,단일로 - 기타,승용,남,16세,상해없음,승용,남,65세,상해없음
2016080300100068,2016년 8월 3일 06시,수요일,인천광역시 남구 주안동,중상사고,0,1,0,0,차대사람 - 횡단중,안전운전불이행,건조,맑음,교차로 - 교차로부근,승용,남,45세,상해없음,보행자,여,57세,중상
2016080300100092,2016년 8월 3일 07시,수요일,인천광역시 남동구 서창동,경상사고,0,0,1,0,차대차 - 추돌,신호위반,건조,맑음,교차로 - 교차로안,승용,남,35세,상해없음,승용,여,58세,경상
2016080300100127,2016년 8월 3일 08시,수요일,인천광역시 계양구 작전동,경상사고,0,0,1,0,차대차 - 기타,안전운전불이행,건조,맑음,단일로 - 기타,기타불명,기타불명,기타불명,기타불명,자전거,남,18세,경상
2016080300100155,2016년 8월 3일 09시,수요일,인천광역시 남구 용현동,경상사고,0,0,2,0,차대차 - 추돌,안전운전불이행,건조,맑음,단일로 - 기타,승용,남,35세,상해없음,승용,남,49세,경상
2016080300100156,2016년 8월 3일 09시,수요일,인천광역시 부평구 부평동,중상사고,0,1,0,0,차대차 - 측면충돌,신호위반,건조,맑음,단일로 - 횡단보도부근,승합,남,66세,상해없음,자전거,남,33세,중상
2016080300100183,2016년 8월 3일 10시,수요일,인천광역시 부평구 부평동,중상사고,0,1,0,0,차량단독 - 기타,기타,건조,맑음,단일로 - 기타,승합,남,68세,상해없음,,,,
2016080300100205,2016년 8월 3일 11시,수요일,인천광역시 부평구 산곡동,경상사고,0,0,1,0,차대사람 - 기타,안전운전불이행,건조,맑음,단일로 - 기타,승용,여,22세,상해없음,보행자,남,45세,경상
2016080300100282,2016년 8월 3일 13시,수요일,인천광역시 남구 학익동,경상사고,0,0,1,0,차대차 - 측면충돌,안전운전불이행,건조,맑음,교차로 - 교차로안,승용,여,38세,상해없음,승용,여,48세,경상
2016080300100283,2016년 8월 3일 13시,수요일,인천광역시 남구 도화동,경상사고,0,0,1,0,차대차 - 측면충돌,안전운전불이행,건조,맑음,교차로 - 교차로안,이륜,남,58세,경상,승용,남,57세,상해없음
2016080300100354,2016년 8월 3일 15시,수요일,인천광역시 중구 선린동,경상사고,0,0,1,0,차대사람 - 횡단중,안전운전불이행,건조,기타,단일로 - 횡단보도상,승용,남,64세,상해없음,보행자,여,15세,경상
2016080300100355,2016년 8월 3일 15시,수요일,인천광역시 서구 가정동,경상사고,0,0,1,0,차대차 - 기타,안전운전불이행,건조,맑음,단일로 - 기타,화물,남,36세,상해없음,화물,여,52세,경상
2016080300100386,2016년 8월 3일 16시,수요일,인천광역시 남동구 간석동,경상사고,0,0,1,0,차대차 - 측면충돌,신호위반,건조,맑음,단일로 - 횡단보도상,승용,남,69세,상해없음,이륜,남,43세,경상
2016080300100387,2016년 8월 3일 16시,수요일,인천광역시 서구 가좌동,중상사고,0,1,0,0,차량단독 - 기타,안전운전불이행,건조,맑음,단일로 - 기타,승합,남,53세,상해없음,,,,
2016080300100388,2016년 8월 3일 16시,수요일,인천광역시 서구 원창동,경상사고,0,0,1,0,차대차 - 측면직각충돌,안전운전불이행,건조,맑음,단일로 - 기타,승용,남,51세,상해없음,승용,남,30세,경상
2016080300100425,2016년 8월 3일 17시,수요일,인천광역시 서구 경서동,경상사고,0,0,1,0,차대차 - 측면충돌,안전운전불이행,건조,맑음,교차로 - 교차로안,승용,남,74세,상해없음,자전거,남,12세,경상
2016080300100426,2016년 8월 3일 17시,수요일,인천광역시 계양구 효성동,경상사고,0,0,1,0,차대차 - 측면직각충돌,안전운전불이행,건조,맑음,교차로 - 교차로부근,승용,여,48세,상해없음,승합,남,52세,경상
2016080300100489,2016년 8월 3일 19시,수요일,인천광역시 남동구 구월동,경상사고,0,0,1,0,차대차 - 측면직각충돌,안전운전불이행,건조,맑음,단일로 - 기타,승용,남,46세,상해없음,승용,남,36세,경상
2016080300100545,2016년 8월 3일 21시,수요일,인천광역시 계양구 작전동,중상사고,0,1,2,0,차대차 - 측면충돌,신호위반,건조,맑음,교차로 - 교차로안,승용,남,29세,상해없음,화물,남,43세,경상
2016080300100563,2016년 8월 3일 22시,수요일,인천광역시 부평구 갈산동,경상사고,0,0,1,0,차대사람 - 횡단중,신호위반,건조,흐림,단일로 - 횡단보도상,이륜,남,39세,상해없음,보행자,남,17세,경상
2016080400100032,2016년 8월 4일 01시,목요일,인천광역시 남동구 고잔동,경상사고,0,0,1,0,차대차 - 측면충돌,안전거리미확보,건조,맑음,교차로 - 교차로부근,화물,남,30세,상해없음,승용,남,27세,경상
2016080400100033,2016년 8월 4일 01시,목요일,인천광역시 계양구 임학동,중상사고,0,1,0,0,차대사람 - 횡단중,안전운전불이행,건조,맑음,단일로 - 기타,승용,남,52세,상해없음,보행자,남,56세,중상
2016080400100045,2016년 8월 4일 02시,목요일,인천광역시 부평구 부평동,경상사고,0,0,2,0,차대차 - 측면충돌,신호위반,건조,맑음,교차로 - 교차로안,승용,남,57세,상해없음,승용,남,56세,경상
2016080400100046,2016년 8월 4일 02시,목요일,인천광역시 서구 가정동,경상사고,0,0,2,0,차량단독 - 공작물충돌,안전운전불이행,건조,맑음,단일로 - 기타,승용,남,50세,상해없음,,,,
2016080400100063,2016년 8월 4일 05시,목요일,인천광역시 남동구 간석동,경상사고,0,0,2,0,차대차 - 측면충돌,안전운전불이행,건조,맑음,단일로 - 기타,승용,남,47세,상해없음,승용,남,40세,경상
2016080400100211,2016년 8월 4일 11시,목요일,인천광역시 서구 가좌동,경상사고,0,0,1,0,차대사람 - 길가장자리구역통행중,안전운전불이행,건조,맑음,단일로 - 기타,승용,남,34세,상해없음,보행자,남,58세,경상
2016080400100212,2016년 8월 4일 11시,목요일,인천광역시 계양구 작전동,중상사고,0,1,0,0,차대차 - 측면충돌,안전운전불이행,건조,맑음,교차로 - 교차로부근,화물,남,36세,기타불명,자전거,남,87세,중상
2016080400100246,2016년 8월 4일 12시,목요일,인천광역시 남구 주안동,경상사고,0,0,1,0,차대사람 - 기타,안전운전불이행,건조,맑음,단일로 - 기타,승합,남,56세,상해없음,보행자,여,60세,경상
2016080400100277,2016년 8월 4일 13시,목요일,인천광역시 서구 가좌동,경상사고,0,0,1,0,차대차 - 기타,신호위반,건조,맑음,교차로 - 교차로안,승용,남,60세,상해없음,승용,여,42세,경상
2016080400100278,2016년 8월 4일 13시,목요일,인천광역시 서구 연희동,경상사고,0,0,1,0,차대차 - 측면충돌,안전운전불이행,건조,맑음,교차로 - 교차로부근,승합,남,61세,상해없음,승용,남,57세,경상
2016080400100310,2016년 8월 4일 14시,목요일,인천광역시 강화군 불은면,중상사고,0,1,2,0,차대차 - 추돌,안전운전불이행,건조,맑음,단일로 - 기타,승용,남,27세,상해없음,승용,남,43세,경상
2016080400100366,2016년 8월 4일 16시,목요일,인천광역시 남구 도화동,경상사고,0,0,1,0,차대차 - 추돌,안전운전불이행,건조,맑음,단일로 - 기타,승용,남,66세,상해없음,승용,여,36세,경상
2016080400100367,2016년 8월 4일 16시,목요일,인천광역시 서구 당하동,경상사고,0,0,1,0,차대차 - 기타,안전운전불이행,건조,맑음,교차로 - 교차로부근,승용,여,56세,상해없음,승용,남,69세,경상
2016080400100368,2016년 8월 4일 16시,목요일,인천광역시 서구 신현동,경상사고,0,0,1,0,차대사람 - 횡단중,기타,건조,맑음,단일로 - 기타,이륜,남,57세,상해없음,보행자,여,4세,경상
2016080400100411,2016년 8월 4일 17시,목요일,인천광역시 연수구 송도동,중상사고,0,3,0,0,차대차 - 기타,교차로운행방법위반,건조,맑음,교차로 - 교차로안,승용,남,73세,중상,승용,남,19세,중상
2016080400100446,2016년 8월 4일 18시,목요일,인천광역시 부평구 십정동,경상사고,0,0,2,0,차대차 - 측면직각충돌,차로위반,건조,맑음,단일로 - 기타,승용,남,59세,상해없음,승용,남,30세,경상
2016080400100447,2016년 8월 4일 18시,목요일,인천광역시 남동구 도림동,중상사고,0,1,0,0,차대사람 - 횡단중,보행자보호의무위반,건조,맑음,단일로 - 횡단보도상,승용,여,42세,상해없음,보행자,여,74세,중상
2016080400100448,2016년 8월 4일 18시,목요일,인천광역시 계양구 계산동,경상사고,0,0,1,0,차대차 - 기타,중앙선침범,건조,맑음,단일로 - 기타,승용,여,40세,상해없음,이륜,남,48세,경상
2016080400100449,2016년 8월 4일 18시,목요일,인천광역시 부평구 부개동,경상사고,0,0,1,0,차대차 - 추돌,안전운전불이행,건조,맑음,교차로 - 교차로안,이륜,남,34세,상해없음,승용,남,28세,경상
2016080400100471,2016년 8월 4일 19시,목요일,인천광역시 남동구 구월동,중상사고,0,1,0,0,차대차 - 추돌,안전운전불이행,건조,맑음,단일로 - 기타,이륜,남,17세,중상,승용,여,49세,상해없음
2016080400100527,2016년 8월 4일 21시,목요일,인천광역시 중구 운서동,중상사고,0,2,0,0,차대차 - 측면충돌,신호위반,건조,맑음,교차로 - 교차로안,승합,남,61세,상해없음,승용,남,37세,중상
2016080400100528,2016년 8월 4일 21시,목요일,인천광역시 서구 경서동,경상사고,0,0,1,0,차대차 - 기타,안전운전불이행,건조,맑음,단일로 - 기타,자전거,남,44세,경상,승합,남,54세,상해없음
2016080400100552,2016년 8월 4일 22시,목요일,인천광역시 서구 연희동,경상사고,0,0,1,0,차대차 - 측면충돌,안전운전불이행,건조,맑음,단일로 - 기타,승용,여,48세,상해없음,승용,남,26세,경상
2016080500100013,2016년 8월 5일 00시,금요일,인천광역시 남구 숭의동,경상사고,0,0,5,0,차대차 - 추돌,안전운전불이행,건조,맑음,단일로 - 횡단보도부근,승용,남,60세,상해없음,승용,남,47세,경상
2016080500100014,2016년 8월 5일 00시,금요일,인천광역시 남구 주안동,부상신고사고,0,0,0,3,차대차 - 기타,안전운전불이행,건조,흐림,단일로 - 기타,기타불명,기타불명,기타불명,기타불명,승용,여,18세,상해없음
2016080500100015,2016년 8월 5일 00시,금요일,인천광역시 남동구 구월동,경상사고,0,0,1,0,차대차 - 측면직각충돌,안전운전불이행,건조,맑음,교차로 - 교차로부근,승용,여,37세,상해없음,승용,남,61세,경상
2016080500100044,2016년 8월 5일 02시,금요일,인천광역시 남동구 구월동,경상사고,0,0,2,0,차대차 - 기타,교차로운행방법위반,건조,맑음,교차로 - 교차로안,이륜,남,43세,상해없음,승용,남,57세,상해없음
2016080500100059,2016년 8월 5일 04시,금요일,인천광역시 남동구 남촌동,경상사고,0,0,2,0,차대사람 - 기타,안전운전불이행,건조,맑음,단일로 - 기타,승용,남,57세,상해없음,보행자,남,21세,경상
2016080500100102,2016년 8월 5일 07시,금요일,인천광역시 남구 주안동,경상사고,0,0,1,0,차대차 - 추돌,안전운전불이행,건조,맑음,교차로 - 교차로안,화물,남,58세,상해없음,승용,남,39세,경상
2016080500100129,2016년 8월 5일 08시,금요일,인천광역시 남동구 간석동,중상사고,0,1,0,0,차대차 - 측면직각충돌,교차로운행방법위반,건조,맑음,교차로 - 교차로안,이륜,남,44세,중상,승용,여,41세,상해없음
2016080500100130,2016년 8월 5일 08시,금요일,인천광역시 강화군 길상면,중상사고,0,1,0,0,차대차 - 정면충돌,안전운전불이행,건조,맑음,단일로 - 기타,승용,남,69세,상해없음,승용,여,45세,중상
2016080500100148,2016년 8월 5일 09시,금요일,인천광역시 중구 항동7가,중상사고,0,1,0,0,차대사람 - 횡단중,신호위반,건조,맑음,교차로 - 교차로부근,건설기계,남,69세,상해없음,보행자,남,59세,중상
2016080500100149,2016년 8월 5일 09시,금요일,인천광역시 남구 주안동,경상사고,0,0,1,0,차대사람 - 횡단중,안전운전불이행,건조,맑음,교차로 - 교차로부근,승용,남,33세,상해없음,보행자,남,71세,경상
2016080500100150,2016년 8월 5일 09시,금요일,인천광역시 남구 주안동,경상사고,0,0,1,0,차대차 - 측면직각충돌,안전운전불이행,건조,맑음,단일로 - 기타,승용,여,33세,상해없음,승용,남,24세,경상
2016080500100187,2016년 8월 5일 10시,금요일,인천광역시 연수구 옥련동,중상사고,0,1,0,0,차대사람 - 기타,기타,건조,맑음,단일로 - 기타,승합,남,50세,상해없음,보행자,남,43세,중상
2016080500100253,2016년 8월 5일 12시,금요일,인천광역시 부평구 산곡동,경상사고,0,0,1,0,차대차 - 기타,안전운전불이행,건조,맑음,교차로 - 교차로부근,승용,여,51세,상해없음,승용,여,42세,경상
2016080500100254,2016년 8월 5일 12시,금요일,인천광역시 연수구 선학동,경상사고,0,0,2,0,차대차 - 추돌,안전운전불이행,건조,맑음,단일로 - 기타,승용,남,39세,상해없음,승용,남,51세,경상
2016080500100276,2016년 8월 5일 13시,금요일,인천광역시 연수구 송도동,경상사고,0,0,2,0,차대차 - 추돌,안전거리미확보,건조,맑음,교차로 - 교차로안,승용,남,60세,상해없음,승용,여,33세,경상
2016080500100416,2016년 8월 5일 17시,금요일,인천광역시 서구 마전동,경상사고,0,0,2,0,차대차 - 측면직각충돌,안전운전불이행,건조,흐림,교차로 - 교차로부근,승용,남,28세,상해없음,승용,남,40세,경상
2016080500100460,2016년 8월 5일 18시,금요일,인천광역시 남구 도화동,경상사고,0,0,1,0,차대차 - 기타,안전운전불이행,건조,맑음,단일로 - 기타,승용,남,25세,상해없음,승용,남,35세,경상
2016080500100498,2016년 8월 5일 19시,금요일,인천광역시 남구 도화동,경상사고,0,0,1,0,차대차 - 추돌,안전운전불이행,건조,맑음,단일로 - 기타,승용,남,63세,상해없음,승용,남,35세,경상
2016080500100499,2016년 8월 5일 19시,금요일,인천광역시 계양구 계산동,경상사고,0,0,1,0,차대사람 - 횡단중,안전운전불이행,건조,맑음,단일로 - 기타,승용,남,57세,기타불명,보행자,여,22세,경상
2016080500100527,2016년 8월 5일 20시,금요일,인천광역시 중구 운서동,경상사고,0,0,2,0,차대차 - 측면충돌,직진우회전진행방해,건조,맑음,교차로 - 교차로안,화물,남,49세,상해없음,승용,남,58세,경상
2016080500100528,2016년 8월 5일 20시,금요일,인천광역시 남동구 논현동,경상사고,0,0,1,0,차대차 - 기타,안전운전불이행,건조,맑음,단일로 - 횡단보도부근,승용,여,46세,상해없음,승합,남,54세,경상
2016080500100529,2016년 8월 5일 20시,금요일,인천광역시 서구 가정동,중상사고,0,1,0,0,차대사람 - 횡단중,신호위반,건조,맑음,교차로 - 교차로안,이륜,남,36세,상해없음,보행자,여,53세,중상
2016080500100559,2016년 8월 5일 21시,금요일,인천광역시 서구 백석동,경상사고,0,0,1,0,차대차 - 기타,안전운전불이행,건조,맑음,교차로 - 교차로안,화물,남,58세,상해없음,승용,남,59세,경상
2016080500100560,2016년 8월 5일 21시,금요일,인천광역시 계양구 용종동,경상사고,0,0,1,0,차대차 - 추돌,안전거리미확보,건조,맑음,단일로 - 기타,화물,남,56세,상해없음,승용,남,49세,경상
2016080600100021,2016년 8월 6일 00시,토요일,인천광역시 남동구 구월동,경상사고,0,0,7,0,차대차 - 추돌,안전운전불이행,건조,맑음,단일로 - 기타,승용,남,22세,상해없음,승용,남,59세,경상
2016080600100033,2016년 8월 6일 01시,토요일,인천광역시 남동구 구월동,중상사고,0,2,1,0,차대차 - 정면충돌,신호위반,건조,맑음,교차로 - 교차로안,승용,남,66세,상해없음,승용,남,60세,중상
2016080600100058,2016년 8월 6일 03시,토요일,인천광역시 부평구 산곡동,부상신고사고,0,0,0,1,차대차 - 기타,신호위반,건조,맑음,교차로 - 교차로안,원동기,남,24세,상해없음,승용,남,23세,상해없음
2016080600100090,2016년 8월 6일 06시,토요일,인천광역시 남구 주안동,경상사고,0,0,2,0,차대차 - 기타,중앙선침범,건조,맑음,교차로 - 교차로안,승용,남,21세,상해없음,승용,남,60세,경상
2016080600100100,2016년 8월 6일 07시,토요일,인천광역시 서구 가좌동,경상사고,0,0,1,0,차대차 - 측면충돌,신호위반,건조,맑음,교차로 - 교차로안,승용,여,56세,상해없음,승합,남,39세,경상
2016080600100134,2016년 8월 6일 09시,토요일,인천광역시 남구 숭의동,중상사고,0,2,0,0,차대차 - 측면충돌,신호위반,건조,맑음,단일로 - 기타,승용,남,66세,상해없음,이륜,남,24세,중상
2016080600100135,2016년 8월 6일 09시,토요일,인천광역시 서구 왕길동,중상사고,0,1,1,0,차대차 - 측면충돌,중앙선침범,건조,맑음,단일로 - 기타,승용,여,57세,상해없음,승용,남,46세,경상
2016080600100203,2016년 8월 6일 11시,토요일,인천광역시 남동구 논현동,부상신고사고,0,0,0,1,차대사람 - 보도통행중,안전운전불이행,건조,맑음,단일로 - 기타,자전거,기타불명,기타불명,기타불명,보행자,여,50세,부상신고
2016080600100204,2016년 8월 6일 11시,토요일,인천광역시 서구 마전동,경상사고,0,0,1,0,차대사람 - 횡단중,보행자보호의무위반,건조,맑음,단일로 - 횡단보도상,승합,남,54세,상해없음,보행자,여,47세,경상
2016080600100236,2016년 8월 6일 12시,토요일,인천광역시 동구 송림동,중상사고,0,1,2,0,차대차 - 기타,안전운전불이행,건조,맑음,단일로 - 기타,승용,남,50세,상해없음,승용,남,33세,경상
2016080600100237,2016년 8월 6일 12시,토요일,인천광역시 부평구 갈산동,중상사고,0,1,1,0,차대차 - 추돌,보행자보호의무위반,건조,맑음,단일로 - 횡단보도상,화물,남,62세,상해없음,승용,남,34세,중상
2016080600100270,2016년 8월 6일 13시,토요일,인천광역시 부평구 청천동,경상사고,0,0,1,0,차대차 - 기타,중앙선침범,건조,맑음,단일로 - 기타,화물,남,24세,상해없음,이륜,남,34세,경상
2016080600100271,2016년 8월 6일 13시,토요일,인천광역시 연수구 연수동,중상사고,0,1,0,0,차대사람 - 기타,보행자보호의무위반,건조,맑음,단일로 - 기타,승용,여,47세,상해없음,보행자,여,66세,중상
2016080600100304,2016년 8월 6일 14시,토요일,인천광역시 계양구 작전동,경상사고,0,0,2,0,차대차 - 정면충돌,안전운전불이행,건조,맑음,미분류 - 미분류,승용,남,43세,상해없음,화물,남,25세,경상
2016080600100366,2016년 8월 6일 16시,토요일,인천광역시 남구 관교동,경상사고,0,0,2,0,차대차 - 측면직각충돌,안전운전불이행,건조,맑음,교차로 - 교차로부근,승용,여,40세,상해없음,승용,남,44세,상해없음
2016080600100419,2016년 8월 6일 18시,토요일,인천광역시 남동구 간석동,경상사고,0,0,1,0,차대차 - 추돌,안전운전불이행,건조,맑음,단일로 - 기타,승용,남,56세,상해없음,승용,남,37세,경상
2016080600100420,2016년 8월 6일 18시,토요일,인천광역시 남동구 장수동,경상사고,0,0,2,0,차대차 - 기타,차로위반,건조,맑음,미분류 - 미분류,승용,여,44세,기타불명,승용,여,36세,경상
2016080600100421,2016년 8월 6일 18시,토요일,인천광역시 서구 경서동,경상사고,0,0,1,0,차대차 - 기타,신호위반,건조,맑음,교차로 - 교차로안,승용,남,48세,상해없음,자전거,남,10세,경상
2016080600100480,2016년 8월 6일 20시,토요일,인천광역시 중구 운서동,중상사고,0,1,1,0,차대차 - 정면충돌,교차로운행방법위반,건조,맑음,교차로 - 교차로안,승용,남,26세,경상,승용,남,53세,중상
2016080600100481,2016년 8월 6일 20시,토요일,인천광역시 강화군 강화읍,경상사고,0,0,2,0,차대차 - 측면충돌,안전운전불이행,건조,맑음,단일로 - 기타,승용,남,32세,상해없음,승용,남,56세,경상
2016080600100514,2016년 8월 6일 21시,토요일,인천광역시 남구 관교동,경상사고,0,0,2,0,차대차 - 측면직각충돌,안전운전불이행,건조,맑음,교차로 - 교차로안,승용,남,31세,상해없음,승용,남,59세,경상
2016080600100538,2016년 8월 6일 22시,토요일,인천광역시 옹진군 북도면,경상사고,0,0,1,0,차대사람 - 기타,안전운전불이행,건조,맑음,단일로 - 기타,화물,남,57세,상해없음,보행자,남,22세,경상
2016080600100539,2016년 8월 6일 22시,토요일,인천광역시 남구 도화동,경상사고,0,0,1,0,차대사람 - 횡단중,보행자보호의무위반,건조,맑음,단일로 - 횡단보도상,승용,남,55세,기타불명,보행자,남,22세,경상
2016080600100540,2016년 8월 6일 22시,토요일,인천광역시 남구 관교동,경상사고,0,0,2,0,차대차 - 추돌,안전운전불이행,건조,맑음,기타 - 기타,승용,남,63세,상해없음,승용,남,32세,경상
2016080700100062,2016년 8월 7일 05시,일요일,인천광역시 남구 주안동,경상사고,0,0,1,0,차대사람 - 차도통행중,안전운전불이행,건조,맑음,단일로 - 기타,승용,남,70세,상해없음,보행자,남,25세,경상
2016080700100068,2016년 8월 7일 06시,일요일,인천광역시 동구 금곡동,사망사고,1,0,0,0,차량단독 - 전도전복,안전운전불이행,건조,맑음,단일로 - 기타,이륜,남,18세,사망,,,,
2016080700100069,2016년 8월 7일 06시,일요일,인천광역시 남동구 남촌동,경상사고,0,0,1,0,차대차 - 추돌,안전운전불이행,건조,맑음,기타 - 기타,승용,여,58세,상해없음,승용,남,61세,상해없음
2016080700100082,2016년 8월 7일 07시,일요일,인천광역시 서구 왕길동,경상사고,0,0,1,0,차대차 - 기타,안전운전불이행,건조,맑음,교차로 - 교차로부근,승용,여,26세,상해없음,승용,남,63세,경상
2016080700100091,2016년 8월 7일 08시,일요일,인천광역시 중구 운서동,중상사고,0,1,0,0,차대차 - 측면충돌,안전운전불이행,건조,맑음,단일로 - 기타,승용,남,73세,상해없음,자전거,남,51세,중상
2016080700100126,2016년 8월 7일 10시,일요일,인천광역시 서구 연희동,중상사고,0,1,2,0,차대차 - 측면충돌,신호위반,건조,맑음,교차로 - 교차로안,승용,여,59세,중상,승용,남,43세,경상
2016080700100127,2016년 8월 7일 10시,일요일,인천광역시 부평구 일신동,경상사고,0,0,1,0,차대차 - 추돌,안전운전불이행,건조,맑음,기타 - 기타,승용,여,48세,상해없음,자전거,여,62세,경상
2016080700100142,2016년 8월 7일 11시,일요일,인천광역시 중구 중산동,경상사고,0,0,1,0,차대차 - 측면직각충돌,교차로운행방법위반,건조,맑음,교차로 - 교차로안,승합,남,45세,상해없음,승용,여,28세,경상
2016080700100143,2016년 8월 7일 11시,일요일,인천광역시 서구 가정동,중상사고,0,1,0,0,차대차 - 측면충돌,안전운전불이행,건조,맑음,교차로 - 교차로부근,기타불명,기타불명,기타불명,기타불명,자전거,남,82세,중상
2016080700100162,2016년 8월 7일 12시,일요일,인천광역시 남동구 간석동,경상사고,0,0,1,0,차대사람 - 기타,안전운전불이행,건조,맑음,단일로 - 기타,승용,남,28세,상해없음,보행자,남,51세,경상
2016080700100189,2016년 8월 7일 13시,일요일,인천광역시 남동구 구월동,중상사고,0,1,1,0,차대차 - 측면충돌,안전거리미확보,건조,맑음,단일로 - 기타,승용,남,24세,상해없음,승용,여,60세,경상
2016080700100190,2016년 8월 7일 13시,일요일,인천광역시 연수구 송도동,중상사고,0,1,0,0,차대차 - 측면충돌,신호위반,건조,맑음,교차로 - 교차로안,승용,남,36세,상해없음,이륜,남,24세,중상
2016080700100238,2016년 8월 7일 15시,일요일,인천광역시 남동구 구월동,중상사고,0,2,4,0,차대차 - 측면충돌,교차로운행방법위반,건조,맑음,교차로 - 교차로안,승용,남,65세,경상,승용,남,43세,중상
2016080700100262,2016년 8월 7일 16시,일요일,인천광역시 강화군 양도면,중상사고,0,1,0,0,차대차 - 기타,안전운전불이행,건조,기타,단일로 - 기타,이륜,남,30세,중상,승용,남,27세,상해없음
2016080700100319,2016년 8월 7일 18시,일요일,인천광역시 중구 전동,중상사고,0,1,0,0,차대차 - 기타,안전운전불이행,건조,맑음,교차로 - 교차로부근,승용,남,22세,상해없음,이륜,남,72세,중상