사고번호,사고일시,요일,시군구,사고내용,사망자수,중상자수,경상자수,부상신고자수,사고유형,법규위반,노면상태,기상상태,도로형태,가해운전자 차종,가해운전자 성별,가해운전자 연령,가해운전자 상해정도,피해운전자 차종,피해운전자 성별,피해운전자 연령,피해운전자 상해정도
2016080700100358,2016년 8월 7일 20시,일요일,인천광역시 서구 원창동,중상사고,0,2,1,0,차대차 - 정면충돌,중앙선침범,건조,맑음,단일로 - 기타,승용,남,47세,상해없음,승용,남,35세,경상
2016080700100391,2016년 8월 7일 22시,일요일,인천광역시 남구 숭의동,경상사고,0,0,1,0,차대차 - 추돌,안전운전불이행,건조,맑음,단일로 - 기타,승용,남,59세,상해없음,승용,남,33세,경상
2016080700100392,2016년 8월 7일 22시,일요일,인천광역시 부평구 갈산동,경상사고,0,0,1,0,차대차 - 정면충돌,신호위반,건조,맑음,교차로 - 교차로안,승용,남,46세,상해없음,승용,남,54세,경상
2016080700100393,2016년 8월 7일 22시,일요일,인천광역시 강화군 화도면,중상사고,0,1,0,0,차대차 - 측면충돌,중앙선침범,건조,맑음,단일로 - 기타,승용,남,43세,상해없음,원동기,남,20세,중상
2016080700100402,2016년 8월 7일 23시,일요일,인천광역시 중구 남북동,경상사고,0,0,1,0,차량단독 - 공작물충돌,안전운전불이행,건조,맑음,교차로 - 교차로안,승용,남,20세,상해없음,,,,
2016080800100011,2016년 8월 8일 00시,월요일,인천광역시 계양구 장기동,경상사고,0,0,1,0,차량단독 - 전도전복,안전운전불이행,건조,맑음,단일로 - 기타,승합,여,46세,상해없음,,,,
2016080800100026,2016년 8월 8일 03시,월요일,인천광역시 남동구 만수동,경상사고,0,0,1,0,차대차 - 추돌,중앙선침범,건조,맑음,단일로 - 기타,승용,남,42세,상해없음,화물,남,46세,경상
2016080800100035,2016년 8월 8일 04시,월요일,인천광역시 서구 심곡동,경상사고,0,0,1,0,차대차 - 정면충돌,안전운전불이행,건조,맑음,단일로 - 기타,승용,남,21세,상해없음,승용,남,51세,경상
2016080800100042,2016년 8월 8일 05시,월요일,인천광역시 부평구 청천동,중상사고,0,1,0,0,차대차 - 추돌,안전운전불이행,건조,맑음,교차로 - 교차로부근,화물,남,56세,상해없음,화물,남,63세,중상
2016080800100072,2016년 8월 8일 07시,월요일,인천광역시 중구 운남동,경상사고,0,0,3,0,차대차 - 측면충돌,신호위반,건조,맑음,교차로 - 교차로안,승용,남,42세,경상,승용,남,60세,경상
2016080800100108,2016년 8월 8일 08시,월요일,인천광역시 남구 주안동,중상사고,0,2,0,0,차대차 - 추돌,안전거리미확보,건조,맑음,교차로 - 교차로부근,승용,여,44세,상해없음,승용,남,20세,중상
2016080800100109,2016년 8월 8일 08시,월요일,인천광역시 서구 석남동,중상사고,0,1,0,0,차대사람 - 기타,안전운전불이행,건조,맑음,단일로 - 기타,승합,남,33세,상해없음,보행자,남,18세,중상
2016080800100148,2016년 8월 8일 09시,월요일,인천광역시 서구 가좌동,경상사고,0,0,2,0,차대차 - 측면직각충돌,안전운전불이행,건조,맑음,교차로 - 교차로안,승합,여,51세,상해없음,승용,남,66세,경상
2016080800100187,2016년 8월 8일 10시,월요일,인천광역시 부평구 부평동,경상사고,0,0,1,0,차대차 - 측면직각충돌,안전운전불이행,건조,맑음,단일로 - 기타,승용,여,48세,상해없음,승용,여,61세,경상
2016080800100188,2016년 8월 8일 10시,월요일,인천광역시 계양구 갈현동,경상사고,0,0,1,0,차대차 - 측면직각충돌,안전운전불이행,건조,맑음,교차로 - 교차로부근,화물,남,31세,상해없음,승용,여,46세,경상
2016080800100227,2016년 8월 8일 11시,월요일,인천광역시 강화군 교동면,경상사고,0,0,3,0,차대차 - 기타,중앙선침범,건조,맑음,교차로 - 교차로안,이륜,남,75세,상해없음,승용,여,47세,경상
2016080800100294,2016년 8월 8일 13시,월요일,인천광역시 남동구 장수동,경상사고,0,0,1,0,차대차 - 측면충돌,신호위반,건조,맑음,교차로 - 교차로안,승용,남,59세,상해없음,승용,여,51세,상해없음
2016080800100295,2016년 8월 8일 13시,월요일,인천광역시 서구 가정동,중상사고,0,4,6,1,차대차 - 측면충돌,신호위반,건조,맑음,교차로 - 교차로안,승용,남,55세,경상,승합,남,60세,상해없음
2016080800100323,2016년 8월 8일 14시,월요일,인천광역시 부평구 부평동,경상사고,0,0,1,0,차대차 - 기타,안전운전불이행,건조,맑음,단일로 - 기타,승용,여,37세,상해없음,승용,남,50세,상해없음
2016080800100324,2016년 8월 8일 14시,월요일,인천광역시 계양구 용종동,경상사고,0,0,2,0,차대차 - 정면충돌,안전운전불이행,건조,맑음,교차로 - 교차로부근,화물,남,54세,상해없음,승용,남,52세,경상
2016080800100325,2016년 8월 8일 14시,월요일,인천광역시 연수구 송도동,중상사고,0,1,0,0,차대차 - 추돌,안전거리미확보,건조,맑음,단일로 - 기타,승용,남,34세,상해없음,이륜,남,56세,중상
2016080800100409,2016년 8월 8일 16시,월요일,인천광역시 남동구 간석동,경상사고,0,0,1,0,차대사람 - 길가장자리구역통행중,안전운전불이행,건조,맑음,단일로 - 기타,승용,남,24세,기타불명,보행자,남,53세,경상
2016080800100410,2016년 8월 8일 16시,월요일,인천광역시 서구 석남동,사망사고,1,0,0,0,차대차 - 기타,안전거리미확보,건조,맑음,단일로 - 기타,건설기계,남,58세,상해없음,원동기,남,59세,사망
2016080800100441,2016년 8월 8일 17시,월요일,인천광역시 부평구 갈산동,경상사고,0,0,2,0,차대차 - 추돌,안전운전불이행,건조,맑음,단일로 - 기타,승용,남,28세,경상,화물,여,42세,상해없음
2016080800100482,2016년 8월 8일 18시,월요일,인천광역시 남구 관교동,경상사고,0,0,2,0,차대차 - 측면직각충돌,안전운전불이행,건조,맑음,교차로 - 교차로부근,승용,남,53세,상해없음,승용,남,29세,경상
2016080800100483,2016년 8월 8일 18시,월요일,인천광역시 남구 학익동,경상사고,0,0,2,0,차대차 - 기타,안전운전불이행,건조,맑음,단일로 - 기타,승용,여,44세,상해없음,승용,남,58세,경상
2016080800100484,2016년 8월 8일 18시,월요일,인천광역시 남동구 장수동,경상사고,0,0,1,0,차대차 - 측면직각충돌,안전거리미확보,건조,맑음,단일로 - 기타,특수,남,39세,상해없음,승용,남,61세,경상
2016080800100517,2016년 8월 8일 19시,월요일,인천광역시 동구 송현동,경상사고,0,0,3,0,차대차 - 측면직각충돌,신호위반,건조,기타,교차로 - 교차로안,이륜,남,23세,상해없음,승용,남,63세,경상
2016080800100518,2016년 8월 8일 19시,월요일,인천광역시 남동구 논현동,경상사고,0,0,6,0,차대차 - 추돌,안전운전불이행,건조,맑음,단일로 - 기타,승용,남,57세,상해없음,승용,여,41세,경상
2016080800100519,2016년 8월 8일 19시,월요일,인천광역시 남동구 논현동,경상사고,0,0,4,0,차대차 - 추돌,차로위반,건조,맑음,단일로 - 기타,승용,남,26세,경상,승용,남,59세,상해없음
2016080800100538,2016년 8월 8일 20시,월요일,인천광역시 동구 화평동,경상사고,0,0,1,0,차대차 - 측면직각충돌,중앙선침범,건조,맑음,단일로 - 기타,이륜,남,16세,상해없음,승용,남,32세,상해없음
2016080800100582,2016년 8월 8일 22시,월요일,인천광역시 연수구 동춘동,중상사고,0,1,0,0,차대사람 - 보도통행중,신호위반,건조,맑음,교차로 - 교차로안,승합,남,55세,상해없음,보행자,남,54세,중상
2016080900100020,2016년 8월 9일 00시,화요일,인천광역시 남구 도화동,경상사고,0,0,1,0,차대사람 - 횡단중,신호위반,건조,맑음,교차로 - 교차로안,승용,남,38세,상해없음,보행자,남,56세,경상
2016080900100037,2016년 8월 9일 02시,화요일,인천광역시 남구 주안동,중상사고,0,1,0,0,차대사람 - 횡단중,안전운전불이행,건조,맑음,교차로 - 교차로부근,승용,남,60세,상해없음,보행자,남,50세,중상
2016080900100051,2016년 8월 9일 04시,화요일,인천광역시 중구 운서동,경상사고,0,0,1,0,차대차 - 추돌,안전운전불이행,건조,맑음,단일로 - 기타,승용,남,61세,상해없음,승용,남,26세,경상
2016080900100052,2016년 8월 9일 04시,화요일,인천광역시 서구 경서동,중상사고,0,1,0,0,차량단독 - 기타,안전운전불이행,건조,맑음,교차로 - 교차로부근,기타불명,기타불명,기타불명,기타불명,,,,
2016080900100053,2016년 8월 9일 04시,화요일,인천광역시 계양구 방축동,중상사고,0,1,0,0,차량단독 - 공작물충돌,안전운전불이행,건조,맑음,단일로 - 기타,이륜,남,16세,상해없음,,,,
2016080900100134,2016년 8월 9일 08시,화요일,인천광역시 계양구 효성동,경상사고,0,0,1,0,차대차 - 추돌,안전운전불이행,건조,맑음,교차로 - 교차로부근,승용,남,28세,상해없음,승용,남,59세,경상
2016080900100162,2016년 8월 9일 09시,화요일,인천광역시 부평구 삼산동,경상사고,0,0,1,0,차대차 - 측면직각충돌,교차로운행방법위반,건조,맑음,교차로 - 교차로안,승용,여,41세,상해없음,승용,남,36세,경상
2016080900100411,2016년 8월 9일 17시,화요일,인천광역시 남구 문학동,중상사고,0,1,0,0,차대사람 - 횡단중,안전운전불이행,건조,맑음,단일로 - 횡단보도상,승용,남,57세,상해없음,보행자,여,5세,중상
2016080900100445,2016년 8월 9일 18시,화요일,인천광역시 남구 용현동,경상사고,0,0,1,0,차대차 - 측면직각충돌,안전운전불이행,건조,맑음,단일로 - 기타,승용,남,19세,기타불명,승용,여,26세,경상
2016080900100446,2016년 8월 9일 18시,화요일,인천광역시 남동구 만수동,경상사고,0,0,2,0,차대차 - 정면충돌,안전운전불이행,건조,맑음,교차로 - 교차로부근,승용,남,68세,상해없음,승용,남,23세,경상
2016080900100478,2016년 8월 9일 19시,화요일,인천광역시 남동구 구월동,경상사고,0,0,1,0,차대차 - 추돌,안전운전불이행,건조,맑음,단일로 - 기타,승용,남,64세,상해없음,승용,남,31세,경상
2016080900100511,2016년 8월 9일 20시,화요일,인천광역시 남동구 구월동,경상사고,0,0,1,0,차대차 - 추돌,안전운전불이행,건조,맑음,교차로 - 교차로안,승용,여,29세,상해없음,승용,남,23세,경상
2016080900100512,2016년 8월 9일 20시,화요일,인천광역시 계양구 계산동,중상사고,0,1,0,0,차대사람 - 기타,안전운전불이행,건조,맑음,단일로 - 기타,승용,여,47세,상해없음,보행자,남,34세,중상
2016081000100018,2016년 8월 10일 00시,수요일,인천광역시 남동구 만수동,경상사고,0,0,1,0,차대차 - 추돌,안전운전불이행,건조,맑음,단일로 - 기타,기타불명,기타불명,기타불명,기타불명,화물,남,47세,경상
2016081000100019,2016년 8월 10일 00시,수요일,인천광역시 연수구 선학동,부상신고사고,0,0,0,1,차량단독 - 공작물충돌,안전운전불이행,건조,맑음,단일로 - 기타,승용,남,31세,부상신고,,,,
2016081000100031,2016년 8월 10일 01시,수요일,인천광역시 남구 도화동,경상사고,0,0,3,0,차대차 - 추돌,안전운전불이행,건조,맑음,교차로 - 교차로부근,승용,남,36세,상해없음,승용,남,40세,경상
2016081000100054,2016년 8월 10일 04시,수요일,인천광역시 부평구 부평동,경상사고,0,0,1,0,차대사람 - 차도통행중,신호위반,건조,맑음,교차로 - 교차로안,승용,남,23세,상해없음,보행자,남,27세,경상
2016081000100086,2016년 8월 10일 06시,수요일,인천광역시 남구 주안동,경상사고,0,0,1,0,차대차 - 측면직각충돌,안전운전불이행,건조,맑음,단일로 - 기타,승용,남,57세,상해없음,이륜,남,28세,경상
2016081000100106,2016년 8월 10일 07시,수요일,인천광역시 서구 불로동,중상사고,0,1,0,0,차량단독 - 기타,안전운전불이행,건조,맑음,교차로 - 교차로부근,승합,남,66세,상해없음,,,,
2016081000100107,2016년 8월 10일 07시,수요일,인천광역시 계양구 동양동,경상사고,0,0,1,0,차대차 - 측면충돌,안전운전불이행,건조,맑음,교차로 - 교차로안,승용,여,24세,상해없음,승용,남,56세,경상
2016081000100142,2016년 8월 10일 08시,수요일,인천광역시 중구 신흥동2가,경상사고,0,0,1,0,차대차 - 측면직각충돌,신호위반,건조,맑음,교차로 - 교차로안,승용,여,25세,상해없음,승용,여,63세,경상
2016081000100143,2016년 8월 10일 08시,수요일,인천광역시 서구 마전동,경상사고,0,0,1,0,차대사람 - 기타,기타,건조,맑음,교차로 - 교차로부근,승합,남,40세,상해없음,보행자,여,57세,경상
2016081000100198,2016년 8월 10일 10시,수요일,인천광역시 서구 공촌동,중상사고,0,1,1,0,차대차 - 측면충돌,신호위반,건조,맑음,교차로 - 교차로안,승용,여,53세,상해없음,승용,여,29세,경상
2016081000100225,2016년 8월 10일 11시,수요일,인천광역시 남구 주안동,중상사고,0,1,0,0,차대차 - 측면직각충돌,신호위반,건조,맑음,단일로 - 횡단보도상,승용,여,52세,상해없음,자전거,여,61세,중상
2016081000100226,2016년 8월 10일 11시,수요일,인천광역시 서구 가좌동,경상사고,0,0,1,0,차대사람 - 횡단중,안전운전불이행,건조,맑음,교차로 - 교차로부근,승용,남,34세,상해없음,보행자,남,32세,경상
2016081000100253,2016년 8월 10일 12시,수요일,인천광역시 남동구 만수동,중상사고,0,1,0,0,차대사람 - 횡단중,보행자보호의무위반,건조,맑음,단일로 - 횡단보도상,승용,남,49세,상해없음,보행자,여,63세,중상
2016081000100254,2016년 8월 10일 12시,수요일,인천광역시 서구 경서동,경상사고,0,0,2,0,차대차 - 추돌,안전운전불이행,건조,맑음,단일로 - 기타,승용,여,43세,경상,화물,남,45세,경상
2016081000100285,2016년 8월 10일 13시,수요일,인천광역시 중구 운서동,경상사고,0,0,1,0,차대차 - 기타,안전운전불이행,건조,맑음,교차로 - 교차로안,화물,남,63세,경상,건설기계,남,76세,상해없음
2016081000100286,2016년 8월 10일 13시,수요일,인천광역시 남구 도화동,경상사고,0,0,1,1,차대차 - 측면직각충돌,불법유턴,건조,맑음,교차로 - 교차로안,승용,남,51세,상해없음,승용,여,28세,부상신고
2016081000100287,2016년 8월 10일 13시,수요일,인천광역시 남동구 구월동,중상사고,0,1,1,0,차대차 - 측면충돌,안전운전불이행,건조,맑음,교차로 - 교차로안,승용,여,41세,기타불명,승용,남,34세,중상
2016081000100322,2016년 8월 10일 14시,수요일,인천광역시 남동구 논현동,경상사고,0,0,4,0,차대차 - 추돌,안전운전불이행,건조,맑음,단일로 - 기타,승용,여,40세,상해없음,승용,남,19세,경상
2016081000100323,2016년 8월 10일 14시,수요일,인천광역시 서구 마전동,중상사고,0,1,0,0,차대사람 - 횡단중,안전운전불이행,건조,맑음,단일로 - 횡단보도부근,승용,여,50세,상해없음,보행자,여,78세,중상
2016081000100324,2016년 8월 10일 14시,수요일,인천광역시 서구 가좌동,중상사고,0,2,0,0,차대차 - 기타,안전운전불이행,건조,맑음,교차로 - 교차로부근,화물,남,49세,상해없음,승용,남,36세,중상
2016081000100325,2016년 8월 10일 14시,수요일,인천광역시 부평구 갈산동,중상사고,0,1,1,0,차대차 - 측면직각충돌,신호위반,건조,맑음,교차로 - 교차로안,승합,남,35세,상해없음,승용,여,43세,경상
2016081000100353,2016년 8월 10일 15시,수요일,인천광역시 남동구 논현동,부상신고사고,0,0,0,1,차대차 - 측면충돌,안전운전불이행,건조,맑음,교차로 - 교차로안,승용,남,47세,부상신고,승합,남,71세,상해없음
2016081000100441,2016년 8월 10일 17시,수요일,인천광역시 서구 경서동,중상사고,0,2,11,0,차대차 - 추돌,안전운전불이행,건조,맑음,단일로 - 기타,승용,남,65세,상해없음,승합,남,70세,중상
2016081000100553,2016년 8월 10일 20시,수요일,인천광역시 부평구 산곡동,중상사고,0,2,2,0,차대차 - 기타,차로위반,건조,맑음,단일로 - 기타,화물,남,50세,기타불명,승용,남,71세,중상
2016081000100554,2016년 8월 10일 20시,수요일,인천광역시 남동구 수산동,경상사고,0,0,1,0,차대차 - 측면충돌,신호위반,건조,맑음,교차로 - 교차로안,승용,여,53세,상해없음,승용,남,41세,경상
2016081000100583,2016년 8월 10일 21시,수요일,인천광역시 계양구 효성동,중상사고,0,2,0,0,차대차 - 측면직각충돌,신호위반,건조,맑음,교차로 - 교차로안,승용,남,35세,중상,승합,남,42세,중상
2016081000100603,2016년 8월 10일 22시,수요일,인천광역시 남동구 만수동,경상사고,0,0,1,0,차량단독 - 기타,안전운전불이행,건조,맑음,단일로 - 기타,승용,남,53세,기타불명,,,,
2016081100100018,2016년 8월 11일 00시,목요일,인천광역시 남동구 구월동,경상사고,0,0,1,0,차대차 - 기타,신호위반,건조,맑음,교차로 - 교차로부근,승용,남,53세,상해없음,이륜,남,20세,경상
2016081100100025,2016년 8월 11일 01시,목요일,인천광역시 중구 신흥동3가,경상사고,0,0,1,0,차대차 - 정면충돌,신호위반,건조,맑음,교차로 - 교차로안,승용,남,30세,상해없음,승용,남,52세,경상
2016081100100038,2016년 8월 11일 03시,목요일,인천광역시 연수구 송도동,중상사고,0,1,0,0,차대차 - 측면직각충돌,신호위반,건조,맑음,교차로 - 교차로안,이륜,남,17세,상해없음,승용,남,36세,상해없음
2016081100100064,2016년 8월 11일 06시,목요일,인천광역시 남동구 논현동,중상사고,0,1,0,0,차대차 - 측면직각충돌,신호위반,건조,맑음,교차로 - 교차로안,특수,남,24세,상해없음,화물,남,60세,중상
2016081100100065,2016년 8월 11일 06시,목요일,인천광역시 연수구 옥련동,중상사고,0,1,0,0,차대차 - 측면직각충돌,신호위반,건조,맑음,단일로 - 횡단보도상,화물,남,57세,상해없음,자전거,여,21세,중상
2016081100100124,2016년 8월 11일 08시,목요일,인천광역시 남구 숭의동,경상사고,0,0,1,0,차대차 - 기타,안전운전불이행,건조,맑음,단일로 - 기타,승용,남,65세,상해없음,승합,남,48세,상해없음
2016081100100125,2016년 8월 11일 08시,목요일,인천광역시 계양구 계산동,중상사고,0,1,1,0,차대차 - 기타,신호위반,건조,맑음,교차로 - 교차로안,승용,남,23세,경상,승용,남,69세,중상
2016081100100126,2016년 8월 11일 08시,목요일,인천광역시 계양구 작전동,중상사고,0,1,0,0,차대차 - 측면직각충돌,안전운전불이행,건조,맑음,단일로 - 기타,화물,남,59세,상해없음,자전거,여,56세,중상
2016081100100180,2016년 8월 11일 10시,목요일,인천광역시 서구 석남동,중상사고,0,1,0,1,차대차 - 기타,신호위반,건조,맑음,교차로 - 교차로부근,승용,남,55세,상해없음,승용,남,33세,중상
2016081100100182,2016년 8월 11일 10시,목요일,인천광역시 남동구 서창동,중상사고,0,1,0,0,차대차 - 추돌,안전거리미확보,건조,맑음,단일로 - 교량,화물,남,51세,상해없음,승용,남,50세,중상
2016081100100204,2016년 8월 11일 11시,목요일,인천광역시 남구 학익동,중상사고,0,1,0,0,차대차 - 추돌,신호위반,건조,맑음,교차로 - 교차로부근,승용,여,23세,상해없음,승용,여,43세,중상
2016081100100205,2016년 8월 11일 11시,목요일,인천광역시 부평구 갈산동,경상사고,0,0,1,0,차대차 - 측면직각충돌,안전거리미확보,건조,맑음,단일로 - 기타,승용,여,43세,상해없음,승용,남,37세,경상
2016081100100277,2016년 8월 11일 13시,목요일,인천광역시 남구 용현동,경상사고,0,0,2,0,차대차 - 기타,안전운전불이행,건조,맑음,기타 - 기타,승용,남,44세,상해없음,승용,여,33세,경상
2016081100100278,2016년 8월 11일 13시,목요일,인천광역시 남동구 남촌동,중상사고,0,1,1,0,차대차 - 측면충돌,안전운전불이행,건조,맑음,단일로 - 기타,승용,여,49세,상해없음,승용,남,69세,경상
2016081100100307,2016년 8월 11일 14시,목요일,인천광역시 남구 주안동,경상사고,0,0,3,0,차대차 - 추돌,안전운전불이행,건조,맑음,기타 - 기타,승용,남,18세,상해없음,승용,여,30세,경상
2016081100100308,2016년 8월 11일 14시,목요일,인천광역시 남동구 논현동,경상사고,0,0,1,0,차대차 - 측면충돌,신호위반,건조,맑음,교차로 - 교차로안,승합,남,59세,상해없음,이륜,남,27세,경상
2016081100100309,2016년 8월 11일 14시,목요일,인천광역시 서구 심곡동,경상사고,0,0,1,0,차대사람 - 길가장자리구역통행중,안전운전불이행,건조,맑음,단일로 - 기타,승용,여,53세,상해없음,보행자,여,24세,경상
2016081100100332,2016년 8월 11일 15시,목요일,인천광역시 남구 숭의동,경상사고,0,0,1,0,차대차 - 측면직각충돌,안전운전불이행,건조,맑음,교차로 - 교차로부근,승용,남,61세,상해없음,승용,여,31세,경상
2016081100100364,2016년 8월 11일 16시,목요일,인천광역시 부평구 부평동,경상사고,0,0,1,0,차대사람 - 길가장자리구역통행중,안전운전불이행,건조,맑음,단일로 - 기타,승용,여,36세,상해없음,보행자,남,41세,경상
2016081100100365,2016년 8월 11일 16시,목요일,인천광역시 서구 가정동,경상사고,0,0,1,0,차대차 - 추돌,안전운전불이행,건조,맑음,교차로 - 교차로부근,이륜,남,46세,경상,승용,남,61세,상해없음
2016081100100366,2016년 8월 11일 16시,목요일,인천광역시 서구 공촌동,경상사고,0,0,2,0,차대차 - 기타,안전운전불이행,건조,맑음,교차로 - 교차로안,이륜,남,36세,경상,승합,남,25세,경상
2016081100100367,2016년 8월 11일 16시,목요일,인천광역시 연수구 연수동,중상사고,0,2,0,0,차대차 - 정면충돌,중앙선침범,건조,맑음,단일로 - 기타,승용,남,25세,상해없음,승용,남,42세,중상
2016081100100418,2016년 8월 11일 17시,목요일,인천광역시 부평구 부평동,경상사고,0,0,1,0,차대차 - 기타,차로위반,건조,맑음,단일로 - 기타,화물,남,26세,상해없음,승용,남,38세,경상
2016081100100419,2016년 8월 11일 17시,목요일,인천광역시 남동구 간석동,경상사고,0,0,1,0,차대차 - 추돌,안전운전불이행,건조,맑음,교차로 - 교차로부근,승용,남,66세,상해없음,승용,남,51세,경상
2016081100100540,2016년 8월 11일 21시,목요일,인천광역시 부평구 청천동,경상사고,0,0,6,0,차대차 - 측면충돌,안전거리미확보,건조,맑음,단일로 - 기타,승용,남,53세,상해없음,승용,남,20세,경상
2016081100100541,2016년 8월 11일 21시,목요일,인천광역시 남동구 논현동,중상사고,0,1,0,0,차대차 - 기타,안전운전불이행,건조,맑음,기타 - 기타,승용,남,51세,상해없음,승용,여,23세,중상
2016081100100562,2016년 8월 11일 22시,목요일,인천광역시 남동구 간석동,경상사고,0,0,1,0,차대사람 - 길가장자리구역통행중,안전운전불이행,건조,맑음,단일로 - 기타,승용,여,17세,상해없음,보행자,여,58세,경상
2016081100100582,2016년 8월 11일 23시,목요일,인천광역시 연수구 연수동,경상사고,0,0,1,0,차대사람 - 길가장자리구역통행중,안전운전불이행,건조,맑음,단일로 - 기타,승용,여,23세,상해없음,보행자,여,38세,경상
2016081200100016,2016년 8월 12일 00시,금요일,인천광역시 계양구 계산동,사망사고,1,0,0,0,차대사람 - 횡단중,안전운전불이행,건조,맑음,단일로 - 기타,승합,남,67세,상해없음,보행자,남,31세,사망
2016081200100017,2016년 8월 12일 00시,금요일,인천광역시 계양구 계산동,경상사고,0,0,1,0,차대사람 - 횡단중,안전운전불이행,건조,맑음,교차로 - 교차로부근,승용,남,54세,상해없음,보행자,남,17세,경상
2016081200100051,2016년 8월 12일 04시,금요일,인천광역시 남동구 구월동,중상사고,0,1,0,0,차대차 - 추돌,신호위반,건조,맑음,교차로 - 교차로안,승용,여,54세,상해없음,이륜,남,34세,중상
2016081200100152,2016년 8월 12일 09시,금요일,인천광역시 남동구 구월동,중상사고,0,1,0,0,차대차 - 측면충돌,신호위반,건조,맑음,교차로 - 교차로안,승용,남,66세,상해없음,승용,여,40세,중상
2016081200100153,2016년 8월 12일 09시,금요일,인천광역시 서구 검암동,경상사고,0,0,1,0,차대차 - 추돌,안전운전불이행,건조,맑음,교차로 - 교차로안,승용,남,27세,상해없음,승용,남,29세,경상
2016081200100154,2016년 8월 12일 09시,금요일,인천광역시 연수구 옥련동,경상사고,0,0,1,0,차대사람 - 횡단중,신호위반,건조,맑음,단일로 - 횡단보도상,승용,여,48세,상해없음,보행자,여,41세,경상
2016081200100202,2016년 8월 12일 10시,금요일,인천광역시 남동구 만수동,경상사고,0,0,1,0,차대사람 - 차도통행중,보행자보호의무위반,건조,맑음,교차로 - 교차로안,승용,남,35세,상해없음,보행자,여,5세,경상
2016081200100203,2016년 8월 12일 10시,금요일,인천광역시 남동구 구월동,중상사고,0,1,0,0,차대사람 - 길가장자리구역통행중,안전운전불이행,건조,맑음,단일로 - 기타,화물,남,46세,상해없음,보행자,여,79세,중상
2016081200100226,2016년 8월 12일 11시,금요일,인천광역시 부평구 부평동,중상사고,0,1,0,0,차대사람 - 횡단중,신호위반,건조,맑음,교차로 - 교차로부근,원동기,남,19세,상해없음,보행자,여,28세,중상
2016081200100261,2016년 8월 12일 12시,금요일,인천광역시 중구 운서동,중상사고,0,2,0,0,차대차 - 측면직각충돌,교차로운행방법위반,건조,맑음,교차로 - 교차로안,승용,남,23세,상해없음,승용,남,50세,중상
2016081200100262,2016년 8월 12일 12시,금요일,인천광역시 남구 문학동,경상사고,0,0,1,0,차대차 - 기타,안전운전불이행,건조,맑음,교차로 - 교차로안,승용,남,66세,상해없음,승용,남,47세,경상
2016081200100263,2016년 8월 12일 12시,금요일,인천광역시 서구 심곡동,경상사고,0,0,3,0,차대차 - 기타,안전운전불이행,건조,맑음,교차로 - 교차로안,승용,남,15세,상해없음,승용,남,47세,경상
2016081200100264,2016년 8월 12일 12시,금요일,인천광역시 연수구 송도동,중상사고,0,1,2,0,차대차 - 정면충돌,신호위반,건조,맑음,교차로 - 교차로안,승용,여,28세,상해없음,승용,남,61세,경상
2016081200100299,2016년 8월 12일 13시,금요일,인천광역시 서구 석남동,경상사고,0,0,1,0,차대사람 - 길가장자리구역통행중,안전운전불이행,건조,맑음,단일로 - 기타,승용,남,57세,기타불명,보행자,남,26세,경상
2016081200100357,2016년 8월 12일 15시,금요일,인천광역시 부평구 부평동,경상사고,0,0,2,0,차대차 - 측면직각충돌,안전거리미확보,건조,맑음,단일로 - 기타,승합,남,64세,상해없음,승용,남,24세,경상
2016081200100358,2016년 8월 12일 15시,금요일,인천광역시 서구 가정동,중상사고,0,2,2,0,차대차 - 추돌,안전운전불이행,건조,맑음,교차로 - 교차로부근,승용,남,48세,상해없음,승용,남,58세,중상
2016081200100391,2016년 8월 12일 16시,금요일,인천광역시 부평구 부평동,경상사고,0,0,2,0,차대차 - 추돌,안전운전불이행,건조,맑음,단일로 - 기타,승용,남,28세,상해없음,승용,남,25세,상해없음
2016081200100392,2016년 8월 12일 16시,금요일,인천광역시 서구 경서동,경상사고,0,0,1,0,차대차 - 추돌,안전운전불이행,건조,맑음,교차로 - 교차로부근,승용,남,66세,상해없음,승용,남,64세,경상
2016081200100393,2016년 8월 12일 16시,금요일,인천광역시 강화군 불은면,경상사고,0,0,1,0,차대차 - 정면충돌,중앙선침범,건조,맑음,단일로 - 기타,승용,남,27세,상해없음,승합,남,63세,상해없음
2016081200100441,2016년 8월 12일 17시,금요일,인천광역시 부평구 삼산동,경상사고,0,0,3,0,차대차 - 추돌,안전거리미확보,건조,맑음,교차로 - 교차로안,승합,남,68세,상해없음,승용,남,24세,경상
2016081200100442,2016년 8월 12일 17시,금요일,인천광역시 부평구 부개동,경상사고,0,0,2,0,차대차 - 측면직각충돌,차로위반,건조,맑음,단일로 - 기타,승합,남,60세,기타불명,승용,남,60세,경상
2016081200100490,2016년 8월 12일 18시,금요일,인천광역시 남동구 간석동,경상사고,0,0,1,0,차대차 - 측면직각충돌,안전운전불이행,건조,맑음,단일로 - 기타,승용,남,43세,상해없음,이륜,여,48세,경상
2016081200100491,2016년 8월 12일 18시,금요일,인천광역시 계양구 서운동,부상신고사고,0,0,0,1,차대사람 - 횡단중,안전운전불이행,건조,맑음,단일로 - 기타,자전거,남,23세,상해없음,보행자,남,73세,부상신고
2016081200100536,2016년 8월 12일 19시,금요일,인천광역시 남동구 간석동,부상신고사고,0,0,0,1,차대차 - 기타,안전거리미확보,건조,맑음,단일로 - 기타,이륜,남,28세,부상신고,승용,남,35세,상해없음