사고번호,사고일시,요일,시군구,사고내용,사망자수,중상자수,경상자수,부상신고자수,사고유형,법규위반,노면상태,기상상태,도로형태,가해운전자 차종,가해운전자 성별,가해운전자 연령,가해운전자 상해정도,피해운전자 차종,피해운전자 성별,피해운전자 연령,피해운전자 상해정도
2016081200100620,2016년 8월 12일 21시,금요일,인천광역시 동구 송림동,중상사고,0,1,0,0,차대사람 - 횡단중,안전운전불이행,건조,맑음,단일로 - 기타,승용,남,64세,상해없음,보행자,남,57세,중상
2016081200100621,2016년 8월 12일 21시,금요일,인천광역시 남구 용현동,중상사고,0,1,0,0,차대사람 - 횡단중,보행자보호의무위반,건조,맑음,교차로 - 교차로안,화물,남,42세,상해없음,보행자,여,45세,중상
2016081200100655,2016년 8월 12일 22시,금요일,인천광역시 남구 주안동,중상사고,0,1,0,0,차대사람 - 길가장자리구역통행중,안전운전불이행,건조,흐림,교차로 - 교차로안,승용,남,29세,상해없음,보행자,여,71세,중상
2016081200100656,2016년 8월 12일 22시,금요일,인천광역시 계양구 계산동,경상사고,0,0,1,0,차대차 - 기타,안전운전불이행,건조,맑음,단일로 - 기타,화물,남,24세,상해없음,이륜,남,18세,경상
2016081200100678,2016년 8월 12일 23시,금요일,인천광역시 계양구 계산동,경상사고,0,0,2,0,차대차 - 측면직각충돌,안전운전불이행,건조,맑음,교차로 - 교차로안,승용,남,29세,상해없음,승용,여,45세,경상
2016081300100016,2016년 8월 13일 00시,토요일,인천광역시 부평구 부개동,경상사고,0,0,1,0,차대차 - 기타,교차로운행방법위반,건조,맑음,교차로 - 교차로안,승용,남,19세,상해없음,화물,남,47세,경상
2016081300100017,2016년 8월 13일 00시,토요일,인천광역시 계양구 효성동,경상사고,0,0,1,0,차대사람 - 횡단중,안전운전불이행,건조,맑음,단일로 - 기타,승용,남,19세,상해없음,보행자,남,52세,경상
2016081300100018,2016년 8월 13일 00시,토요일,인천광역시 계양구 임학동,경상사고,0,0,1,0,차대사람 - 보도통행중,보행자보호의무위반,건조,맑음,단일로 - 횡단보도상,승용,남,59세,상해없음,보행자,남,27세,경상
2016081300100053,2016년 8월 13일 02시,토요일,인천광역시 서구 연희동,경상사고,0,0,6,0,차대차 - 기타,안전운전불이행,건조,맑음,단일로 - 기타,승용,남,34세,상해없음,승용,여,46세,경상
2016081300100090,2016년 8월 13일 05시,토요일,인천광역시 서구 왕길동,사망사고,1,0,0,0,차대사람 - 횡단중,안전운전불이행,건조,맑음,단일로 - 기타,승용,여,55세,상해없음,보행자,여,84세,사망
2016081300100103,2016년 8월 13일 06시,토요일,인천광역시 계양구 작전동,중상사고,0,1,1,0,차대차 - 기타,중앙선침범,건조,맑음,단일로 - 기타,승용,남,31세,상해없음,승용,남,64세,중상
2016081300100154,2016년 8월 13일 08시,토요일,인천광역시 중구 중산동,경상사고,0,0,3,0,차대차 - 추돌,안전운전불이행,건조,맑음,교차로 - 교차로부근,승용,남,46세,상해없음,화물,남,32세,경상
2016081300100155,2016년 8월 13일 08시,토요일,인천광역시 남동구 수산동,중상사고,0,1,1,0,차대차 - 기타,신호위반,건조,맑음,교차로 - 교차로안,승용,여,38세,경상,승용,남,52세,중상
2016081300100252,2016년 8월 13일 11시,토요일,인천광역시 남동구 논현동,경상사고,0,0,1,0,차대차 - 측면충돌,신호위반,건조,맑음,교차로 - 교차로안,승용,남,38세,상해없음,승용,여,56세,경상
2016081300100281,2016년 8월 13일 12시,토요일,인천광역시 중구 항동7가,경상사고,0,0,1,0,차대차 - 기타,안전운전불이행,건조,맑음,단일로 - 기타,화물,남,50세,상해없음,승용,남,58세,경상
2016081300100320,2016년 8월 13일 13시,토요일,인천광역시 계양구 계산동,경상사고,0,0,1,0,차대사람 - 횡단중,안전운전불이행,건조,맑음,단일로 - 기타,화물,남,44세,상해없음,보행자,남,27세,경상
2016081300100358,2016년 8월 13일 14시,토요일,인천광역시 남동구 만수동,경상사고,0,0,1,0,차대차 - 추돌,안전운전불이행,건조,맑음,단일로 - 기타,승용,남,58세,상해없음,승용,여,40세,경상
2016081300100359,2016년 8월 13일 14시,토요일,인천광역시 계양구 갈현동,중상사고,0,1,0,0,차대차 - 측면직각충돌,안전운전불이행,건조,맑음,교차로 - 교차로안,승용,남,50세,상해없음,승용,남,43세,상해없음
2016081300100390,2016년 8월 13일 15시,토요일,인천광역시 남동구 구월동,경상사고,0,0,1,0,차대사람 - 횡단중,안전운전불이행,건조,맑음,단일로 - 기타,승용,여,47세,상해없음,보행자,여,58세,경상
2016081300100470,2016년 8월 13일 17시,토요일,인천광역시 동구 송림동,경상사고,0,0,1,0,차대차 - 기타,안전운전불이행,건조,맑음,교차로 - 교차로안,기타불명,기타불명,기타불명,기타불명,이륜,남,28세,경상
2016081300100471,2016년 8월 13일 17시,토요일,인천광역시 중구 운남동,경상사고,0,0,1,0,차대차 - 정면충돌,안전운전불이행,건조,맑음,단일로 - 기타,승용,남,42세,상해없음,승용,남,35세,상해없음
2016081300100539,2016년 8월 13일 19시,토요일,인천광역시 서구 연희동,경상사고,0,0,1,0,차대차 - 기타,중앙선침범,건조,맑음,단일로 - 기타,승용,남,28세,상해없음,승용,여,27세,상해없음
2016081300100576,2016년 8월 13일 20시,토요일,인천광역시 연수구 청학동,중상사고,0,5,0,0,차대차 - 기타,신호위반,건조,맑음,교차로 - 교차로안,이륜,남,28세,중상,승용,여,47세,중상
2016081300100670,2016년 8월 13일 23시,토요일,인천광역시 중구 운북동,경상사고,0,0,3,0,차대차 - 측면직각충돌,신호위반,건조,맑음,교차로 - 교차로안,승용,남,26세,상해없음,승용,여,23세,경상
2016081300100671,2016년 8월 13일 23시,토요일,인천광역시 부평구 부평동,경상사고,0,0,1,0,차대사람 - 길가장자리구역통행중,안전운전불이행,건조,맑음,교차로 - 교차로부근,승용,남,56세,상해없음,보행자,남,49세,경상
2016081400100066,2016년 8월 14일 04시,일요일,인천광역시 연수구 연수동,경상사고,0,0,2,0,차대차 - 측면직각충돌,안전운전불이행,건조,맑음,교차로 - 교차로안,승용,남,23세,상해없음,승용,여,50세,경상
2016081400100076,2016년 8월 14일 05시,일요일,인천광역시 서구 석남동,경상사고,0,0,1,0,차대사람 - 길가장자리구역통행중,안전운전불이행,건조,맑음,단일로 - 기타,승용,남,25세,상해없음,보행자,남,37세,경상
2016081400100088,2016년 8월 14일 06시,일요일,인천광역시 남동구 간석동,경상사고,0,0,3,0,차대차 - 측면충돌,안전거리미확보,건조,맑음,단일로 - 기타,승용,남,63세,상해없음,승용,남,56세,상해없음
2016081400100180,2016년 8월 14일 11시,일요일,인천광역시 남구 도화동,중상사고,0,1,4,0,차대차 - 측면직각충돌,차로위반,건조,맑음,교차로 - 교차로부근,승용,남,21세,상해없음,승용,남,49세,경상
2016081400100218,2016년 8월 14일 13시,일요일,인천광역시 부평구 십정동,부상신고사고,0,0,0,1,차대차 - 추돌,안전운전불이행,건조,맑음,교차로 - 교차로부근,기타불명,기타불명,기타불명,기타불명,승용,여,49세,부상신고
2016081400100247,2016년 8월 14일 14시,일요일,인천광역시 남동구 만수동,경상사고,0,0,1,0,차대사람 - 횡단중,안전운전불이행,건조,맑음,단일로 - 기타,원동기,남,20세,상해없음,보행자,남,47세,경상
2016081400100278,2016년 8월 14일 15시,일요일,인천광역시 강화군 길상면,경상사고,0,0,3,0,차대차 - 정면충돌,불법유턴,건조,맑음,단일로 - 기타,승용,남,53세,상해없음,승용,남,24세,경상
2016081400100455,2016년 8월 14일 21시,일요일,인천광역시 서구 당하동,부상신고사고,0,0,0,1,차대사람 - 기타,안전운전불이행,건조,맑음,단일로 - 기타,승용,남,34세,상해없음,보행자,여,61세,부상신고
2016081400100478,2016년 8월 14일 22시,일요일,인천광역시 남구 숭의동,중상사고,0,1,0,0,차대사람 - 차도통행중,안전운전불이행,건조,맑음,교차로 - 교차로부근,승용,남,42세,상해없음,보행자,여,44세,중상
2016081400100494,2016년 8월 14일 23시,일요일,인천광역시 서구 심곡동,중상사고,0,1,0,0,차대사람 - 기타,안전운전불이행,건조,맑음,단일로 - 기타,승용,남,35세,상해없음,보행자,남,28세,중상
2016081500100015,2016년 8월 15일 00시,월요일,인천광역시 부평구 부평동,중상사고,0,1,0,0,차대차 - 기타,안전운전불이행,건조,맑음,교차로 - 교차로안,승용,여,22세,상해없음,이륜,남,37세,중상
2016081500100043,2016년 8월 15일 04시,월요일,인천광역시 남구 학익동,경상사고,0,0,2,0,차대차 - 추돌,안전운전불이행,건조,맑음,교차로 - 교차로부근,승합,남,29세,경상,승합,남,45세,경상
2016081500100114,2016년 8월 15일 09시,월요일,인천광역시 중구 운서동,중상사고,0,1,1,0,차대차 - 기타,안전운전불이행,건조,맑음,단일로 - 기타,승용,남,31세,경상,화물,남,52세,상해없음
2016081500100115,2016년 8월 15일 09시,월요일,인천광역시 남구 도화동,경상사고,0,0,1,0,차대사람 - 횡단중,신호위반,건조,맑음,교차로 - 교차로부근,승용,여,47세,상해없음,보행자,남,25세,경상
2016081500100116,2016년 8월 15일 09시,월요일,인천광역시 남구 주안동,경상사고,0,0,1,0,차대차 - 추돌,안전운전불이행,건조,맑음,단일로 - 기타,승용,남,21세,상해없음,화물,남,42세,경상
2016081500100117,2016년 8월 15일 09시,월요일,인천광역시 남동구 구월동,경상사고,0,0,1,0,차대사람 - 기타,안전운전불이행,건조,맑음,단일로 - 기타,승용,여,62세,상해없음,보행자,여,67세,경상
2016081500100118,2016년 8월 15일 09시,월요일,인천광역시 남동구 간석동,경상사고,0,0,1,0,차대차 - 추돌,안전운전불이행,건조,맑음,단일로 - 기타,승용,여,34세,상해없음,승합,남,45세,경상
2016081500100119,2016년 8월 15일 09시,월요일,인천광역시 연수구 송도동,중상사고,0,1,0,0,차량단독 - 기타,기타,건조,맑음,기타 - 기타,자전거,여,65세,중상,,,,
2016081500100135,2016년 8월 15일 10시,월요일,인천광역시 서구 마전동,경상사고,0,0,1,0,차대차 - 기타,안전운전불이행,건조,맑음,교차로 - 교차로부근,승용,여,52세,상해없음,승용,남,36세,경상
2016081500100206,2016년 8월 15일 13시,월요일,인천광역시 남동구 간석동,경상사고,0,0,1,0,차대차 - 측면충돌,안전운전불이행,건조,맑음,교차로 - 교차로부근,화물,남,37세,상해없음,승용,여,45세,경상
2016081500100207,2016년 8월 15일 13시,월요일,인천광역시 계양구 계산동,경상사고,0,0,1,0,차대사람 - 횡단중,보행자보호의무위반,건조,맑음,교차로 - 교차로부근,승합,남,39세,상해없음,보행자,남,8세,경상
2016081500100234,2016년 8월 15일 14시,월요일,인천광역시 부평구 구산동,중상사고,0,1,2,0,차대차 - 추돌,안전운전불이행,건조,맑음,단일로 - 기타,화물,남,46세,중상,승용,남,41세,경상
2016081500100267,2016년 8월 15일 15시,월요일,인천광역시 남구 주안동,경상사고,0,0,3,1,차대차 - 측면직각충돌,안전운전불이행,건조,맑음,단일로 - 기타,승용,남,33세,부상신고,승용,남,23세,경상
2016081500100268,2016년 8월 15일 15시,월요일,인천광역시 남구 주안동,경상사고,0,0,1,1,차대차 - 기타,안전거리미확보,건조,맑음,단일로 - 기타,승용,여,55세,상해없음,승용,남,36세,경상
2016081500100298,2016년 8월 15일 16시,월요일,인천광역시 동구 송림동,경상사고,0,0,1,0,차대차 - 측면충돌,교차로운행방법위반,건조,맑음,교차로 - 교차로안,승용,여,26세,상해없음,자전거,여,51세,경상
2016081500100299,2016년 8월 15일 16시,월요일,인천광역시 강화군 강화읍,중상사고,0,1,0,0,차대차 - 추돌,안전운전불이행,건조,맑음,기타 - 기타,승용,여,45세,상해없음,농기계,남,75세,중상
2016081500100393,2016년 8월 15일 19시,월요일,인천광역시 중구 중산동,경상사고,0,0,2,0,차대차 - 정면충돌,신호위반,건조,맑음,교차로 - 교차로안,승용,여,33세,상해없음,승합,남,38세,경상
2016081500100394,2016년 8월 15일 19시,월요일,인천광역시 남동구 구월동,경상사고,0,0,1,0,차대차 - 추돌,기타,건조,맑음,교차로 - 교차로안,원동기,남,33세,상해없음,원동기,남,40세,경상
2016081500100474,2016년 8월 15일 23시,월요일,인천광역시 남동구 간석동,중상사고,0,1,5,0,차대차 - 정면충돌,안전거리미확보,건조,맑음,단일로 - 기타,승용,남,20세,상해없음,승용,남,58세,중상
2016081600100025,2016년 8월 16일 01시,화요일,인천광역시 계양구 계산동,경상사고,0,0,1,0,차대사람 - 횡단중,안전운전불이행,건조,맑음,교차로 - 교차로부근,승용,남,71세,상해없음,보행자,남,51세,경상
2016081600100065,2016년 8월 16일 06시,화요일,인천광역시 남구 도화동,중상사고,0,1,0,0,차대차 - 측면직각충돌,안전거리미확보,건조,맑음,교차로 - 교차로부근,승용,남,23세,상해없음,이륜,남,64세,중상
2016081600100092,2016년 8월 16일 07시,화요일,인천광역시 남구 도화동,중상사고,0,2,0,0,차대사람 - 횡단중,안전운전불이행,건조,맑음,단일로 - 기타,승용,남,30세,상해없음,보행자,여,62세,중상
2016081600100093,2016년 8월 16일 07시,화요일,인천광역시 부평구 청천동,중상사고,0,1,0,0,차대차 - 정면충돌,안전운전불이행,건조,맑음,단일로 - 기타,화물,여,72세,상해없음,이륜,남,67세,중상
2016081600100094,2016년 8월 16일 07시,화요일,인천광역시 서구 검암동,사망사고,1,0,0,0,차대사람 - 횡단중,신호위반,건조,맑음,단일로 - 기타,승용,여,48세,상해없음,보행자,여,26세,사망
2016081600100095,2016년 8월 16일 07시,화요일,인천광역시 서구 검암동,경상사고,0,0,6,0,차대차 - 측면충돌,신호위반,건조,맑음,단일로 - 횡단보도부근,승용,남,57세,경상,승용,여,41세,경상
2016081600100127,2016년 8월 16일 08시,화요일,인천광역시 남구 숭의동,경상사고,0,0,1,0,차대차 - 기타,안전운전불이행,건조,맑음,교차로 - 교차로부근,화물,남,44세,상해없음,이륜,남,19세,경상
2016081600100128,2016년 8월 16일 08시,화요일,인천광역시 남동구 서창동,중상사고,0,1,0,0,차대사람 - 횡단중,안전운전불이행,건조,맑음,교차로 - 교차로부근,승용,여,39세,상해없음,보행자,남,34세,중상
2016081600100163,2016년 8월 16일 09시,화요일,인천광역시 서구 신현동,경상사고,0,0,1,0,차대차 - 측면충돌,안전운전불이행,건조,맑음,교차로 - 교차로안,승용,남,19세,상해없음,승용,여,53세,경상
2016081600100164,2016년 8월 16일 09시,화요일,인천광역시 강화군 불은면,사망사고,1,0,0,0,차대차 - 측면직각충돌,과속,건조,맑음,교차로 - 교차로안,화물,남,51세,상해없음,이륜,남,83세,사망
2016081600100165,2016년 8월 16일 09시,화요일,인천광역시 부평구 일신동,경상사고,0,0,1,0,차대차 - 추돌,안전운전불이행,건조,맑음,교차로 - 교차로안,승용,여,29세,상해없음,승용,남,37세,경상
2016081600100223,2016년 8월 16일 11시,화요일,인천광역시 남동구 논현동,중상사고,0,1,0,0,차대차 - 측면충돌,신호위반,건조,맑음,단일로 - 횡단보도상,승용,남,56세,상해없음,자전거,남,69세,중상
2016081600100289,2016년 8월 16일 13시,화요일,인천광역시 남구 주안동,중상사고,0,1,2,0,차대차 - 기타,안전운전불이행,건조,맑음,단일로 - 횡단보도부근,승용,남,38세,상해없음,승용,남,42세,중상
2016081600100290,2016년 8월 16일 13시,화요일,인천광역시 서구 가정동,경상사고,0,0,1,0,차대차 - 기타,안전운전불이행,건조,맑음,단일로 - 기타,화물,남,38세,상해없음,승용,남,50세,경상
2016081600100291,2016년 8월 16일 13시,화요일,인천광역시 서구 마전동,경상사고,0,0,4,0,차대차 - 기타,안전운전불이행,건조,맑음,교차로 - 교차로안,승용,여,34세,상해없음,승용,남,34세,경상
2016081600100328,2016년 8월 16일 14시,화요일,인천광역시 서구 가좌동,경상사고,0,0,1,0,차대차 - 기타,중앙선침범,건조,맑음,단일로 - 기타,기타불명,남,62세,경상,이륜,남,33세,상해없음
2016081600100329,2016년 8월 16일 14시,화요일,인천광역시 계양구 계산동,경상사고,0,0,1,0,차대사람 - 기타,안전운전불이행,건조,맑음,교차로 - 교차로안,승용,남,26세,기타불명,보행자,남,9세,경상
2016081600100395,2016년 8월 16일 16시,화요일,인천광역시 서구 석남동,중상사고,0,2,0,0,차대차 - 측면직각충돌,안전운전불이행,건조,맑음,단일로 - 기타,화물,남,46세,상해없음,승용,여,40세,중상
2016081600100439,2016년 8월 16일 17시,화요일,인천광역시 부평구 부평동,중상사고,0,1,0,0,차대차 - 정면충돌,신호위반,건조,맑음,교차로 - 교차로안,화물,남,46세,상해없음,이륜,남,18세,중상
2016081600100440,2016년 8월 16일 17시,화요일,인천광역시 남동구 간석동,중상사고,0,1,0,0,차대사람 - 횡단중,안전운전불이행,건조,맑음,교차로 - 교차로안,승용,남,66세,상해없음,보행자,남,73세,중상
2016081600100441,2016년 8월 16일 17시,화요일,인천광역시 남동구 논현동,경상사고,0,0,1,0,차대차 - 측면충돌,안전운전불이행,건조,맑음,교차로 - 교차로부근,승용,여,49세,상해없음,승용,남,41세,경상
2016081600100442,2016년 8월 16일 17시,화요일,인천광역시 남구 주안동,경상사고,0,0,1,0,차대차 - 추돌,안전거리미확보,건조,맑음,단일로 - 기타,화물,남,43세,상해없음,승용,남,63세,경상
2016081600100483,2016년 8월 16일 18시,화요일,인천광역시 남동구 만수동,경상사고,0,0,1,0,차대차 - 측면직각충돌,신호위반,건조,맑음,단일로 - 횡단보도상,승용,남,60세,상해없음,자전거,남,15세,경상
2016081600100571,2016년 8월 16일 21시,화요일,인천광역시 중구 운서동,경상사고,0,0,3,0,차대차 - 추돌,안전운전불이행,건조,맑음,단일로 - 기타,승용,남,55세,상해없음,승용,남,63세,경상
2016081600100593,2016년 8월 16일 22시,화요일,인천광역시 남동구 구월동,경상사고,0,0,2,0,차대차 - 측면충돌,중앙선침범,건조,맑음,단일로 - 기타,승용,남,32세,상해없음,승용,남,28세,경상
2016081700100021,2016년 8월 17일 00시,수요일,인천광역시 서구 가정동,경상사고,0,0,1,0,차대차 - 기타,신호위반,건조,맑음,교차로 - 교차로안,승용,남,51세,상해없음,승용,남,37세,상해없음
2016081700100033,2016년 8월 17일 01시,수요일,인천광역시 부평구 부평동,중상사고,0,1,0,0,차대차 - 기타,교차로운행방법위반,건조,맑음,교차로 - 교차로안,승용,남,34세,상해없음,승용,남,15세,기타불명
2016081700100042,2016년 8월 17일 02시,수요일,인천광역시 남구 용현동,중상사고,0,2,0,0,차대차 - 정면충돌,신호위반,건조,맑음,교차로 - 교차로안,승용,남,58세,상해없음,승용,남,68세,중상
2016081700100043,2016년 8월 17일 02시,수요일,인천광역시 서구 왕길동,경상사고,0,0,1,0,차대사람 - 기타,안전운전불이행,건조,맑음,단일로 - 기타,승용,여,37세,상해없음,보행자,남,31세,경상
2016081700100064,2016년 8월 17일 05시,수요일,인천광역시 중구 을왕동,경상사고,0,0,3,0,차대차 - 측면충돌,안전운전불이행,건조,맑음,단일로 - 기타,승용,남,25세,상해없음,승용,남,19세,경상
2016081700100129,2016년 8월 17일 08시,수요일,인천광역시 남구 문학동,경상사고,0,0,1,0,차대차 - 기타,안전운전불이행,건조,맑음,기타 - 기타,승용,여,49세,상해없음,승용,남,26세,경상
2016081700100130,2016년 8월 17일 08시,수요일,인천광역시 남동구 남촌동,중상사고,0,1,0,0,차대차 - 측면충돌,교차로운행방법위반,건조,맑음,교차로 - 교차로안,승용,남,68세,상해없음,이륜,남,39세,중상
2016081700100131,2016년 8월 17일 08시,수요일,인천광역시 남동구 논현동,경상사고,0,0,1,0,차대차 - 정면충돌,신호위반,건조,맑음,단일로 - 기타,자전거,여,23세,상해없음,자전거,남,16세,경상
2016081700100132,2016년 8월 17일 08시,수요일,인천광역시 서구 경서동,중상사고,0,1,0,0,차대차 - 측면충돌,안전운전불이행,건조,맑음,교차로 - 교차로안,승용,남,30세,상해없음,승용,남,31세,중상
2016081700100133,2016년 8월 17일 08시,수요일,인천광역시 계양구 계산동,중상사고,0,1,1,0,차대차 - 추돌,안전운전불이행,건조,맑음,단일로 - 기타,승합,남,35세,기타불명,승용,남,51세,중상
2016081700100171,2016년 8월 17일 09시,수요일,인천광역시 계양구 작전동,경상사고,0,0,4,0,차대차 - 측면충돌,안전운전불이행,건조,맑음,교차로 - 교차로안,승용,남,60세,상해없음,승용,여,50세,경상
2016081700100213,2016년 8월 17일 10시,수요일,인천광역시 남구 도화동,중상사고,0,1,0,0,차대사람 - 횡단중,보행자보호의무위반,건조,맑음,단일로 - 횡단보도상,이륜,남,40세,상해없음,보행자,여,65세,중상
2016081700100214,2016년 8월 17일 10시,수요일,인천광역시 남동구 수산동,경상사고,0,0,1,0,차대차 - 측면직각충돌,교차로운행방법위반,건조,맑음,교차로 - 교차로안,승용,여,67세,상해없음,승용,여,38세,경상
2016081700100215,2016년 8월 17일 10시,수요일,인천광역시 남동구 장수동,중상사고,0,1,0,0,차대차 - 기타,안전운전불이행,건조,맑음,단일로 - 기타,이륜,남,54세,상해없음,승합,남,46세,상해없음
2016081700100242,2016년 8월 17일 11시,수요일,인천광역시 중구 중산동,경상사고,0,0,2,0,차대차 - 측면충돌,교차로운행방법위반,건조,맑음,교차로 - 교차로부근,승용,여,57세,경상,승용,여,43세,경상
2016081700100268,2016년 8월 17일 12시,수요일,인천광역시 남구 주안동,중상사고,0,1,0,1,차대차 - 측면직각충돌,신호위반,건조,맑음,단일로 - 기타,화물,남,54세,상해없음,승용,여,40세,중상
2016081700100269,2016년 8월 17일 12시,수요일,인천광역시 남동구 구월동,경상사고,0,0,1,0,차대사람 - 길가장자리구역통행중,안전운전불이행,건조,맑음,교차로 - 교차로안,화물,기타불명,기타불명,기타불명,보행자,여,7세,경상
2016081700100270,2016년 8월 17일 12시,수요일,인천광역시 서구 가좌동,중상사고,0,1,0,0,차대차 - 기타,안전운전불이행,건조,맑음,교차로 - 교차로부근,승용,남,20세,상해없음,승용,남,49세,중상
2016081700100300,2016년 8월 17일 13시,수요일,인천광역시 남구 도화동,중상사고,0,1,4,0,차대차 - 측면직각충돌,안전운전불이행,건조,맑음,교차로 - 교차로안,승용,남,24세,경상,승용,남,45세,경상
2016081700100301,2016년 8월 17일 13시,수요일,인천광역시 부평구 부평동,경상사고,0,0,1,0,차대차 - 측면직각충돌,안전운전불이행,건조,맑음,교차로 - 교차로안,승용,남,58세,상해없음,원동기,남,47세,경상
2016081700100342,2016년 8월 17일 14시,수요일,인천광역시 남동구 간석동,경상사고,0,0,3,0,차대차 - 기타,신호위반,건조,맑음,교차로 - 교차로안,승용,여,61세,경상,승용,남,63세,경상
2016081700100385,2016년 8월 17일 15시,수요일,인천광역시 연수구 동춘동,경상사고,0,0,1,0,차대차 - 기타,안전운전불이행,건조,맑음,교차로 - 교차로부근,승용,여,43세,상해없음,자전거,남,16세,경상
2016081700100416,2016년 8월 17일 16시,수요일,인천광역시 남구 도화동,중상사고,0,1,0,0,차대차 - 측면직각충돌,안전운전불이행,건조,맑음,단일로 - 기타,화물,남,73세,상해없음,이륜,남,45세,중상
2016081700100461,2016년 8월 17일 17시,수요일,인천광역시 서구 석남동,경상사고,0,0,2,0,차대차 - 기타,안전운전불이행,건조,맑음,단일로 - 기타,승용,남,66세,상해없음,화물,남,63세,경상
2016081700100462,2016년 8월 17일 17시,수요일,인천광역시 연수구 동춘동,중상사고,0,1,0,0,차대사람 - 횡단중,안전운전불이행,건조,맑음,단일로 - 기타,승용,여,41세,상해없음,보행자,여,16세,중상
2016081700100541,2016년 8월 17일 19시,수요일,인천광역시 서구 연희동,경상사고,0,0,1,0,차대차 - 정면충돌,안전운전불이행,건조,맑음,교차로 - 교차로부근,승용,남,51세,상해없음,승용,남,57세,경상
2016081700100567,2016년 8월 17일 20시,수요일,인천광역시 남동구 간석동,부상신고사고,0,0,0,1,차대사람 - 길가장자리구역통행중,안전운전불이행,건조,맑음,교차로 - 교차로부근,자전거,기타불명,기타불명,기타불명,보행자,여,49세,부상신고
2016081700100637,2016년 8월 17일 23시,수요일,인천광역시 서구 가좌동,부상신고사고,0,0,0,1,차대차 - 기타,안전운전불이행,건조,맑음,단일로 - 기타,승용,남,40세,상해없음,자전거,남,16세,부상신고
2016081800100014,2016년 8월 18일 00시,목요일,인천광역시 부평구 부평동,중상사고,0,1,2,0,차대차 - 추돌,안전운전불이행,건조,맑음,교차로 - 교차로부근,승용,남,56세,상해없음,승용,남,49세,경상
2016081800100037,2016년 8월 18일 02시,목요일,인천광역시 남동구 구월동,경상사고,0,0,1,0,차대차 - 추돌,안전운전불이행,건조,맑음,단일로 - 기타,승용,남,31세,상해없음,승용,남,59세,경상
2016081800100093,2016년 8월 18일 07시,목요일,인천광역시 남구 도화동,경상사고,0,0,1,0,차대차 - 추돌,안전운전불이행,건조,맑음,단일로 - 기타,승용,남,45세,상해없음,승용,남,39세,경상
2016081800100135,2016년 8월 18일 08시,목요일,인천광역시 남구 용현동,경상사고,0,0,1,0,차대차 - 추돌,안전운전불이행,건조,기타,기타 - 기타,승용,남,22세,기타불명,승용,남,42세,경상
2016081800100136,2016년 8월 18일 08시,목요일,인천광역시 계양구 오류동,중상사고,0,1,0,0,차대차 - 측면직각충돌,중앙선침범,건조,맑음,단일로 - 횡단보도부근,승용,남,58세,상해없음,승용,여,27세,중상
2016081800100137,2016년 8월 18일 08시,목요일,인천광역시 강화군 강화읍,중상사고,0,1,0,0,차대사람 - 기타,안전운전불이행,건조,맑음,기타 - 기타,승용,여,44세,상해없음,보행자,여,77세,중상
2016081800100231,2016년 8월 18일 11시,목요일,인천광역시 중구 항동7가,경상사고,0,0,1,0,차대차 - 추돌,신호위반,건조,맑음,교차로 - 교차로부근,화물,남,39세,상해없음,승용,여,61세,경상
2016081800100232,2016년 8월 18일 11시,목요일,인천광역시 중구 유동,중상사고,0,1,0,0,차대차 - 추돌,안전운전불이행,건조,맑음,단일로 - 기타,승합,남,54세,상해없음,승용,남,47세,중상
2016081800100233,2016년 8월 18일 11시,목요일,인천광역시 부평구 구산동,경상사고,0,0,1,0,차대차 - 기타,안전운전불이행,건조,맑음,단일로 - 기타,화물,남,62세,상해없음,승용,여,35세,경상
2016081800100257,2016년 8월 18일 12시,목요일,인천광역시 부평구 부평동,경상사고,0,0,1,0,차대차 - 기타,중앙선침범,건조,맑음,교차로 - 교차로부근,승용,남,25세,상해없음,자전거,남,50세,경상
2016081800100290,2016년 8월 18일 13시,목요일,인천광역시 남동구 만수동,경상사고,0,0,1,0,차대차 - 측면직각충돌,안전운전불이행,건조,맑음,교차로 - 교차로안,자전거,남,75세,경상,승용,남,59세,상해없음
2016081800100322,2016년 8월 18일 14시,목요일,인천광역시 중구 항동7가,경상사고,0,0,1,0,차대차 - 측면직각충돌,안전운전불이행,건조,맑음,교차로 - 교차로안,자전거,남,52세,경상,화물,남,60세,상해없음
2016081800100323,2016년 8월 18일 14시,목요일,인천광역시 남구 용현동,중상사고,0,1,0,0,차대차 - 추돌,안전거리미확보,건조,맑음,미분류 - 미분류,승용,남,49세,상해없음,승용,여,54세,중상
2016081800100355,2016년 8월 18일 15시,목요일,인천광역시 부평구 십정동,경상사고,0,0,2,0,차대차 - 측면충돌,신호위반,건조,맑음,교차로 - 교차로부근,승용,남,33세,상해없음,승용,남,58세,경상
2016081800100356,2016년 8월 18일 15시,목요일,인천광역시 남동구 고잔동,경상사고,0,0,1,0,차대차 - 측면충돌,차로위반,건조,맑음,단일로 - 기타,화물,남,45세,상해없음,승용,남,33세,경상
2016081800100393,2016년 8월 18일 16시,목요일,인천광역시 남동구 구월동,경상사고,0,0,1,0,차대사람 - 보도통행중,보행자보호의무위반,건조,맑음,단일로 - 횡단보도상,승용,여,59세,상해없음,보행자,여,64세,경상