사고번호,사고일시,요일,시군구,사고내용,사망자수,중상자수,경상자수,부상신고자수,사고유형,법규위반,노면상태,기상상태,도로형태,가해운전자 차종,가해운전자 성별,가해운전자 연령,가해운전자 상해정도,피해운전자 차종,피해운전자 성별,피해운전자 연령,피해운전자 상해정도
2016082300100396,2016년 8월 23일 17시,화요일,인천광역시 남구 주안동,경상사고,0,0,1,0,차대사람 - 횡단중,신호위반,건조,맑음,교차로 - 교차로부근,승용,남,55세,상해없음,보행자,여,14세,경상
2016082300100435,2016년 8월 23일 18시,화요일,인천광역시 부평구 청천동,경상사고,0,0,1,0,차대차 - 측면직각충돌,안전운전불이행,건조,맑음,교차로 - 교차로안,승용,남,31세,상해없음,승용,남,58세,경상
2016082300100477,2016년 8월 23일 19시,화요일,인천광역시 남구 도화동,경상사고,0,0,1,0,차대사람 - 보도통행중,안전운전불이행,건조,맑음,단일로 - 기타,화물,남,44세,기타불명,보행자,남,17세,경상
2016082300100478,2016년 8월 23일 19시,화요일,인천광역시 서구 가정동,경상사고,0,0,1,0,차대차 - 측면충돌,안전운전불이행,건조,맑음,교차로 - 교차로부근,승용,남,54세,상해없음,원동기,남,58세,경상
2016082300100479,2016년 8월 23일 19시,화요일,인천광역시 계양구 작전동,중상사고,0,1,0,0,차대차 - 측면충돌,신호위반,건조,맑음,교차로 - 교차로안,승용,남,49세,상해없음,이륜,남,25세,중상
2016082300100516,2016년 8월 23일 20시,화요일,인천광역시 부평구 부평동,중상사고,0,1,0,0,차대사람 - 횡단중,보행자보호의무위반,건조,맑음,교차로 - 교차로안,승용,여,59세,상해없음,보행자,여,16세,중상
2016082300100574,2016년 8월 23일 22시,화요일,인천광역시 서구 심곡동,경상사고,0,0,2,0,차대차 - 측면충돌,안전운전불이행,건조,맑음,교차로 - 교차로부근,승용,남,21세,상해없음,승용,남,32세,경상
2016082400100028,2016년 8월 24일 01시,수요일,인천광역시 남구 숭의동,중상사고,0,1,0,0,차대차 - 측면직각충돌,신호위반,건조,맑음,교차로 - 교차로부근,승용,남,67세,상해없음,원동기,남,41세,중상
2016082400100029,2016년 8월 24일 01시,수요일,인천광역시 계양구 계산동,경상사고,0,0,2,0,차대차 - 측면충돌,안전운전불이행,건조,맑음,교차로 - 교차로부근,승용,남,52세,기타불명,승용,남,26세,상해없음
2016082400100051,2016년 8월 24일 04시,수요일,인천광역시 남동구 만수동,중상사고,0,1,0,0,차대사람 - 횡단중,안전운전불이행,건조,맑음,교차로 - 교차로부근,기타불명,기타불명,기타불명,기타불명,보행자,여,79세,중상
2016082400100076,2016년 8월 24일 06시,수요일,인천광역시 남구 용현동,중상사고,0,1,1,0,차대차 - 정면충돌,신호위반,건조,맑음,교차로 - 교차로안,승용,여,53세,경상,화물,남,56세,중상
2016082400100099,2016년 8월 24일 07시,수요일,인천광역시 중구 항동7가,경상사고,0,0,1,0,차대차 - 정면충돌,신호위반,건조,맑음,교차로 - 교차로안,특수,남,44세,상해없음,원동기,남,60세,경상
2016082400100135,2016년 8월 24일 08시,수요일,인천광역시 남구 학익동,중상사고,0,3,0,0,차대차 - 추돌,안전운전불이행,건조,맑음,단일로 - 기타,승합,여,39세,상해없음,승용,여,51세,중상
2016082400100136,2016년 8월 24일 08시,수요일,인천광역시 남구 용현동,경상사고,0,0,1,0,차대차 - 측면충돌,신호위반,건조,맑음,교차로 - 교차로안,승용,여,26세,기타불명,승용,남,56세,경상
2016082400100233,2016년 8월 24일 11시,수요일,인천광역시 남구 숭의동,경상사고,0,0,1,0,차대차 - 추돌,중앙선침범,건조,맑음,단일로 - 기타,승용,남,50세,상해없음,승용,남,38세,경상
2016082400100234,2016년 8월 24일 11시,수요일,인천광역시 부평구 부평동,경상사고,0,0,1,0,차대차 - 기타,기타,건조,맑음,단일로 - 기타,승용,남,29세,상해없음,승용,여,45세,경상
2016082400100404,2016년 8월 24일 16시,수요일,인천광역시 서구 마전동,경상사고,0,0,1,0,차대차 - 추돌,안전운전불이행,건조,맑음,교차로 - 교차로부근,승용,남,37세,상해없음,승용,남,43세,경상
2016082400100405,2016년 8월 24일 16시,수요일,인천광역시 연수구 옥련동,경상사고,0,0,1,0,차대차 - 기타,안전운전불이행,건조,맑음,단일로 - 기타,승용,남,21세,상해없음,승용,여,52세,경상
2016082400100532,2016년 8월 24일 19시,수요일,인천광역시 부평구 부평동,중상사고,0,1,0,0,차대사람 - 기타,안전운전불이행,건조,맑음,단일로 - 기타,승용,남,53세,상해없음,보행자,여,77세,중상
2016082400100533,2016년 8월 24일 19시,수요일,인천광역시 남동구 수산동,경상사고,0,0,4,0,차대차 - 측면충돌,신호위반,건조,맑음,교차로 - 교차로안,승용,남,22세,상해없음,승용,남,43세,경상
2016082400100534,2016년 8월 24일 19시,수요일,인천광역시 남동구 간석동,경상사고,0,0,1,0,차대사람 - 기타,안전운전불이행,건조,맑음,단일로 - 기타,승합,남,44세,상해없음,보행자,여,57세,경상
2016082400100571,2016년 8월 24일 20시,수요일,인천광역시 부평구 부평동,경상사고,0,0,2,0,차대차 - 추돌,안전운전불이행,건조,맑음,단일로 - 기타,승용,여,34세,상해없음,승용,남,25세,경상
2016082400100572,2016년 8월 24일 20시,수요일,인천광역시 서구 검암동,경상사고,0,0,3,0,차대차 - 측면충돌,교차로운행방법위반,건조,맑음,교차로 - 교차로안,승용,남,32세,상해없음,승용,남,53세,경상
2016082400100573,2016년 8월 24일 20시,수요일,인천광역시 부평구 갈산동,중상사고,0,2,1,0,차대차 - 기타,안전운전불이행,건조,맑음,단일로 - 기타,승용,남,20세,상해없음,승합,남,54세,상해없음
2016082400100604,2016년 8월 24일 21시,수요일,인천광역시 연수구 연수동,중상사고,0,1,0,0,차대사람 - 기타,안전운전불이행,건조,맑음,단일로 - 기타,승용,남,26세,상해없음,보행자,남,13세,중상
2016082500100020,2016년 8월 25일 00시,목요일,인천광역시 계양구 계산동,중상사고,0,1,0,0,차대사람 - 기타,안전운전불이행,건조,맑음,단일로 - 기타,승용,남,58세,상해없음,보행자,남,16세,중상
2016082500100033,2016년 8월 25일 01시,목요일,인천광역시 남구 용현동,경상사고,0,0,2,0,차대차 - 추돌,안전거리미확보,건조,맑음,단일로 - 횡단보도부근,승용,남,50세,상해없음,승용,남,38세,경상
2016082500100097,2016년 8월 25일 07시,목요일,인천광역시 서구 석남동,경상사고,0,0,1,0,차대차 - 측면충돌,안전운전불이행,건조,맑음,교차로 - 교차로안,승용,남,58세,상해없음,자전거,남,15세,경상
2016082500100129,2016년 8월 25일 08시,목요일,인천광역시 부평구 부평동,중상사고,0,1,0,0,차대사람 - 차도통행중,안전운전불이행,건조,맑음,단일로 - 기타,승용,남,48세,상해없음,보행자,남,57세,중상
2016082500100258,2016년 8월 25일 12시,목요일,인천광역시 서구 경서동,중상사고,0,1,0,0,차대차 - 측면충돌,신호위반,건조,맑음,교차로 - 교차로안,승용,남,51세,상해없음,승합,남,41세,중상
2016082500100287,2016년 8월 25일 13시,목요일,인천광역시 부평구 부평동,중상사고,0,1,0,0,차대사람 - 기타,안전운전불이행,건조,맑음,단일로 - 기타,승용,남,51세,상해없음,보행자,여,82세,중상
2016082500100362,2016년 8월 25일 15시,목요일,인천광역시 연수구 연수동,중상사고,0,1,0,0,차대차 - 기타,안전운전불이행,건조,맑음,단일로 - 기타,승용,여,32세,상해없음,자전거,남,18세,중상
2016082500100363,2016년 8월 25일 15시,목요일,인천광역시 부평구 삼산동,경상사고,0,0,1,0,차대차 - 측면직각충돌,교차로운행방법위반,건조,맑음,교차로 - 교차로안,승용,남,45세,상해없음,승용,여,57세,경상
2016082500100390,2016년 8월 25일 16시,목요일,인천광역시 계양구 작전동,중상사고,0,1,0,0,차대차 - 추돌,교차로운행방법위반,건조,맑음,교차로 - 교차로부근,화물,남,62세,상해없음,승용,남,57세,중상
2016082500100427,2016년 8월 25일 17시,목요일,인천광역시 남구 주안동,부상신고사고,0,0,0,2,차대차 - 추돌,안전운전불이행,습기,비,교차로 - 교차로부근,승용,남,62세,상해없음,승용,남,44세,부상신고
2016082500100507,2016년 8월 25일 19시,목요일,인천광역시 서구 가정동,중상사고,0,1,0,0,차대사람 - 횡단중,신호위반,습기,비,단일로 - 횡단보도부근,승용,여,51세,상해없음,보행자,여,27세,중상
2016082500100508,2016년 8월 25일 19시,목요일,인천광역시 서구 불로동,중상사고,0,2,0,0,차대사람 - 횡단중,보행자보호의무위반,습기,비,단일로 - 횡단보도상,승용,남,36세,상해없음,보행자,여,13세,중상
2016082500100551,2016년 8월 25일 20시,목요일,인천광역시 부평구 부평동,중상사고,0,1,0,0,차대사람 - 횡단중,신호위반,습기,비,교차로 - 교차로부근,이륜,남,19세,상해없음,보행자,여,65세,중상
2016082500100578,2016년 8월 25일 21시,목요일,인천광역시 남동구 남촌동,경상사고,0,0,1,0,차대차 - 측면충돌,중앙선침범,건조,맑음,단일로 - 기타,승합,남,60세,상해없음,승용,남,25세,경상
2016082500100614,2016년 8월 25일 22시,목요일,인천광역시 남동구 논현동,중상사고,0,1,0,0,차대차 - 측면직각충돌,안전거리미확보,건조,맑음,단일로 - 기타,승용,남,23세,상해없음,이륜,남,16세,중상
2016082500100632,2016년 8월 25일 23시,목요일,인천광역시 남구 도화동,경상사고,0,0,1,0,차대사람 - 길가장자리구역통행중,안전운전불이행,건조,맑음,단일로 - 기타,승용,남,25세,상해없음,보행자,남,54세,경상
2016082500100633,2016년 8월 25일 23시,목요일,인천광역시 남동구 구월동,경상사고,0,0,3,0,차대차 - 측면충돌,안전운전불이행,건조,맑음,교차로 - 교차로부근,승용,남,22세,상해없음,승합,남,26세,경상
2016082600100020,2016년 8월 26일 00시,금요일,인천광역시 남구 용현동,경상사고,0,0,2,0,차대차 - 추돌,안전운전불이행,건조,맑음,교차로 - 교차로부근,승용,남,27세,상해없음,승용,남,49세,경상
2016082600100021,2016년 8월 26일 00시,금요일,인천광역시 남구 학익동,경상사고,0,0,1,0,차대차 - 추돌,안전운전불이행,건조,맑음,기타 - 기타,승용,남,32세,상해없음,승용,여,39세,경상
2016082600100022,2016년 8월 26일 00시,금요일,인천광역시 남동구 논현동,경상사고,0,0,2,0,차대차 - 추돌,안전거리미확보,건조,맑음,단일로 - 기타,승용,여,29세,상해없음,승용,남,58세,경상
2016082600100064,2016년 8월 26일 02시,금요일,인천광역시 남동구 간석동,경상사고,0,0,1,0,차대사람 - 횡단중,안전운전불이행,습기,비,단일로 - 기타,승용,남,49세,상해없음,보행자,남,53세,경상
2016082600100065,2016년 8월 26일 02시,금요일,인천광역시 계양구 용종동,중상사고,0,1,2,0,차대차 - 기타,신호위반,습기,비,교차로 - 교차로안,승용,남,58세,경상,승용,남,55세,중상
2016082600100084,2016년 8월 26일 03시,금요일,인천광역시 연수구 옥련동,중상사고,0,1,0,0,차량단독 - 공작물충돌,안전운전불이행,습기,비,단일로 - 기타,승용,남,21세,상해없음,,,,
2016082600100095,2016년 8월 26일 04시,금요일,인천광역시 부평구 부평동,경상사고,0,0,2,0,차대차 - 추돌,안전운전불이행,습기,비,교차로 - 교차로부근,승용,남,31세,상해없음,승용,남,57세,경상
2016082600100096,2016년 8월 26일 04시,금요일,인천광역시 계양구 효성동,중상사고,0,3,0,0,차량단독 - 공작물충돌,과속,습기,비,단일로 - 기타,승용,남,48세,상해없음,,,,
2016082600100122,2016년 8월 26일 05시,금요일,인천광역시 남동구 수산동,중상사고,0,1,0,0,차대차 - 측면충돌,중앙선침범,건조,맑음,단일로 - 기타,승용,여,37세,상해없음,승용,남,52세,중상
2016082600100123,2016년 8월 26일 05시,금요일,인천광역시 중구 운서동,중상사고,0,1,1,0,차량단독 - 기타,안전운전불이행,습기,비,단일로 - 기타,승용,남,53세,상해없음,,,,
2016082600100142,2016년 8월 26일 06시,금요일,인천광역시 부평구 부개동,중상사고,0,1,0,0,차대사람 - 횡단중,보행자보호의무위반,습기,맑음,교차로 - 교차로부근,승용,남,60세,상해없음,보행자,남,55세,중상
2016082600100168,2016년 8월 26일 07시,금요일,인천광역시 서구 연희동,중상사고,0,1,0,0,차대사람 - 길가장자리구역통행중,안전운전불이행,건조,맑음,단일로 - 기타,승용,남,46세,상해없음,보행자,여,16세,중상
2016082600100206,2016년 8월 26일 08시,금요일,인천광역시 남동구 장수동,경상사고,0,0,1,0,차대차 - 측면충돌,차로위반,건조,맑음,단일로 - 기타,화물,남,39세,상해없음,승용,남,30세,경상
2016082600100207,2016년 8월 26일 08시,금요일,인천광역시 연수구 선학동,경상사고,0,0,1,0,차대사람 - 기타,안전운전불이행,건조,맑음,단일로 - 기타,승합,남,59세,기타불명,보행자,여,16세,경상
2016082600100236,2016년 8월 26일 09시,금요일,인천광역시 남구 관교동,중상사고,0,1,0,0,차량단독 - 기타,안전운전불이행,건조,맑음,단일로 - 기타,승합,남,52세,상해없음,,,,
2016082600100237,2016년 8월 26일 09시,금요일,인천광역시 부평구 부평동,중상사고,0,1,0,0,차량단독 - 공작물충돌,안전운전불이행,건조,맑음,단일로 - 기타,승합,남,58세,상해없음,,,,
2016082600100347,2016년 8월 26일 13시,금요일,인천광역시 남구 학익동,경상사고,0,0,1,0,차대차 - 측면직각충돌,안전운전불이행,건조,맑음,단일로 - 기타,화물,남,43세,상해없음,원동기,남,34세,경상
2016082600100348,2016년 8월 26일 13시,금요일,인천광역시 연수구 청학동,경상사고,0,0,1,0,차대차 - 추돌,안전운전불이행,건조,맑음,교차로 - 교차로부근,승용,남,44세,상해없음,승합,남,55세,경상
2016082600100432,2016년 8월 26일 15시,금요일,인천광역시 남동구 구월동,경상사고,0,0,2,0,차대차 - 추돌,차로위반,건조,맑음,교차로 - 교차로부근,승용,여,45세,경상,화물,여,60세,경상
2016082600100477,2016년 8월 26일 16시,금요일,인천광역시 부평구 부개동,경상사고,0,0,1,0,차대차 - 측면직각충돌,안전운전불이행,건조,맑음,단일로 - 기타,승용,여,45세,상해없음,자전거,남,53세,경상
2016082600100527,2016년 8월 26일 17시,금요일,인천광역시 남구 숭의동,경상사고,0,0,1,0,차대사람 - 기타,안전운전불이행,건조,맑음,단일로 - 기타,승합,남,57세,기타불명,보행자,여,14세,경상
2016082600100528,2016년 8월 26일 17시,금요일,인천광역시 부평구 산곡동,경상사고,0,0,1,0,차대차 - 기타,교차로운행방법위반,건조,맑음,교차로 - 교차로안,승용,여,33세,상해없음,승합,남,53세,경상
2016082600100529,2016년 8월 26일 17시,금요일,인천광역시 남동구 구월동,중상사고,0,1,0,0,차대사람 - 횡단중,안전운전불이행,건조,맑음,단일로 - 기타,승용,여,32세,상해없음,보행자,여,75세,중상
2016082600100530,2016년 8월 26일 17시,금요일,인천광역시 남동구 남촌동,중상사고,0,1,0,0,차대사람 - 차도통행중,안전운전불이행,건조,맑음,단일로 - 기타,승용,남,39세,상해없음,보행자,남,70세,중상
2016082600100531,2016년 8월 26일 17시,금요일,인천광역시 서구 연희동,중상사고,0,1,0,0,차대차 - 측면충돌,신호위반,건조,흐림,교차로 - 교차로안,승합,남,57세,상해없음,이륜,남,74세,중상
2016082600100532,2016년 8월 26일 17시,금요일,인천광역시 서구 오류동,경상사고,0,0,1,0,차대차 - 측면충돌,안전운전불이행,건조,맑음,단일로 - 기타,건설기계,남,36세,상해없음,승합,남,24세,경상
2016082600100533,2016년 8월 26일 17시,금요일,인천광역시 연수구 옥련동,중상사고,0,1,0,0,차대차 - 기타,안전운전불이행,건조,맑음,단일로 - 기타,승용,남,38세,상해없음,자전거,남,67세,중상
2016082600100578,2016년 8월 26일 18시,금요일,인천광역시 부평구 청천동,중상사고,0,1,0,0,차대차 - 측면직각충돌,안전운전불이행,건조,맑음,교차로 - 교차로안,승용,남,45세,상해없음,승합,여,46세,중상
2016082600100579,2016년 8월 26일 18시,금요일,인천광역시 남동구 구월동,중상사고,0,1,0,0,차대사람 - 횡단중,보행자보호의무위반,건조,맑음,단일로 - 기타,승용,남,42세,상해없음,보행자,남,37세,중상
2016082600100580,2016년 8월 26일 18시,금요일,인천광역시 서구 가좌동,중상사고,0,2,0,0,차대차 - 정면충돌,중앙선침범,건조,맑음,단일로 - 기타,승용,남,56세,중상,승합,남,39세,중상
2016082600100581,2016년 8월 26일 18시,금요일,인천광역시 서구 석남동,부상신고사고,0,0,0,1,차대차 - 측면충돌,교차로운행방법위반,건조,맑음,교차로 - 교차로안,승용,남,58세,상해없음,이륜,남,16세,부상신고
2016082600100671,2016년 8월 26일 20시,금요일,인천광역시 남동구 수산동,경상사고,0,0,2,0,차대차 - 기타,신호위반,습기,흐림,교차로 - 교차로안,이륜,남,19세,경상,승용,여,41세,경상
2016082600100707,2016년 8월 26일 21시,금요일,인천광역시 부평구 부평동,중상사고,0,1,0,0,차대차 - 추돌,안전운전불이행,건조,맑음,단일로 - 기타,승용,남,46세,상해없음,승용,여,29세,중상
2016082600100746,2016년 8월 26일 22시,금요일,인천광역시 남동구 논현동,경상사고,0,0,1,0,차대차 - 측면직각충돌,안전운전불이행,건조,맑음,단일로 - 횡단보도상,승용,남,61세,기타불명,자전거,여,16세,경상
2016082600100780,2016년 8월 26일 23시,금요일,인천광역시 부평구 청천동,중상사고,0,1,0,0,차대차 - 측면직각충돌,안전운전불이행,건조,맑음,교차로 - 교차로안,승용,남,46세,상해없음,이륜,남,38세,중상
2016082700100015,2016년 8월 27일 00시,토요일,인천광역시 부평구 청천동,경상사고,0,0,1,0,차대차 - 추돌,차로위반,건조,맑음,단일로 - 기타,승용,남,25세,상해없음,이륜,남,28세,경상
2016082700100031,2016년 8월 27일 01시,토요일,인천광역시 계양구 계산동,경상사고,0,0,2,0,차대차 - 추돌,안전운전불이행,건조,맑음,교차로 - 교차로안,승용,남,37세,기타불명,승용,남,46세,경상
2016082700100123,2016년 8월 27일 06시,토요일,인천광역시 남구 도화동,경상사고,0,0,4,0,차대차 - 추돌,안전운전불이행,건조,맑음,교차로 - 교차로부근,이륜,남,16세,경상,이륜,남,16세,경상
2016082700100124,2016년 8월 27일 06시,토요일,인천광역시 연수구 청학동,중상사고,0,1,0,0,차대사람 - 횡단중,보행자보호의무위반,건조,맑음,교차로 - 교차로안,자전거,기타불명,기타불명,기타불명,보행자,여,73세,중상
2016082700100165,2016년 8월 27일 08시,토요일,인천광역시 부평구 산곡동,중상사고,0,1,0,0,차대사람 - 기타,안전운전불이행,건조,맑음,단일로 - 기타,승용,남,51세,상해없음,보행자,여,47세,중상
2016082700100166,2016년 8월 27일 08시,토요일,인천광역시 남동구 논현동,중상사고,0,1,0,0,차대사람 - 횡단중,안전운전불이행,건조,맑음,단일로 - 기타,승용,남,37세,상해없음,보행자,여,49세,중상
2016082700100167,2016년 8월 27일 08시,토요일,인천광역시 남동구 만수동,중상사고,0,2,1,0,차대차 - 측면충돌,신호위반,건조,맑음,교차로 - 교차로안,승용,남,58세,상해없음,화물,남,53세,경상
2016082700100168,2016년 8월 27일 08시,토요일,인천광역시 남동구 구월동,경상사고,0,0,1,0,차대차 - 측면충돌,교차로운행방법위반,건조,맑음,교차로 - 교차로안,승용,남,53세,상해없음,승용,남,29세,경상
2016082700100169,2016년 8월 27일 08시,토요일,인천광역시 계양구 효성동,중상사고,0,1,0,0,차대차 - 기타,안전운전불이행,건조,맑음,단일로 - 기타,화물,남,53세,상해없음,자전거,남,67세,중상
2016082700100202,2016년 8월 27일 09시,토요일,인천광역시 남구 숭의동,경상사고,0,0,1,0,차대차 - 측면직각충돌,안전거리미확보,건조,맑음,단일로 - 기타,건설기계,남,45세,기타불명,승용,남,42세,경상
2016082700100203,2016년 8월 27일 09시,토요일,인천광역시 부평구 십정동,경상사고,0,0,1,0,차대차 - 측면직각충돌,안전운전불이행,건조,맑음,단일로 - 기타,승용,남,54세,상해없음,화물,남,39세,경상
2016082700100204,2016년 8월 27일 09시,토요일,인천광역시 남동구 간석동,중상사고,0,4,0,0,차대차 - 추돌,안전운전불이행,건조,맑음,단일로 - 교량,화물,남,52세,상해없음,승용,여,57세,중상
2016082700100205,2016년 8월 27일 09시,토요일,인천광역시 남동구 간석동,경상사고,0,0,1,0,차대사람 - 기타,안전운전불이행,건조,맑음,단일로 - 기타,승용,남,63세,상해없음,보행자,남,60세,경상
2016082700100245,2016년 8월 27일 10시,토요일,인천광역시 서구 가좌동,경상사고,0,0,1,0,차대사람 - 기타,안전운전불이행,건조,맑음,단일로 - 기타,건설기계,남,44세,상해없음,보행자,여,50세,경상
2016082700100280,2016년 8월 27일 11시,토요일,인천광역시 남구 도화동,경상사고,0,0,5,0,차대차 - 측면직각충돌,교차로운행방법위반,건조,맑음,교차로 - 교차로안,화물,남,61세,상해없음,이륜,남,16세,경상
2016082700100281,2016년 8월 27일 11시,토요일,인천광역시 남동구 간석동,경상사고,0,0,1,0,차대차 - 측면직각충돌,신호위반,건조,맑음,교차로 - 교차로안,승용,여,40세,상해없음,승용,남,62세,경상
2016082700100282,2016년 8월 27일 11시,토요일,인천광역시 부평구 삼산동,경상사고,0,0,2,0,차대차 - 측면직각충돌,신호위반,건조,맑음,교차로 - 교차로안,승용,여,21세,상해없음,승용,남,64세,경상
2016082700100326,2016년 8월 27일 12시,토요일,인천광역시 서구 심곡동,경상사고,0,0,1,0,차대차 - 측면충돌,신호위반,건조,맑음,교차로 - 교차로안,승용,남,62세,상해없음,화물,남,54세,경상
2016082700100361,2016년 8월 27일 13시,토요일,인천광역시 서구 왕길동,중상사고,0,1,0,0,차대차 - 기타,안전운전불이행,건조,맑음,단일로 - 기타,승합,남,54세,상해없음,이륜,남,73세,중상
2016082700100362,2016년 8월 27일 13시,토요일,인천광역시 부평구 부개동,경상사고,0,0,1,0,차대사람 - 기타,안전운전불이행,건조,맑음,기타 - 기타,자전거,여,12세,상해없음,보행자,남,6세,경상
2016082700100395,2016년 8월 27일 14시,토요일,인천광역시 남동구 고잔동,경상사고,0,0,1,0,차대차 - 측면충돌,안전운전불이행,건조,맑음,단일로 - 기타,승용,여,50세,경상,승용,남,36세,상해없음
2016082700100433,2016년 8월 27일 15시,토요일,인천광역시 서구 왕길동,경상사고,0,0,5,0,차대차 - 측면충돌,안전운전불이행,건조,맑음,단일로 - 기타,승용,남,56세,상해없음,승용,남,64세,경상
2016082700100434,2016년 8월 27일 15시,토요일,인천광역시 서구 가좌동,중상사고,0,1,0,0,차량단독 - 기타,안전운전불이행,건조,맑음,단일로 - 기타,승용,남,22세,상해없음,,,,
2016082700100466,2016년 8월 27일 16시,토요일,인천광역시 서구 경서동,경상사고,0,0,1,1,차대차 - 기타,안전운전불이행,건조,맑음,단일로 - 기타,자전거,남,10세,상해없음,자전거,남,36세,경상
2016082700100509,2016년 8월 27일 17시,토요일,인천광역시 남동구 만수동,경상사고,0,0,1,0,차대차 - 측면충돌,중앙선침범,건조,맑음,단일로 - 기타,승용,남,58세,상해없음,승용,남,58세,경상
2016082700100510,2016년 8월 27일 17시,토요일,인천광역시 서구 원창동,경상사고,0,0,1,0,차대차 - 측면충돌,안전운전불이행,건조,맑음,단일로 - 기타,화물,남,41세,상해없음,이륜,남,47세,경상
2016082700100581,2016년 8월 27일 19시,토요일,인천광역시 강화군 화도면,중상사고,0,1,0,0,차대사람 - 기타,안전운전불이행,건조,맑음,단일로 - 기타,승용,남,57세,상해없음,보행자,남,58세,중상
2016082700100640,2016년 8월 27일 21시,토요일,인천광역시 남동구 구월동,경상사고,0,0,1,0,차대차 - 기타,안전운전불이행,건조,맑음,기타 - 기타,승용,여,35세,상해없음,이륜,남,17세,경상
2016082700100686,2016년 8월 27일 23시,토요일,인천광역시 계양구 계산동,경상사고,0,0,1,0,차대차 - 기타,안전거리미확보,건조,맑음,교차로 - 교차로부근,승용,남,60세,상해없음,이륜,남,16세,경상
2016082800100028,2016년 8월 28일 00시,일요일,인천광역시 부평구 삼산동,경상사고,0,0,1,0,차량단독 - 공작물충돌,안전운전불이행,건조,맑음,단일로 - 교량,승용,남,18세,경상,,,,
2016082800100092,2016년 8월 28일 05시,일요일,인천광역시 연수구 연수동,중상사고,0,1,0,0,차대사람 - 횡단중,안전운전불이행,건조,맑음,교차로 - 교차로부근,승용,남,55세,상해없음,보행자,여,79세,중상
2016082800100124,2016년 8월 28일 08시,일요일,인천광역시 남구 주안동,경상사고,0,0,2,0,차대차 - 기타,안전거리미확보,건조,맑음,기타 - 기타,승용,남,51세,상해없음,승용,여,46세,경상
2016082800100165,2016년 8월 28일 10시,일요일,인천광역시 중구 운북동,중상사고,0,1,0,0,차대사람 - 기타,안전운전불이행,건조,맑음,단일로 - 기타,화물,남,61세,상해없음,보행자,여,59세,중상
2016082800100185,2016년 8월 28일 11시,일요일,인천광역시 남구 주안동,경상사고,0,0,1,0,차대차 - 추돌,안전운전불이행,건조,맑음,단일로 - 기타,승용,남,63세,상해없음,승용,여,43세,경상
2016082800100186,2016년 8월 28일 11시,일요일,인천광역시 남동구 만수동,경상사고,0,0,1,0,차대사람 - 횡단중,신호위반,건조,맑음,단일로 - 횡단보도상,승용,남,33세,상해없음,보행자,남,66세,경상
2016082800100187,2016년 8월 28일 11시,일요일,인천광역시 남동구 만수동,중상사고,0,1,0,0,차대사람 - 길가장자리구역통행중,안전운전불이행,건조,맑음,기타 - 기타,승용,남,51세,상해없음,보행자,여,61세,중상
2016082800100204,2016년 8월 28일 12시,일요일,인천광역시 강화군 길상면,중상사고,0,3,3,0,차대차 - 추돌,안전운전불이행,건조,맑음,단일로 - 기타,화물,남,53세,상해없음,승용,남,63세,중상
2016082800100261,2016년 8월 28일 14시,일요일,인천광역시 중구 운서동,경상사고,0,0,1,0,차대차 - 측면직각충돌,안전운전불이행,건조,맑음,단일로 - 횡단보도상,자전거,남,10세,경상,승용,남,59세,상해없음
2016082800100305,2016년 8월 28일 15시,일요일,인천광역시 서구 경서동,중상사고,0,1,2,0,차대차 - 측면충돌,교차로운행방법위반,건조,맑음,교차로 - 교차로안,승용,여,38세,중상,승용,여,49세,경상
2016082800100306,2016년 8월 28일 15시,일요일,인천광역시 계양구 작전동,중상사고,0,1,0,0,차대차 - 측면직각충돌,안전운전불이행,건조,맑음,교차로 - 교차로안,승용,남,53세,상해없음,승용,여,61세,중상
2016082800100307,2016년 8월 28일 15시,일요일,인천광역시 부평구 구산동,경상사고,0,0,1,0,차대차 - 추돌,안전운전불이행,건조,맑음,교차로 - 교차로부근,승용,남,43세,상해없음,승용,남,55세,상해없음
2016082800100345,2016년 8월 28일 16시,일요일,인천광역시 부평구 십정동,경상사고,0,0,1,0,차대차 - 기타,안전운전불이행,건조,맑음,단일로 - 기타,승용,남,31세,상해없음,승용,남,24세,경상
2016082800100371,2016년 8월 28일 17시,일요일,인천광역시 동구 만석동,경상사고,0,0,1,0,차대사람 - 기타,안전운전불이행,건조,맑음,단일로 - 기타,자전거,남,30세,상해없음,보행자,여,71세,경상
2016082800100444,2016년 8월 28일 19시,일요일,인천광역시 계양구 박촌동,사망사고,1,0,0,0,차대사람 - 기타,안전운전불이행,건조,맑음,단일로 - 기타,승용,남,60세,상해없음,보행자,남,71세,사망
2016082800100478,2016년 8월 28일 20시,일요일,인천광역시 중구 운서동,경상사고,0,0,2,0,차대차 - 기타,안전운전불이행,건조,맑음,단일로 - 기타,기타불명,기타불명,기타불명,기타불명,승용,남,25세,경상
2016082800100479,2016년 8월 28일 20시,일요일,인천광역시 남동구 간석동,부상신고사고,0,0,0,1,차대사람 - 기타,안전운전불이행,건조,맑음,단일로 - 기타,이륜,남,33세,상해없음,보행자,남,10세,부상신고
2016082800100514,2016년 8월 28일 21시,일요일,인천광역시 남동구 논현동,경상사고,0,0,1,0,차대차 - 기타,안전운전불이행,건조,맑음,단일로 - 기타,승용,남,37세,기타불명,승용,남,32세,상해없음