사고번호,사고일시,요일,시군구,사고내용,사망자수,중상자수,경상자수,부상신고자수,사고유형,법규위반,노면상태,기상상태,도로형태,가해운전자 차종,가해운전자 성별,가해운전자 연령,가해운전자 상해정도,피해운전자 차종,피해운전자 성별,피해운전자 연령,피해운전자 상해정도
2016090900100644,2016년 9월 9일 20시,금요일,인천광역시 연수구 옥련동,경상사고,0,0,1,0,차대사람 - 기타,안전운전불이행,건조,맑음,교차로 - 교차로부근,승용,남,63세,상해없음,보행자,남,23세,경상
2016090900100645,2016년 9월 9일 20시,금요일,인천광역시 부평구 부평동,중상사고,0,1,0,0,차대차 - 측면직각충돌,기타,건조,맑음,단일로 - 기타,승용,남,32세,상해없음,자전거,여,60세,중상
2016090900100689,2016년 9월 9일 21시,금요일,인천광역시 계양구 용종동,경상사고,0,0,1,0,차대차 - 기타,안전운전불이행,건조,맑음,단일로 - 기타,이륜,남,17세,상해없음,승용,남,47세,상해없음
2016090900100690,2016년 9월 9일 21시,금요일,인천광역시 강화군 화도면,중상사고,0,1,1,0,차대차 - 측면충돌,안전운전불이행,건조,맑음,단일로 - 기타,승합,남,29세,상해없음,승용,여,23세,경상
2016090900100752,2016년 9월 9일 23시,금요일,인천광역시 남구 도화동,경상사고,0,0,1,0,차대차 - 측면직각충돌,중앙선침범,건조,맑음,단일로 - 기타,승용,남,56세,상해없음,승용,남,31세,경상
2016090900100754,2016년 9월 9일 23시,금요일,인천광역시 서구 연희동,중상사고,0,1,1,0,차대사람 - 횡단중,보행자보호의무위반,건조,맑음,단일로 - 기타,원동기,남,18세,중상,보행자,여,55세,경상
2016091000100019,2016년 9월 10일 00시,토요일,인천광역시 서구 가정동,경상사고,0,0,3,0,차량단독 - 전도전복,안전운전불이행,건조,맑음,단일로 - 터널,승용,남,30세,상해없음,,,,
2016091000100062,2016년 9월 10일 03시,토요일,인천광역시 부평구 부개동,경상사고,0,0,5,0,차대차 - 기타,안전운전불이행,건조,맑음,단일로 - 기타,승용,남,55세,경상,승용,남,56세,경상
2016091000100078,2016년 9월 10일 04시,토요일,인천광역시 부평구 부평동,경상사고,0,0,1,0,차대차 - 측면직각충돌,신호위반,건조,맑음,교차로 - 교차로안,화물,남,26세,상해없음,승용,남,39세,경상
2016091000100079,2016년 9월 10일 04시,토요일,인천광역시 남동구 고잔동,경상사고,0,0,2,0,차대차 - 측면충돌,안전운전불이행,건조,맑음,단일로 - 기타,화물,남,51세,경상,특수,남,52세,경상
2016091000100112,2016년 9월 10일 06시,토요일,인천광역시 서구 석남동,경상사고,0,0,2,0,차대차 - 기타,안전운전불이행,건조,맑음,교차로 - 교차로부근,승용,남,24세,상해없음,승용,남,40세,경상
2016091000100123,2016년 9월 10일 07시,토요일,인천광역시 남구 주안동,경상사고,0,0,1,1,차대차 - 측면직각충돌,신호위반,건조,맑음,교차로 - 교차로안,화물,남,49세,상해없음,원동기,남,18세,경상
2016091000100147,2016년 9월 10일 08시,토요일,인천광역시 남구 용현동,경상사고,0,0,1,0,차대사람 - 기타,안전운전불이행,건조,맑음,단일로 - 기타,승합,남,48세,기타불명,보행자,남,6세,경상
2016091000100171,2016년 9월 10일 09시,토요일,인천광역시 남동구 고잔동,중상사고,0,1,11,0,차대차 - 추돌,안전운전불이행,건조,맑음,단일로 - 기타,승합,남,57세,상해없음,승용,남,48세,중상
2016091000100172,2016년 9월 10일 09시,토요일,인천광역시 강화군 불은면,경상사고,0,0,1,0,차대차 - 측면충돌,안전운전불이행,건조,맑음,교차로 - 교차로안,화물,남,32세,상해없음,자전거,남,75세,경상
2016091000100315,2016년 9월 10일 13시,토요일,인천광역시 서구 마전동,경상사고,0,0,1,0,차대사람 - 횡단중,안전운전불이행,건조,맑음,단일로 - 기타,승용,여,41세,상해없음,보행자,남,10세,경상
2016091000100385,2016년 9월 10일 15시,토요일,인천광역시 남구 용현동,경상사고,0,0,1,0,차대사람 - 횡단중,보행자보호의무위반,건조,맑음,단일로 - 횡단보도상,승용,남,69세,상해없음,보행자,남,21세,경상
2016091000100386,2016년 9월 10일 15시,토요일,인천광역시 남구 학익동,경상사고,0,0,1,2,차대차 - 기타,안전거리미확보,건조,맑음,단일로 - 기타,이륜,남,17세,부상신고,승용,남,63세,경상
2016091000100387,2016년 9월 10일 15시,토요일,인천광역시 서구 오류동,경상사고,0,0,2,0,차대차 - 추돌,안전운전불이행,건조,맑음,교차로 - 교차로안,승용,여,56세,상해없음,건설기계,남,54세,경상
2016091000100429,2016년 9월 10일 16시,토요일,인천광역시 부평구 부평동,경상사고,0,0,1,0,차대사람 - 길가장자리구역통행중,안전운전불이행,건조,맑음,단일로 - 기타,이륜,남,65세,상해없음,보행자,여,48세,경상
2016091000100471,2016년 9월 10일 17시,토요일,인천광역시 서구 가정동,중상사고,0,1,0,0,차대차 - 측면충돌,신호위반,건조,맑음,교차로 - 교차로안,승용,여,51세,상해없음,이륜,남,54세,중상
2016091000100472,2016년 9월 10일 17시,토요일,인천광역시 부평구 구산동,경상사고,0,0,1,0,차대차 - 추돌,안전운전불이행,건조,맑음,교차로 - 교차로부근,승용,남,52세,상해없음,승용,남,59세,상해없음
2016091000100504,2016년 9월 10일 18시,토요일,인천광역시 부평구 산곡동,경상사고,0,0,2,0,차대차 - 측면직각충돌,안전운전불이행,건조,맑음,교차로 - 교차로안,승용,여,54세,상해없음,승용,남,25세,상해없음
2016091000100545,2016년 9월 10일 19시,토요일,인천광역시 남동구 구월동,중상사고,0,1,1,0,차대차 - 측면직각충돌,교차로운행방법위반,건조,맑음,교차로 - 교차로안,승용,여,52세,경상,승용,여,57세,중상
2016091000100546,2016년 9월 10일 19시,토요일,인천광역시 서구 석남동,부상신고사고,0,0,0,1,차대사람 - 횡단중,안전운전불이행,건조,맑음,단일로 - 기타,이륜,남,18세,부상신고,보행자,남,73세,상해없음
2016091000100576,2016년 9월 10일 20시,토요일,인천광역시 계양구 작전동,중상사고,0,1,0,0,차대차 - 측면직각충돌,안전운전불이행,건조,맑음,교차로 - 교차로안,이륜,남,18세,상해없음,이륜,여,62세,중상
2016091000100609,2016년 9월 10일 21시,토요일,인천광역시 남구 주안동,경상사고,0,0,1,0,차대차 - 기타,기타,건조,맑음,단일로 - 기타,승합,남,50세,상해없음,이륜,남,22세,기타불명
2016091000100639,2016년 9월 10일 22시,토요일,인천광역시 남구 주안동,경상사고,0,0,2,0,차대차 - 기타,차로위반,건조,맑음,기타 - 기타,승용,여,42세,상해없음,승용,남,34세,경상
2016091000100640,2016년 9월 10일 22시,토요일,인천광역시 남동구 만수동,경상사고,0,0,2,0,차대차 - 추돌,안전운전불이행,건조,맑음,단일로 - 기타,승용,남,41세,상해없음,승용,남,59세,경상
2016091100100015,2016년 9월 11일 00시,일요일,인천광역시 남구 주안동,중상사고,0,1,0,0,차대사람 - 길가장자리구역통행중,안전운전불이행,건조,맑음,교차로 - 교차로부근,승용,남,64세,상해없음,보행자,남,46세,중상
2016091100100032,2016년 9월 11일 01시,일요일,인천광역시 남동구 만수동,경상사고,0,0,2,0,차대차 - 측면직각충돌,신호위반,건조,맑음,교차로 - 교차로안,승용,남,19세,상해없음,승용,여,59세,경상
2016091100100033,2016년 9월 11일 01시,일요일,인천광역시 남동구 도림동,중상사고,0,1,0,0,차대사람 - 횡단중,신호위반,건조,맑음,단일로 - 횡단보도상,승용,남,44세,상해없음,보행자,남,23세,중상
2016091100100054,2016년 9월 11일 03시,일요일,인천광역시 부평구 부평동,경상사고,0,0,2,0,차대차 - 추돌,안전운전불이행,건조,맑음,교차로 - 교차로안,승용,남,26세,상해없음,이륜,남,74세,경상
2016091100100070,2016년 9월 11일 04시,일요일,인천광역시 남구 주안동,경상사고,0,0,1,0,차대차 - 측면직각충돌,안전운전불이행,건조,맑음,교차로 - 교차로부근,승용,여,33세,상해없음,승용,남,49세,경상
2016091100100071,2016년 9월 11일 04시,일요일,인천광역시 서구 왕길동,경상사고,0,0,1,0,차대차 - 추돌,안전운전불이행,건조,맑음,단일로 - 기타,승용,남,28세,상해없음,승용,남,27세,경상
2016091100100076,2016년 9월 11일 05시,일요일,인천광역시 서구 왕길동,경상사고,0,0,2,0,차대차 - 측면충돌,안전운전불이행,건조,맑음,교차로 - 교차로안,승용,남,71세,경상,화물,남,59세,경상
2016091100100115,2016년 9월 11일 08시,일요일,인천광역시 남구 도화동,경상사고,0,0,1,0,차대차 - 기타,교차로운행방법위반,건조,맑음,교차로 - 교차로부근,승용,남,42세,상해없음,이륜,남,36세,경상
2016091100100258,2016년 9월 11일 14시,일요일,인천광역시 남동구 논현동,경상사고,0,0,1,0,차대차 - 추돌,안전운전불이행,건조,맑음,교차로 - 교차로부근,승용,남,54세,상해없음,승용,남,54세,상해없음
2016091100100259,2016년 9월 11일 14시,일요일,인천광역시 연수구 송도동,경상사고,0,0,3,0,차대차 - 기타,신호위반,건조,맑음,단일로 - 기타,승용,남,58세,상해없음,승용,남,43세,경상
2016091100100288,2016년 9월 11일 15시,일요일,인천광역시 남동구 구월동,경상사고,0,0,1,0,차대차 - 정면충돌,신호위반,건조,맑음,교차로 - 교차로안,승용,남,72세,상해없음,승용,남,34세,경상
2016091100100289,2016년 9월 11일 15시,일요일,인천광역시 서구 가좌동,경상사고,0,0,1,0,차대차 - 측면충돌,중앙선침범,건조,맑음,단일로 - 기타,승용,남,33세,상해없음,승용,남,49세,경상
2016091100100290,2016년 9월 11일 15시,일요일,인천광역시 연수구 옥련동,중상사고,0,1,0,0,차대사람 - 횡단중,안전운전불이행,건조,맑음,단일로 - 기타,승용,남,64세,상해없음,보행자,남,80세,중상
2016091100100291,2016년 9월 11일 15시,일요일,인천광역시 남구 주안동,경상사고,0,0,3,0,차대차 - 추돌,안전거리미확보,건조,맑음,단일로 - 교량,승용,남,54세,상해없음,승용,남,25세,경상
2016091100100314,2016년 9월 11일 16시,일요일,인천광역시 중구 덕교동,경상사고,0,0,1,0,차대사람 - 차도통행중,안전운전불이행,건조,맑음,교차로 - 교차로부근,승용,남,60세,상해없음,보행자,남,2세,경상
2016091100100315,2016년 9월 11일 16시,일요일,인천광역시 부평구 청천동,중상사고,0,1,0,0,차대차 - 측면충돌,안전운전불이행,건조,맑음,단일로 - 기타,화물,남,43세,상해없음,자전거,남,10세,중상
2016091100100316,2016년 9월 11일 16시,일요일,인천광역시 남동구 구월동,중상사고,0,1,0,0,차대차 - 측면충돌,교차로운행방법위반,건조,맑음,단일로 - 기타,승용,남,24세,상해없음,이륜,남,31세,중상
2016091100100317,2016년 9월 11일 16시,일요일,인천광역시 서구 가좌동,중상사고,0,1,0,0,차대사람 - 횡단중,안전운전불이행,건조,맑음,단일로 - 기타,승용,남,49세,상해없음,보행자,남,8세,중상
2016091100100340,2016년 9월 11일 17시,일요일,인천광역시 부평구 부평동,사망사고,1,0,0,0,차대차 - 측면직각충돌,직진우회전진행방해,건조,맑음,교차로 - 교차로안,승용,남,25세,상해없음,원동기,남,60세,사망
2016091100100396,2016년 9월 11일 19시,일요일,인천광역시 남동구 구월동,경상사고,0,0,1,0,차대차 - 측면직각충돌,기타,건조,맑음,단일로 - 기타,승용,남,56세,상해없음,원동기,남,48세,경상
2016091100100427,2016년 9월 11일 20시,일요일,인천광역시 서구 경서동,경상사고,0,0,1,0,차대차 - 기타,안전운전불이행,건조,맑음,기타 - 기타,기타불명,기타불명,기타불명,기타불명,자전거,남,45세,경상
2016091100100428,2016년 9월 11일 20시,일요일,인천광역시 계양구 효성동,중상사고,0,1,0,0,차대사람 - 횡단중,신호위반,건조,맑음,교차로 - 교차로안,화물,남,45세,상해없음,보행자,여,25세,중상
2016091200100036,2016년 9월 12일 03시,월요일,인천광역시 서구 가좌동,경상사고,0,0,1,0,차대차 - 기타,안전운전불이행,건조,맑음,교차로 - 교차로부근,승용,남,36세,상해없음,화물,남,53세,경상
2016091200100075,2016년 9월 12일 06시,월요일,인천광역시 남구 학익동,경상사고,0,0,1,0,차대차 - 측면충돌,신호위반,건조,맑음,교차로 - 교차로안,화물,남,50세,상해없음,승용,남,47세,경상
2016091200100076,2016년 9월 12일 06시,월요일,인천광역시 남구 관교동,중상사고,0,1,0,0,차대차 - 측면충돌,안전운전불이행,건조,맑음,교차로 - 교차로부근,승용,여,48세,상해없음,자전거,남,76세,중상
2016091200100077,2016년 9월 12일 06시,월요일,인천광역시 남구 학익동,경상사고,0,0,1,0,차대차 - 정면충돌,안전운전불이행,건조,맑음,단일로 - 기타,승합,남,60세,상해없음,승용,여,62세,경상
2016091200100078,2016년 9월 12일 06시,월요일,인천광역시 서구 심곡동,경상사고,0,0,1,0,차대차 - 측면충돌,교차로운행방법위반,건조,맑음,교차로 - 교차로안,승용,남,31세,상해없음,자전거,남,34세,경상
2016091200100135,2016년 9월 12일 08시,월요일,인천광역시 부평구 갈산동,경상사고,0,0,1,0,차대차 - 측면직각충돌,안전운전불이행,건조,맑음,기타 - 기타,승용,남,45세,상해없음,승용,여,44세,경상
2016091200100327,2016년 9월 12일 13시,월요일,인천광역시 남구 주안동,중상사고,0,1,0,0,차대차 - 기타,차로위반,습기,기타,교차로 - 교차로안,승용,여,37세,상해없음,이륜,남,55세,중상
2016091200100370,2016년 9월 12일 14시,월요일,인천광역시 부평구 부평동,경상사고,0,0,1,0,차대차 - 기타,안전운전불이행,건조,맑음,교차로 - 교차로부근,승용,남,68세,상해없음,이륜,남,22세,경상
2016091200100418,2016년 9월 12일 15시,월요일,인천광역시 남구 주안동,부상신고사고,0,0,0,1,차대사람 - 기타,안전운전불이행,건조,맑음,단일로 - 기타,승용,남,27세,상해없음,보행자,남,45세,부상신고
2016091200100452,2016년 9월 12일 16시,월요일,인천광역시 남동구 간석동,경상사고,0,0,1,0,차대차 - 추돌,안전거리미확보,건조,맑음,단일로 - 기타,이륜,남,27세,경상,승용,여,31세,상해없음
2016091200100500,2016년 9월 12일 17시,월요일,인천광역시 부평구 부평동,경상사고,0,0,1,0,차대차 - 추돌,안전운전불이행,건조,맑음,단일로 - 기타,승용,남,40세,상해없음,승용,남,32세,경상
2016091200100591,2016년 9월 12일 19시,월요일,인천광역시 남동구 간석동,경상사고,0,0,2,0,차대차 - 측면직각충돌,차로위반,건조,맑음,단일로 - 기타,승용,남,49세,상해없음,승용,여,35세,경상
2016091200100592,2016년 9월 12일 19시,월요일,인천광역시 부평구 일신동,경상사고,0,0,1,0,차대차 - 추돌,안전운전불이행,건조,맑음,단일로 - 기타,승용,여,49세,상해없음,승용,남,26세,경상
2016091200100633,2016년 9월 12일 20시,월요일,인천광역시 계양구 작전동,중상사고,0,1,0,0,차대차 - 기타,안전거리미확보,건조,맑음,교차로 - 교차로부근,이륜,남,43세,상해없음,이륜,남,30세,중상
2016091200100668,2016년 9월 12일 21시,월요일,인천광역시 남동구 논현동,경상사고,0,0,2,0,차대차 - 측면직각충돌,신호위반,건조,맑음,교차로 - 교차로안,승용,남,40세,경상,승용,남,50세,경상
2016091200100702,2016년 9월 12일 22시,월요일,인천광역시 남동구 만수동,경상사고,0,0,1,0,차대사람 - 횡단중,보행자보호의무위반,건조,맑음,단일로 - 기타,자전거,남,15세,상해없음,보행자,여,34세,경상
2016091200100733,2016년 9월 12일 23시,월요일,인천광역시 남동구 구월동,경상사고,0,0,2,0,차대차 - 추돌,안전운전불이행,건조,맑음,교차로 - 교차로부근,승용,남,28세,상해없음,승용,여,22세,경상
2016091200100734,2016년 9월 12일 23시,월요일,인천광역시 서구 가좌동,중상사고,0,1,0,0,차대사람 - 횡단중,안전운전불이행,건조,맑음,단일로 - 기타,승용,남,63세,상해없음,보행자,남,34세,중상
2016091200100735,2016년 9월 12일 23시,월요일,인천광역시 계양구 계산동,경상사고,0,0,1,0,차대사람 - 보도통행중,안전운전불이행,건조,맑음,단일로 - 기타,기타불명,기타불명,기타불명,기타불명,보행자,남,44세,경상
2016091200100736,2016년 9월 12일 23시,월요일,인천광역시 서구 가좌동,사망사고,1,0,0,0,차대사람 - 보도통행중,안전운전불이행,건조,맑음,단일로 - 기타,승용,남,38세,상해없음,보행자,남,75세,사망
2016091300100055,2016년 9월 13일 04시,화요일,인천광역시 남동구 구월동,경상사고,0,0,1,0,차대차 - 정면충돌,교차로운행방법위반,건조,맑음,교차로 - 교차로안,승용,남,24세,상해없음,이륜,남,22세,경상
2016091300100141,2016년 9월 13일 08시,화요일,인천광역시 연수구 연수동,중상사고,0,1,0,0,차대차 - 측면직각충돌,신호위반,건조,맑음,단일로 - 횡단보도부근,자전거,여,56세,중상,승용,남,67세,상해없음
2016091300100223,2016년 9월 13일 10시,화요일,인천광역시 부평구 부평동,경상사고,0,0,1,0,차대차 - 측면충돌,안전운전불이행,건조,맑음,단일로 - 기타,승용,남,32세,상해없음,승용,남,33세,경상
2016091300100224,2016년 9월 13일 10시,화요일,인천광역시 서구 가좌동,사망사고,1,0,0,0,차대사람 - 횡단중,안전운전불이행,건조,맑음,교차로 - 교차로안,승합,남,26세,상해없음,보행자,여,81세,사망
2016091300100330,2016년 9월 13일 13시,화요일,인천광역시 서구 가정동,경상사고,0,0,1,0,차대차 - 추돌,안전운전불이행,건조,맑음,교차로 - 교차로부근,승용,남,47세,상해없음,화물,남,65세,경상
2016091300100371,2016년 9월 13일 14시,화요일,인천광역시 부평구 십정동,경상사고,0,0,1,0,차대차 - 추돌,안전거리미확보,건조,맑음,단일로 - 기타,승용,여,21세,상해없음,승용,남,35세,경상
2016091300100372,2016년 9월 13일 14시,화요일,인천광역시 서구 석남동,경상사고,0,0,2,0,차대차 - 추돌,안전운전불이행,건조,맑음,교차로 - 교차로부근,화물,남,62세,상해없음,승용,남,41세,경상
2016091300100423,2016년 9월 13일 15시,화요일,인천광역시 남구 용현동,경상사고,0,0,1,0,차대사람 - 횡단중,안전운전불이행,건조,맑음,단일로 - 기타,승용,여,46세,상해없음,보행자,남,10세,경상
2016091300100424,2016년 9월 13일 15시,화요일,인천광역시 계양구 작전동,경상사고,0,0,1,0,차대차 - 기타,안전운전불이행,건조,맑음,단일로 - 기타,승용,남,63세,상해없음,승용,남,56세,상해없음
2016091300100466,2016년 9월 13일 16시,화요일,인천광역시 부평구 청천동,중상사고,0,1,4,0,차대차 - 추돌,안전운전불이행,건조,맑음,단일로 - 기타,승용,여,59세,상해없음,승용,남,33세,경상
2016091300100467,2016년 9월 13일 16시,화요일,인천광역시 부평구 청천동,경상사고,0,0,1,0,차대차 - 추돌,안전운전불이행,건조,맑음,단일로 - 기타,승용,남,58세,상해없음,승용,남,24세,상해없음
2016091300100468,2016년 9월 13일 16시,화요일,인천광역시 부평구 부평동,경상사고,0,0,1,0,차대차 - 추돌,안전운전불이행,건조,맑음,단일로 - 기타,승용,남,66세,상해없음,승용,남,60세,경상
2016091300100469,2016년 9월 13일 16시,화요일,인천광역시 서구 석남동,경상사고,0,0,1,0,차대차 - 기타,직진우회전진행방해,건조,맑음,교차로 - 교차로안,승용,남,66세,상해없음,이륜,남,42세,경상
2016091300100529,2016년 9월 13일 17시,화요일,인천광역시 중구 도원동,중상사고,0,1,0,0,차대사람 - 횡단중,안전운전불이행,건조,맑음,단일로 - 기타,승용,남,54세,상해없음,보행자,남,17세,중상
2016091300100530,2016년 9월 13일 17시,화요일,인천광역시 남구 용현동,경상사고,0,0,1,0,차대차 - 측면직각충돌,안전거리미확보,건조,맑음,교차로 - 교차로부근,승용,여,35세,상해없음,승용,여,46세,경상
2016091300100531,2016년 9월 13일 17시,화요일,인천광역시 부평구 갈산동,중상사고,0,1,3,0,차대차 - 기타,기타,건조,맑음,단일로 - 기타,승용,여,46세,경상,이륜,남,42세,중상
2016091300100569,2016년 9월 13일 18시,화요일,인천광역시 남동구 간석동,경상사고,0,0,1,0,차대차 - 측면충돌,교차로운행방법위반,건조,맑음,교차로 - 교차로안,자전거,남,14세,경상,승용,남,57세,상해없음
2016091300100570,2016년 9월 13일 18시,화요일,인천광역시 남동구 도림동,경상사고,0,0,1,0,차대차 - 추돌,안전운전불이행,건조,맑음,단일로 - 기타,승용,남,53세,상해없음,이륜,남,75세,경상
2016091300100571,2016년 9월 13일 18시,화요일,인천광역시 서구 가좌동,경상사고,0,0,1,0,차대차 - 추돌,안전운전불이행,건조,맑음,교차로 - 교차로안,승용,남,60세,상해없음,이륜,남,71세,경상
2016091300100572,2016년 9월 13일 18시,화요일,인천광역시 부평구 부개동,경상사고,0,0,1,0,차대차 - 측면직각충돌,안전운전불이행,건조,맑음,교차로 - 교차로부근,승용,남,42세,상해없음,승용,남,71세,상해없음
2016091300100619,2016년 9월 13일 19시,화요일,인천광역시 남동구 만수동,경상사고,0,0,1,0,차대차 - 측면충돌,안전운전불이행,건조,맑음,단일로 - 횡단보도부근,승용,남,63세,상해없음,승용,남,34세,경상
2016091300100663,2016년 9월 13일 20시,화요일,인천광역시 동구 송림동,중상사고,0,1,0,0,차대차 - 측면충돌,신호위반,건조,맑음,교차로 - 교차로안,승용,여,59세,상해없음,승용,남,60세,중상
2016091300100664,2016년 9월 13일 20시,화요일,인천광역시 남동구 구월동,경상사고,0,0,1,0,차대차 - 측면충돌,교차로운행방법위반,건조,맑음,교차로 - 교차로부근,승용,여,28세,상해없음,승용,남,39세,경상
2016091300100665,2016년 9월 13일 20시,화요일,인천광역시 남동구 간석동,경상사고,0,0,2,0,차대차 - 측면충돌,차로위반,건조,맑음,단일로 - 기타,승용,남,33세,기타불명,승용,남,55세,경상
2016091300100666,2016년 9월 13일 20시,화요일,인천광역시 연수구 송도동,중상사고,0,1,0,0,차대사람 - 차도통행중,안전운전불이행,건조,흐림,단일로 - 기타,승용,남,57세,상해없음,보행자,여,16세,중상
2016091300100698,2016년 9월 13일 21시,화요일,인천광역시 계양구 계산동,경상사고,0,0,4,0,차대차 - 기타,안전운전불이행,건조,맑음,교차로 - 교차로부근,승용,남,53세,상해없음,승용,남,35세,경상
2016091300100727,2016년 9월 13일 22시,화요일,인천광역시 남구 도화동,중상사고,0,1,0,0,차대사람 - 횡단중,신호위반,건조,맑음,교차로 - 교차로안,승용,남,52세,상해없음,보행자,여,25세,중상
2016091300100746,2016년 9월 13일 23시,화요일,인천광역시 강화군 강화읍,중상사고,0,1,0,0,차대사람 - 횡단중,안전운전불이행,건조,맑음,단일로 - 횡단보도부근,승용,남,55세,상해없음,보행자,남,55세,중상
2016091300100747,2016년 9월 13일 23시,화요일,인천광역시 연수구 송도동,중상사고,0,1,0,0,차대차 - 기타,신호위반,건조,맑음,교차로 - 교차로안,승용,남,43세,상해없음,승용,여,49세,중상
2016091400100016,2016년 9월 14일 00시,수요일,인천광역시 남동구 고잔동,중상사고,0,1,0,0,차대차 - 측면충돌,안전운전불이행,건조,맑음,교차로 - 교차로부근,승용,남,44세,상해없음,이륜,남,29세,중상
2016091400100053,2016년 9월 14일 02시,수요일,인천광역시 부평구 삼산동,사망사고,1,0,1,0,차대사람 - 기타,안전운전불이행,건조,맑음,단일로 - 기타,승용,남,62세,상해없음,보행자,남,52세,사망
2016091400100054,2016년 9월 14일 02시,수요일,인천광역시 부평구 삼산동,경상사고,0,0,1,1,차대사람 - 차도통행중,안전운전불이행,건조,맑음,단일로 - 교량,승용,남,31세,상해없음,보행자,남,52세,부상신고
2016091400100071,2016년 9월 14일 03시,수요일,인천광역시 부평구 갈산동,부상신고사고,0,0,0,1,차대사람 - 기타,안전운전불이행,건조,맑음,기타 - 기타,승용,남,49세,상해없음,보행자,남,65세,부상신고
2016091400100092,2016년 9월 14일 04시,수요일,인천광역시 남동구 간석동,중상사고,0,1,0,0,차대사람 - 횡단중,안전운전불이행,건조,맑음,교차로 - 교차로부근,화물,남,47세,상해없음,보행자,남,46세,중상
2016091400100103,2016년 9월 14일 05시,수요일,인천광역시 부평구 십정동,중상사고,0,1,2,0,차대차 - 추돌,안전운전불이행,건조,맑음,단일로 - 기타,승용,남,52세,상해없음,화물,남,46세,경상
2016091400100114,2016년 9월 14일 06시,수요일,인천광역시 서구 가정동,중상사고,0,1,0,0,차대차 - 추돌,불법유턴,건조,맑음,단일로 - 기타,승용,남,54세,상해없음,자전거,남,58세,중상
2016091400100130,2016년 9월 14일 07시,수요일,인천광역시 남구 주안동,중상사고,0,1,0,0,차대차 - 측면직각충돌,안전운전불이행,건조,맑음,단일로 - 기타,승용,남,34세,상해없음,이륜,남,57세,중상
2016091400100144,2016년 9월 14일 08시,수요일,인천광역시 부평구 부평동,중상사고,0,1,0,0,차대차 - 추돌,안전운전불이행,건조,맑음,교차로 - 교차로부근,승용,남,27세,상해없음,승용,여,59세,중상
2016091400100182,2016년 9월 14일 10시,수요일,인천광역시 부평구 부평동,중상사고,0,1,0,0,차대사람 - 횡단중,안전운전불이행,건조,맑음,교차로 - 교차로부근,승용,남,29세,상해없음,보행자,여,77세,중상
2016091400100237,2016년 9월 14일 12시,수요일,인천광역시 남동구 간석동,경상사고,0,0,3,0,차대차 - 추돌,안전운전불이행,건조,맑음,단일로 - 기타,승용,남,63세,상해없음,승용,남,24세,경상
2016091400100238,2016년 9월 14일 12시,수요일,인천광역시 계양구 용종동,경상사고,0,0,1,0,차대사람 - 횡단중,신호위반,건조,맑음,교차로 - 교차로안,승합,남,66세,상해없음,보행자,여,21세,경상
2016091400100262,2016년 9월 14일 13시,수요일,인천광역시 연수구 옥련동,경상사고,0,0,1,0,차대차 - 기타,안전운전불이행,건조,맑음,단일로 - 기타,승용,남,41세,상해없음,승용,남,57세,경상
2016091400100277,2016년 9월 14일 14시,수요일,인천광역시 계양구 계산동,경상사고,0,0,4,0,차대차 - 측면직각충돌,안전운전불이행,건조,맑음,교차로 - 교차로안,승용,남,54세,상해없음,승용,남,32세,경상
2016091400100375,2016년 9월 14일 18시,수요일,인천광역시 서구 원창동,경상사고,0,0,1,0,차대차 - 기타,안전운전불이행,건조,맑음,교차로 - 교차로부근,승용,남,33세,상해없음,승용,남,56세,경상
2016091400100433,2016년 9월 14일 21시,수요일,인천광역시 서구 원창동,경상사고,0,0,1,0,차대차 - 측면충돌,교차로운행방법위반,건조,맑음,교차로 - 교차로안,승용,남,46세,상해없음,승용,남,30세,경상
2016091500100042,2016년 9월 15일 04시,목요일,인천광역시 부평구 부평동,경상사고,0,0,1,0,차대차 - 기타,안전운전불이행,건조,맑음,단일로 - 기타,승용,남,25세,상해없음,승용,남,43세,경상
2016091500100043,2016년 9월 15일 04시,목요일,인천광역시 남동구 구월동,경상사고,0,0,4,0,차대차 - 추돌,안전운전불이행,건조,맑음,단일로 - 기타,승용,남,35세,상해없음,승용,남,28세,경상
2016091500100125,2016년 9월 15일 11시,목요일,인천광역시 남동구 간석동,경상사고,0,0,1,0,차대차 - 추돌,차로위반,건조,맑음,단일로 - 기타,승용,남,37세,상해없음,승용,남,43세,경상
2016091500100148,2016년 9월 15일 12시,목요일,인천광역시 계양구 박촌동,중상사고,0,1,3,0,차대차 - 측면충돌,과속,건조,맑음,교차로 - 교차로안,승용,여,33세,상해없음,화물,남,47세,경상
2016091500100172,2016년 9월 15일 13시,목요일,인천광역시 남동구 논현동,경상사고,0,0,4,0,차대차 - 측면직각충돌,안전운전불이행,건조,맑음,단일로 - 기타,승용,여,66세,상해없음,승용,남,49세,경상
2016091500100173,2016년 9월 15일 13시,목요일,인천광역시 남동구 장수동,중상사고,0,1,1,0,차대차 - 추돌,안전운전불이행,건조,맑음,단일로 - 기타,승용,여,43세,상해없음,승용,남,58세,중상
2016091500100206,2016년 9월 15일 14시,목요일,인천광역시 남구 문학동,중상사고,0,2,1,0,차대차 - 측면충돌,신호위반,건조,맑음,교차로 - 교차로부근,승용,남,37세,상해없음,승용,남,33세,중상
2016091500100273,2016년 9월 15일 17시,목요일,인천광역시 중구 북성동1가,부상신고사고,0,0,0,1,차대차 - 기타,교차로운행방법위반,건조,맑음,교차로 - 교차로안,승용,남,51세,상해없음,이륜,남,41세,부상신고