사고번호,사고일시,요일,시군구,사고내용,사망자수,중상자수,경상자수,부상신고자수,사고유형,법규위반,노면상태,기상상태,도로형태,가해운전자 차종,가해운전자 성별,가해운전자 연령,가해운전자 상해정도,피해운전자 차종,피해운전자 성별,피해운전자 연령,피해운전자 상해정도
2016091500100359,2016년 9월 15일 22시,목요일,인천광역시 남구 도화동,경상사고,0,0,4,0,차대차 - 측면직각충돌,안전운전불이행,건조,맑음,교차로 - 교차로부근,승합,남,56세,상해없음,승용,남,40세,경상
2016091500100374,2016년 9월 15일 23시,목요일,인천광역시 부평구 부평동,경상사고,0,0,1,0,차대사람 - 길가장자리구역통행중,안전운전불이행,건조,맑음,단일로 - 기타,승용,남,57세,상해없음,보행자,남,49세,경상
2016091500100375,2016년 9월 15일 23시,목요일,인천광역시 서구 석남동,중상사고,0,1,0,0,차대차 - 정면충돌,안전운전불이행,건조,맑음,교차로 - 교차로안,승용,남,37세,상해없음,승합,여,34세,중상
2016091600100012,2016년 9월 16일 00시,금요일,인천광역시 서구 경서동,부상신고사고,0,0,0,3,차대차 - 추돌,안전운전불이행,건조,맑음,단일로 - 기타,승용,남,77세,상해없음,승용,남,24세,부상신고
2016091600100033,2016년 9월 16일 03시,금요일,인천광역시 연수구 연수동,중상사고,0,1,0,0,차대차 - 측면직각충돌,안전운전불이행,건조,맑음,교차로 - 교차로부근,승용,남,60세,상해없음,이륜,남,37세,중상
2016091600100092,2016년 9월 16일 10시,금요일,인천광역시 서구 가좌동,경상사고,0,0,2,0,차대차 - 추돌,안전운전불이행,건조,맑음,교차로 - 교차로부근,승용,여,35세,상해없음,승용,남,60세,경상
2016091600100093,2016년 9월 16일 10시,금요일,인천광역시 계양구 효성동,경상사고,0,0,1,0,차대차 - 정면충돌,교차로운행방법위반,건조,맑음,교차로 - 교차로안,승용,남,71세,상해없음,승용,남,63세,경상
2016091600100163,2016년 9월 16일 13시,금요일,인천광역시 강화군 양도면,경상사고,0,0,1,0,차대차 - 정면충돌,중앙선침범,건조,기타,단일로 - 기타,승용,남,33세,상해없음,승용,남,71세,경상
2016091600100176,2016년 9월 16일 14시,금요일,인천광역시 중구 북성동2가,중상사고,0,1,0,0,차대사람 - 보도통행중,기타,건조,맑음,단일로 - 기타,승용,남,32세,상해없음,보행자,여,55세,중상
2016091600100177,2016년 9월 16일 14시,금요일,인천광역시 계양구 계산동,중상사고,0,1,0,0,차대차 - 측면충돌,기타,건조,맑음,교차로 - 교차로안,승용,여,47세,상해없음,이륜,남,22세,중상
2016091600100217,2016년 9월 16일 16시,금요일,인천광역시 중구 덕교동,경상사고,0,0,1,0,차대차 - 기타,안전운전불이행,건조,맑음,교차로 - 교차로안,승용,남,33세,상해없음,자전거,남,78세,경상
2016091600100241,2016년 9월 16일 17시,금요일,인천광역시 연수구 송도동,중상사고,0,1,0,0,차대차 - 기타,안전운전불이행,건조,맑음,단일로 - 기타,승용,남,32세,상해없음,이륜,남,23세,중상
2016091600100266,2016년 9월 16일 18시,금요일,인천광역시 남동구 만수동,중상사고,0,1,1,0,차대차 - 측면충돌,안전운전불이행,건조,맑음,단일로 - 기타,승용,남,42세,상해없음,승용,남,30세,중상
2016091600100267,2016년 9월 16일 18시,금요일,인천광역시 남동구 구월동,경상사고,0,0,6,0,차대차 - 추돌,안전운전불이행,건조,흐림,단일로 - 기타,승용,남,35세,상해없음,승용,여,31세,경상
2016091600100268,2016년 9월 16일 18시,금요일,인천광역시 서구 왕길동,중상사고,0,1,0,0,차대차 - 추돌,신호위반,건조,맑음,교차로 - 교차로부근,이륜,남,40세,상해없음,승용,남,58세,중상
2016091600100269,2016년 9월 16일 18시,금요일,인천광역시 강화군 강화읍,경상사고,0,0,4,1,차대차 - 추돌,안전운전불이행,건조,맑음,단일로 - 기타,승합,남,42세,상해없음,승용,남,27세,경상
2016091600100301,2016년 9월 16일 19시,금요일,인천광역시 계양구 박촌동,중상사고,0,1,0,0,차대사람 - 횡단중,안전운전불이행,건조,맑음,교차로 - 교차로안,승용,남,38세,상해없음,보행자,여,73세,중상
2016091600100327,2016년 9월 16일 20시,금요일,인천광역시 연수구 선학동,경상사고,0,0,1,0,차대사람 - 길가장자리구역통행중,안전운전불이행,건조,맑음,단일로 - 기타,화물,남,60세,상해없음,보행자,남,37세,경상
2016091600100354,2016년 9월 16일 21시,금요일,인천광역시 부평구 청천동,중상사고,0,1,0,0,차대사람 - 횡단중,신호위반,건조,맑음,단일로 - 횡단보도상,원동기,남,16세,상해없음,보행자,남,47세,중상
2016091600100355,2016년 9월 16일 21시,금요일,인천광역시 남동구 만수동,중상사고,0,1,0,0,차대차 - 추돌,교차로운행방법위반,건조,흐림,교차로 - 교차로안,승용,남,30세,상해없음,이륜,남,36세,중상
2016091600100399,2016년 9월 16일 23시,금요일,인천광역시 남동구 구월동,경상사고,0,0,1,0,차대차 - 측면충돌,안전거리미확보,건조,맑음,단일로 - 기타,승용,남,30세,상해없음,승용,남,37세,경상
2016091700100082,2016년 9월 17일 02시,토요일,인천광역시 중구 운서동,부상신고사고,0,0,0,1,차량단독 - 전도전복,안전운전불이행,건조,맑음,단일로 - 기타,승용,여,24세,상해없음,,,,
2016091700100101,2016년 9월 17일 03시,토요일,인천광역시 연수구 선학동,경상사고,0,0,1,0,차대사람 - 기타,중앙선침범,기타,비,단일로 - 기타,화물,남,52세,상해없음,보행자,남,52세,경상
2016091700100124,2016년 9월 17일 05시,토요일,인천광역시 남구 주안동,경상사고,0,0,1,0,차대차 - 추돌,안전운전불이행,습기,비,단일로 - 기타,기타불명,기타불명,기타불명,기타불명,승용,남,54세,상해없음
2016091700100135,2016년 9월 17일 06시,토요일,인천광역시 연수구 연수동,중상사고,0,2,1,0,차대차 - 정면충돌,중앙선침범,습기,비,단일로 - 기타,승용,남,53세,상해없음,승용,남,26세,경상
2016091700100167,2016년 9월 17일 08시,토요일,인천광역시 남구 학익동,경상사고,0,0,1,0,차대차 - 추돌,안전운전불이행,건조,맑음,교차로 - 교차로부근,승용,여,64세,상해없음,승용,남,55세,경상
2016091700100168,2016년 9월 17일 08시,토요일,인천광역시 남동구 고잔동,경상사고,0,0,1,0,차대차 - 측면충돌,신호위반,건조,맑음,교차로 - 교차로안,승용,남,39세,상해없음,승용,남,47세,경상
2016091700100244,2016년 9월 17일 12시,토요일,인천광역시 중구 인현동,경상사고,0,0,1,0,차대사람 - 횡단중,안전운전불이행,건조,맑음,단일로 - 기타,이륜,남,77세,상해없음,보행자,남,66세,경상
2016091700100245,2016년 9월 17일 12시,토요일,인천광역시 계양구 작전동,경상사고,0,0,3,0,차대차 - 측면직각충돌,신호위반,건조,맑음,단일로 - 기타,승합,남,50세,상해없음,화물,남,52세,상해없음
2016091700100276,2016년 9월 17일 13시,토요일,인천광역시 부평구 부평동,경상사고,0,0,1,0,차대차 - 기타,안전운전불이행,건조,맑음,단일로 - 기타,이륜,남,24세,상해없음,승용,여,42세,경상
2016091700100277,2016년 9월 17일 13시,토요일,인천광역시 부평구 부개동,경상사고,0,0,1,0,차대차 - 기타,안전운전불이행,건조,맑음,단일로 - 기타,승용,남,57세,상해없음,승용,남,36세,경상
2016091700100304,2016년 9월 17일 14시,토요일,인천광역시 옹진군 북도면,경상사고,0,0,1,0,차대차 - 측면직각충돌,안전운전불이행,건조,맑음,단일로 - 기타,기타불명,기타불명,기타불명,기타불명,자전거,여,44세,경상
2016091700100332,2016년 9월 17일 15시,토요일,인천광역시 남구 도화동,경상사고,0,0,4,0,차대차 - 추돌,안전운전불이행,건조,맑음,단일로 - 기타,승용,여,54세,상해없음,승용,남,64세,경상
2016091700100333,2016년 9월 17일 15시,토요일,인천광역시 남동구 장수동,경상사고,0,0,1,0,차대차 - 측면직각충돌,안전거리미확보,건조,맑음,교차로 - 교차로안,승용,남,53세,상해없음,승용,남,41세,경상
2016091700100370,2016년 9월 17일 16시,토요일,인천광역시 남구 숭의동,중상사고,0,1,0,0,차대차 - 기타,안전운전불이행,건조,맑음,교차로 - 교차로부근,승용,남,58세,상해없음,자전거,여,67세,중상
2016091700100402,2016년 9월 17일 17시,토요일,인천광역시 연수구 선학동,경상사고,0,0,1,0,차대차 - 기타,안전운전불이행,건조,맑음,교차로 - 교차로안,승용,남,53세,상해없음,자전거,남,59세,경상
2016091700100434,2016년 9월 17일 18시,토요일,인천광역시 중구 을왕동,중상사고,0,1,0,0,차대차 - 추돌,안전운전불이행,건조,맑음,교차로 - 교차로안,승용,여,34세,상해없음,원동기,남,41세,중상
2016091700100435,2016년 9월 17일 18시,토요일,인천광역시 남동구 구월동,경상사고,0,0,1,0,차대차 - 측면충돌,중앙선침범,건조,맑음,단일로 - 기타,승용,남,66세,상해없음,이륜,남,37세,경상
2016091700100436,2016년 9월 17일 18시,토요일,인천광역시 남동구 논현동,경상사고,0,0,1,0,차대차 - 측면충돌,신호위반,건조,맑음,교차로 - 교차로안,승용,남,55세,상해없음,승용,남,31세,경상
2016091700100437,2016년 9월 17일 18시,토요일,인천광역시 서구 신현동,경상사고,0,0,1,0,차대사람 - 길가장자리구역통행중,안전운전불이행,건조,맑음,단일로 - 기타,승용,여,55세,상해없음,보행자,남,79세,경상
2016091700100468,2016년 9월 17일 19시,토요일,인천광역시 서구 연희동,경상사고,0,0,1,0,차대차 - 측면충돌,안전운전불이행,건조,맑음,교차로 - 교차로부근,이륜,남,16세,경상,승용,남,30세,상해없음
2016091700100539,2016년 9월 17일 21시,토요일,인천광역시 남동구 장수동,경상사고,0,0,1,0,차대차 - 측면충돌,안전운전불이행,건조,맑음,단일로 - 기타,승용,남,51세,상해없음,승용,여,48세,상해없음
2016091700100540,2016년 9월 17일 21시,토요일,인천광역시 연수구 동춘동,경상사고,0,0,4,0,차대차 - 추돌,안전운전불이행,건조,맑음,단일로 - 기타,승용,남,68세,상해없음,승용,남,59세,경상
2016091700100567,2016년 9월 17일 22시,토요일,인천광역시 남동구 구월동,중상사고,0,1,0,0,차대사람 - 길가장자리구역통행중,안전운전불이행,건조,맑음,교차로 - 교차로부근,승용,남,39세,상해없음,보행자,여,45세,중상
2016091700100568,2016년 9월 17일 22시,토요일,인천광역시 남동구 간석동,경상사고,0,0,1,0,차대차 - 기타,기타,건조,맑음,기타 - 기타,승용,남,66세,상해없음,자전거,남,45세,경상
2016091700100586,2016년 9월 17일 23시,토요일,인천광역시 남구 주안동,사망사고,1,0,0,0,차대사람 - 기타,안전운전불이행,건조,맑음,단일로 - 기타,승용,남,62세,상해없음,보행자,남,53세,사망
2016091700100587,2016년 9월 17일 23시,토요일,인천광역시 남동구 논현동,경상사고,0,0,1,0,차대차 - 측면충돌,안전거리미확보,건조,맑음,단일로 - 기타,승용,남,29세,상해없음,이륜,남,31세,경상
2016091800100015,2016년 9월 18일 00시,일요일,인천광역시 남동구 간석동,중상사고,0,1,1,0,차대차 - 측면직각충돌,안전운전불이행,건조,맑음,교차로 - 교차로안,승용,남,64세,경상,승용,남,29세,중상
2016091800100047,2016년 9월 18일 02시,일요일,인천광역시 남동구 장수동,경상사고,0,0,1,0,차대차 - 측면충돌,안전거리미확보,건조,맑음,교차로 - 교차로안,승용,남,43세,상해없음,이륜,남,26세,상해없음
2016091800100083,2016년 9월 18일 05시,일요일,인천광역시 계양구 작전동,중상사고,0,1,0,0,차대사람 - 횡단중,안전운전불이행,건조,맑음,단일로 - 기타,승용,남,42세,상해없음,보행자,남,30세,중상
2016091800100121,2016년 9월 18일 09시,일요일,인천광역시 남구 학익동,경상사고,0,0,1,0,차대차 - 기타,안전운전불이행,건조,맑음,단일로 - 횡단보도상,자전거,남,75세,경상,화물,남,51세,상해없음
2016091800100122,2016년 9월 18일 09시,일요일,인천광역시 계양구 목상동,경상사고,0,0,1,0,차대차 - 정면충돌,안전운전불이행,건조,맑음,단일로 - 기타,자전거,남,66세,경상,자전거,남,48세,상해없음
2016091800100228,2016년 9월 18일 14시,일요일,인천광역시 서구 가정동,경상사고,0,0,1,0,차대차 - 기타,안전운전불이행,건조,맑음,교차로 - 교차로부근,승용,남,63세,상해없음,승용,남,25세,경상
2016091800100259,2016년 9월 18일 15시,일요일,인천광역시 남구 문학동,경상사고,0,0,2,0,차대차 - 추돌,안전운전불이행,건조,맑음,단일로 - 기타,승용,남,59세,상해없음,승용,여,44세,경상
2016091800100260,2016년 9월 18일 15시,일요일,인천광역시 부평구 삼산동,경상사고,0,0,2,0,차대차 - 정면충돌,신호위반,건조,맑음,교차로 - 교차로안,승용,여,52세,상해없음,승용,남,35세,경상
2016091800100321,2016년 9월 18일 18시,일요일,인천광역시 남동구 남촌동,경상사고,0,0,1,0,차대차 - 추돌,안전거리미확보,건조,맑음,단일로 - 기타,원동기,남,18세,경상,승용,남,60세,상해없음
2016091800100322,2016년 9월 18일 18시,일요일,인천광역시 계양구 효성동,경상사고,0,0,3,0,차대차 - 측면충돌,안전운전불이행,건조,맑음,교차로 - 교차로안,승용,여,54세,상해없음,승용,남,49세,경상
2016091800100352,2016년 9월 18일 19시,일요일,인천광역시 부평구 부평동,경상사고,0,0,1,0,차대차 - 측면직각충돌,안전운전불이행,건조,맑음,교차로 - 교차로부근,승용,남,60세,상해없음,승용,여,58세,경상
2016091800100353,2016년 9월 18일 19시,일요일,인천광역시 서구 연희동,중상사고,0,1,0,0,차대차 - 측면충돌,안전운전불이행,건조,맑음,단일로 - 기타,승용,남,30세,상해없음,승용,남,47세,중상
2016091800100373,2016년 9월 18일 20시,일요일,인천광역시 부평구 산곡동,중상사고,0,1,1,0,차대차 - 정면충돌,신호위반,건조,맑음,교차로 - 교차로안,이륜,남,22세,중상,승용,남,42세,경상
2016091800100389,2016년 9월 18일 21시,일요일,인천광역시 남동구 논현동,경상사고,0,0,1,0,차대사람 - 횡단중,신호위반,건조,맑음,단일로 - 횡단보도상,이륜,남,38세,상해없음,보행자,여,23세,경상
2016091800100390,2016년 9월 18일 21시,일요일,인천광역시 서구 원창동,사망사고,1,0,0,0,차대사람 - 기타,안전운전불이행,건조,맑음,단일로 - 기타,승용,남,24세,상해없음,보행자,남,71세,사망
2016091800100406,2016년 9월 18일 22시,일요일,인천광역시 연수구 송도동,중상사고,0,2,0,0,차대차 - 추돌,안전운전불이행,건조,맑음,단일로 - 기타,이륜,여,42세,중상,이륜,남,42세,중상
2016091900100015,2016년 9월 19일 01시,월요일,인천광역시 서구 마전동,경상사고,0,0,1,0,차대차 - 기타,안전운전불이행,건조,맑음,교차로 - 교차로안,승용,여,35세,상해없음,승용,남,43세,경상
2016091900100048,2016년 9월 19일 06시,월요일,인천광역시 부평구 청천동,경상사고,0,0,1,0,차대차 - 정면충돌,신호위반,건조,맑음,교차로 - 교차로안,승용,남,57세,상해없음,승용,남,59세,경상
2016091900100049,2016년 9월 19일 06시,월요일,인천광역시 부평구 십정동,중상사고,0,1,0,0,차대차 - 기타,안전운전불이행,건조,맑음,단일로 - 기타,이륜,남,28세,중상,건설기계,남,43세,상해없음
2016091900100142,2016년 9월 19일 09시,월요일,인천광역시 서구 가좌동,경상사고,0,0,1,0,차대차 - 추돌,안전운전불이행,건조,맑음,단일로 - 기타,화물,남,63세,상해없음,화물,남,26세,상해없음
2016091900100143,2016년 9월 19일 09시,월요일,인천광역시 부평구 부평동,중상사고,0,1,0,0,차대사람 - 횡단중,보행자보호의무위반,건조,맑음,단일로 - 횡단보도상,승용,남,52세,상해없음,보행자,여,35세,중상
2016091900100212,2016년 9월 19일 11시,월요일,인천광역시 남구 주안동,경상사고,0,0,1,0,차대차 - 추돌,안전운전불이행,건조,맑음,단일로 - 기타,승용,남,62세,상해없음,승용,여,31세,경상
2016091900100214,2016년 9월 19일 11시,월요일,인천광역시 남동구 구월동,경상사고,0,0,2,1,차대차 - 측면직각충돌,신호위반,건조,맑음,교차로 - 교차로안,승합,남,49세,상해없음,승용,남,70세,경상
2016091900100290,2016년 9월 19일 14시,월요일,인천광역시 남동구 논현동,중상사고,0,1,0,0,차대차 - 측면직각충돌,안전운전불이행,건조,맑음,교차로 - 교차로안,승용,남,58세,기타불명,승용,남,32세,중상
2016091900100345,2016년 9월 19일 16시,월요일,인천광역시 남동구 간석동,경상사고,0,0,3,0,차대차 - 추돌,안전운전불이행,건조,맑음,기타 - 기타,승합,남,21세,상해없음,승용,남,38세,경상
2016091900100386,2016년 9월 19일 17시,월요일,인천광역시 동구 송현동,중상사고,0,1,0,0,차대차 - 기타,신호위반,건조,맑음,단일로 - 기타,화물,남,48세,상해없음,원동기,남,34세,중상
2016091900100387,2016년 9월 19일 17시,월요일,인천광역시 중구 운서동,중상사고,0,1,0,0,차대차 - 기타,안전운전불이행,건조,맑음,교차로 - 교차로안,승합,남,51세,상해없음,자전거,여,64세,중상
2016091900100388,2016년 9월 19일 17시,월요일,인천광역시 서구 연희동,중상사고,0,1,0,0,차대사람 - 횡단중,안전운전불이행,건조,맑음,교차로 - 교차로안,승용,남,63세,상해없음,보행자,남,2세,중상
2016091900100427,2016년 9월 19일 18시,월요일,인천광역시 동구 금곡동,경상사고,0,0,2,0,차대차 - 추돌,안전운전불이행,건조,맑음,단일로 - 기타,승용,남,51세,상해없음,승용,남,58세,경상
2016091900100428,2016년 9월 19일 18시,월요일,인천광역시 남구 도화동,경상사고,0,0,1,0,차대차 - 추돌,안전운전불이행,건조,맑음,교차로 - 교차로부근,승용,남,26세,상해없음,승용,남,62세,상해없음
2016091900100429,2016년 9월 19일 18시,월요일,인천광역시 남구 주안동,경상사고,0,0,2,0,차대차 - 측면직각충돌,안전운전불이행,건조,맑음,단일로 - 기타,승용,남,25세,상해없음,승용,남,34세,경상
2016091900100431,2016년 9월 19일 18시,월요일,인천광역시 남동구 구월동,경상사고,0,0,1,0,차대차 - 측면충돌,안전거리미확보,건조,맑음,교차로 - 교차로부근,승합,남,50세,상해없음,승용,남,58세,상해없음
2016091900100432,2016년 9월 19일 18시,월요일,인천광역시 남동구 간석동,중상사고,0,1,1,0,차대차 - 기타,신호위반,건조,맑음,단일로 - 기타,승용,남,25세,상해없음,승용,남,38세,경상
2016091900100506,2016년 9월 19일 20시,월요일,인천광역시 중구 율목동,중상사고,0,1,2,0,차대사람 - 횡단중,신호위반,건조,맑음,단일로 - 횡단보도상,이륜,남,60세,경상,보행자,남,16세,중상
2016091900100527,2016년 9월 19일 21시,월요일,인천광역시 남구 도화동,중상사고,0,1,0,0,차대사람 - 횡단중,보행자보호의무위반,건조,맑음,교차로 - 교차로부근,승용,남,49세,상해없음,보행자,남,45세,중상
2016091900100528,2016년 9월 19일 21시,월요일,인천광역시 남동구 남촌동,중상사고,0,1,1,0,차대차 - 추돌,안전운전불이행,건조,맑음,단일로 - 기타,특수,남,53세,상해없음,승용,남,35세,중상
2016091900100564,2016년 9월 19일 23시,월요일,인천광역시 계양구 계산동,경상사고,0,0,1,0,차대사람 - 기타,교차로운행방법위반,건조,맑음,단일로 - 기타,특수,남,39세,상해없음,보행자,남,52세,경상
2016092000100025,2016년 9월 20일 02시,화요일,인천광역시 남구 학익동,경상사고,0,0,1,0,차량단독 - 전도전복,안전운전불이행,건조,맑음,단일로 - 기타,이륜,남,34세,경상,,,,
2016092000100068,2016년 9월 20일 06시,화요일,인천광역시 남동구 만수동,중상사고,0,1,1,0,차대차 - 측면직각충돌,안전운전불이행,건조,맑음,교차로 - 교차로부근,승용,여,25세,상해없음,승합,남,53세,경상
2016092000100105,2016년 9월 20일 07시,화요일,인천광역시 남동구 구월동,경상사고,0,0,1,0,차대차 - 측면직각충돌,신호위반,건조,맑음,교차로 - 교차로안,승용,남,24세,상해없음,승용,남,46세,경상
2016092000100107,2016년 9월 20일 07시,화요일,인천광역시 부평구 부평동,경상사고,0,0,1,0,차대차 - 측면직각충돌,안전운전불이행,건조,맑음,단일로 - 기타,승용,남,58세,상해없음,승용,여,41세,경상
2016092000100151,2016년 9월 20일 08시,화요일,인천광역시 서구 원창동,경상사고,0,0,2,0,차대차 - 추돌,안전거리미확보,건조,맑음,단일로 - 기타,화물,남,56세,상해없음,승용,여,33세,경상
2016092000100152,2016년 9월 20일 08시,화요일,인천광역시 부평구 갈산동,중상사고,0,1,0,0,차대차 - 기타,교차로운행방법위반,건조,맑음,교차로 - 교차로안,화물,남,53세,상해없음,자전거,남,81세,중상
2016092000100153,2016년 9월 20일 08시,화요일,인천광역시 부평구 구산동,경상사고,0,0,1,0,차대차 - 추돌,안전운전불이행,건조,맑음,단일로 - 기타,승용,남,25세,상해없음,승용,남,34세,경상
2016092000100194,2016년 9월 20일 09시,화요일,인천광역시 중구 운남동,중상사고,0,1,0,0,차대차 - 측면충돌,신호위반,건조,맑음,교차로 - 교차로안,승용,남,30세,상해없음,화물,남,49세,중상
2016092000100229,2016년 9월 20일 10시,화요일,인천광역시 중구 신흥동1가,경상사고,0,0,1,0,차대차 - 기타,안전운전불이행,건조,맑음,단일로 - 기타,건설기계,남,70세,상해없음,화물,남,50세,기타불명
2016092000100230,2016년 9월 20일 10시,화요일,인천광역시 남구 학익동,경상사고,0,0,1,0,차대차 - 기타,중앙선침범,건조,맑음,단일로 - 기타,승용,여,58세,상해없음,승용,여,44세,경상
2016092000100260,2016년 9월 20일 11시,화요일,인천광역시 남동구 구월동,중상사고,0,2,0,0,차대차 - 추돌,안전거리미확보,건조,맑음,단일로 - 기타,승용,남,68세,상해없음,승용,여,51세,중상
2016092000100313,2016년 9월 20일 13시,화요일,인천광역시 서구 당하동,중상사고,0,1,0,0,차대사람 - 기타,안전운전불이행,건조,맑음,단일로 - 기타,승용,남,56세,상해없음,보행자,여,73세,중상
2016092000100364,2016년 9월 20일 15시,화요일,인천광역시 남동구 남촌동,경상사고,0,0,1,0,차대차 - 추돌,안전운전불이행,건조,맑음,기타 - 기타,승용,여,48세,상해없음,승용,남,35세,경상
2016092000100390,2016년 9월 20일 16시,화요일,인천광역시 남동구 만수동,경상사고,0,0,1,0,차대차 - 측면충돌,신호위반,건조,맑음,단일로 - 횡단보도상,승용,여,36세,상해없음,자전거,남,13세,경상
2016092000100433,2016년 9월 20일 17시,화요일,인천광역시 남동구 구월동,경상사고,0,0,1,0,차대차 - 측면직각충돌,안전운전불이행,건조,맑음,교차로 - 교차로안,승용,여,38세,상해없음,승용,남,35세,경상
2016092000100434,2016년 9월 20일 17시,화요일,인천광역시 서구 가좌동,중상사고,0,1,0,0,차대차 - 정면충돌,안전운전불이행,건조,맑음,교차로 - 교차로안,승용,남,59세,상해없음,원동기,남,68세,중상
2016092000100492,2016년 9월 20일 18시,화요일,인천광역시 부평구 십정동,경상사고,0,0,1,0,차대차 - 기타,안전운전불이행,건조,맑음,단일로 - 기타,승합,남,56세,상해없음,승용,남,34세,경상
2016092000100528,2016년 9월 20일 19시,화요일,인천광역시 남구 주안동,경상사고,0,0,1,0,차대차 - 측면직각충돌,안전운전불이행,건조,맑음,교차로 - 교차로안,화물,남,49세,상해없음,이륜,남,64세,경상
2016092000100529,2016년 9월 20일 19시,화요일,인천광역시 부평구 부평동,중상사고,0,1,0,0,차대차 - 기타,교차로운행방법위반,건조,맑음,교차로 - 교차로안,승용,여,57세,상해없음,이륜,남,31세,중상
2016092000100530,2016년 9월 20일 19시,화요일,인천광역시 서구 검암동,중상사고,0,1,0,0,차대차 - 기타,안전운전불이행,건조,맑음,단일로 - 기타,승용,여,40세,상해없음,승용,남,59세,중상
2016092000100531,2016년 9월 20일 19시,화요일,인천광역시 계양구 계산동,경상사고,0,0,1,0,차대차 - 측면직각충돌,안전운전불이행,건조,맑음,단일로 - 기타,승용,남,28세,상해없음,승용,여,50세,경상
2016092100100052,2016년 9월 21일 05시,수요일,인천광역시 서구 석남동,경상사고,0,0,1,0,차대차 - 추돌,안전운전불이행,건조,맑음,단일로 - 기타,화물,남,59세,상해없음,승용,남,33세,경상
2016092100100092,2016년 9월 21일 07시,수요일,인천광역시 부평구 삼산동,경상사고,0,0,1,0,차대차 - 기타,안전운전불이행,건조,맑음,단일로 - 기타,기타불명,기타불명,기타불명,기타불명,자전거,여,25세,경상
2016092100100157,2016년 9월 21일 09시,수요일,인천광역시 연수구 청학동,중상사고,0,1,0,0,차대차 - 기타,안전운전불이행,건조,맑음,교차로 - 교차로부근,승용,여,61세,상해없음,이륜,남,39세,중상
2016092100100208,2016년 9월 21일 11시,수요일,인천광역시 서구 불로동,중상사고,0,1,3,0,차대차 - 측면직각충돌,신호위반,건조,맑음,교차로 - 교차로안,건설기계,남,53세,상해없음,승용,남,47세,경상
2016092100100231,2016년 9월 21일 12시,수요일,인천광역시 남동구 장수동,경상사고,0,0,1,0,차대차 - 추돌,안전운전불이행,건조,맑음,단일로 - 기타,승용,남,39세,상해없음,화물,남,39세,경상
2016092100100258,2016년 9월 21일 13시,수요일,인천광역시 남구 도화동,경상사고,0,0,1,0,차대사람 - 기타,안전운전불이행,건조,맑음,교차로 - 교차로부근,화물,남,45세,상해없음,보행자,여,66세,경상
2016092100100259,2016년 9월 21일 13시,수요일,인천광역시 강화군 양도면,경상사고,0,0,1,0,차대차 - 측면충돌,안전운전불이행,건조,기타,교차로 - 교차로안,승용,남,21세,상해없음,원동기,남,65세,경상
2016092100100372,2016년 9월 21일 17시,수요일,인천광역시 연수구 동춘동,경상사고,0,0,1,0,차량단독 - 기타,안전운전불이행,건조,맑음,단일로 - 기타,승합,남,42세,상해없음,,,,
2016092100100407,2016년 9월 21일 18시,수요일,인천광역시 남구 용현동,경상사고,0,0,1,0,차대차 - 측면직각충돌,안전운전불이행,건조,맑음,교차로 - 교차로부근,승합,남,57세,상해없음,승용,남,23세,경상
2016092100100408,2016년 9월 21일 18시,수요일,인천광역시 부평구 산곡동,경상사고,0,0,1,0,차대차 - 추돌,안전운전불이행,건조,맑음,단일로 - 기타,승용,남,64세,상해없음,승용,남,29세,경상
2016092100100409,2016년 9월 21일 18시,수요일,인천광역시 부평구 부평동,경상사고,0,0,1,0,차대차 - 측면직각충돌,안전운전불이행,건조,맑음,교차로 - 교차로부근,승합,남,56세,상해없음,승용,여,58세,경상
2016092100100410,2016년 9월 21일 18시,수요일,인천광역시 남동구 만수동,경상사고,0,0,4,0,차대차 - 측면충돌,차로위반,건조,맑음,단일로 - 기타,승용,남,62세,상해없음,승용,남,20세,경상
2016092100100482,2016년 9월 21일 20시,수요일,인천광역시 남구 주안동,경상사고,0,0,1,0,차대차 - 측면직각충돌,안전운전불이행,건조,맑음,교차로 - 교차로안,승용,남,50세,상해없음,이륜,남,34세,경상
2016092100100483,2016년 9월 21일 20시,수요일,인천광역시 연수구 동춘동,경상사고,0,0,1,0,차대차 - 측면직각충돌,신호위반,건조,맑음,교차로 - 교차로안,승용,남,56세,상해없음,승용,여,55세,경상
2016092100100506,2016년 9월 21일 21시,수요일,인천광역시 남구 도화동,경상사고,0,0,1,0,차대차 - 기타,안전운전불이행,건조,맑음,교차로 - 교차로부근,승용,남,50세,상해없음,승용,남,37세,경상
2016092100100507,2016년 9월 21일 21시,수요일,인천광역시 서구 마전동,중상사고,0,1,0,0,차대차 - 기타,안전운전불이행,건조,맑음,교차로 - 교차로부근,승용,남,26세,상해없음,승합,남,60세,중상
2016092100100543,2016년 9월 21일 23시,수요일,인천광역시 부평구 부평동,경상사고,0,0,1,0,차대차 - 기타,안전운전불이행,건조,맑음,단일로 - 기타,승용,남,41세,상해없음,승용,여,51세,경상
2016092200100009,2016년 9월 22일 00시,목요일,인천광역시 남동구 간석동,경상사고,0,0,2,0,차대차 - 측면충돌,신호위반,건조,맑음,교차로 - 교차로안,승용,남,61세,상해없음,승용,남,31세,경상
2016092200100029,2016년 9월 22일 02시,목요일,인천광역시 부평구 부평동,경상사고,0,0,2,0,차대차 - 추돌,안전운전불이행,건조,맑음,단일로 - 기타,승용,여,27세,상해없음,화물,남,56세,경상