사고번호,사고일시,요일,시군구,사고내용,사망자수,중상자수,경상자수,부상신고자수,사고유형,법규위반,노면상태,기상상태,도로형태,가해운전자 차종,가해운전자 성별,가해운전자 연령,가해운전자 상해정도,피해운전자 차종,피해운전자 성별,피해운전자 연령,피해운전자 상해정도
2016092200100032,2016년 9월 22일 03시,목요일,인천광역시 서구 석남동,경상사고,0,0,1,0,차대사람 - 길가장자리구역통행중,안전운전불이행,건조,맑음,단일로 - 기타,승용,남,38세,상해없음,보행자,남,56세,경상
2016092200100059,2016년 9월 22일 06시,목요일,인천광역시 중구 운서동,경상사고,0,0,1,0,차대차 - 측면직각충돌,신호위반,건조,기타,교차로 - 교차로안,승용,여,46세,상해없음,승용,남,56세,경상
2016092200100060,2016년 9월 22일 06시,목요일,인천광역시 중구 운북동,중상사고,0,3,0,0,차대차 - 측면직각충돌,신호위반,건조,흐림,교차로 - 교차로안,화물,남,53세,중상,화물,남,64세,중상
2016092200100115,2016년 9월 22일 08시,목요일,인천광역시 남구 용현동,경상사고,0,0,1,0,차대차 - 측면직각충돌,안전거리미확보,건조,맑음,단일로 - 기타,화물,여,47세,상해없음,승용,남,28세,경상
2016092200100116,2016년 9월 22일 08시,목요일,인천광역시 남구 관교동,경상사고,0,0,1,0,차대차 - 추돌,안전운전불이행,건조,맑음,기타 - 기타,승용,남,48세,상해없음,승용,여,45세,경상
2016092200100117,2016년 9월 22일 08시,목요일,인천광역시 강화군 화도면,중상사고,0,1,0,0,차대사람 - 횡단중,안전운전불이행,건조,맑음,단일로 - 기타,승용,남,47세,상해없음,보행자,여,79세,중상
2016092200100171,2016년 9월 22일 10시,목요일,인천광역시 서구 석남동,경상사고,0,0,3,0,차대차 - 정면충돌,신호위반,건조,맑음,교차로 - 교차로안,승용,여,55세,경상,승합,남,58세,경상
2016092200100199,2016년 9월 22일 11시,목요일,인천광역시 강화군 강화읍,중상사고,0,1,0,0,차대차 - 추돌,안전운전불이행,건조,맑음,기타 - 기타,화물,남,39세,상해없음,자전거,남,88세,중상
2016092200100244,2016년 9월 22일 13시,목요일,인천광역시 남동구 만수동,중상사고,0,1,0,0,차대사람 - 보도통행중,보행자보호의무위반,건조,맑음,단일로 - 횡단보도상,화물,남,47세,상해없음,보행자,여,67세,중상
2016092200100262,2016년 9월 22일 14시,목요일,인천광역시 계양구 효성동,경상사고,0,0,1,0,차대사람 - 횡단중,안전운전불이행,건조,맑음,단일로 - 기타,승용,여,52세,상해없음,보행자,여,7세,경상
2016092200100263,2016년 9월 22일 14시,목요일,인천광역시 연수구 송도동,경상사고,0,0,1,0,차대사람 - 횡단중,보행자보호의무위반,건조,맑음,단일로 - 기타,승용,여,46세,상해없음,보행자,남,7세,경상
2016092200100264,2016년 9월 22일 14시,목요일,인천광역시 연수구 동춘동,경상사고,0,0,1,0,차대사람 - 횡단중,기타,건조,맑음,단일로 - 기타,승용,여,41세,기타불명,보행자,남,10세,경상
2016092200100324,2016년 9월 22일 16시,목요일,인천광역시 서구 경서동,중상사고,0,1,0,0,차대사람 - 기타,안전운전불이행,건조,맑음,단일로 - 기타,승용,여,45세,상해없음,보행자,여,35세,중상
2016092200100358,2016년 9월 22일 17시,목요일,인천광역시 계양구 계산동,경상사고,0,0,2,0,차대차 - 추돌,안전운전불이행,건조,맑음,단일로 - 기타,승합,남,61세,상해없음,승용,여,35세,경상
2016092200100394,2016년 9월 22일 18시,목요일,인천광역시 남구 도화동,경상사고,0,0,1,0,차대차 - 기타,안전운전불이행,건조,맑음,교차로 - 교차로부근,승용,여,51세,상해없음,이륜,남,71세,경상
2016092200100395,2016년 9월 22일 18시,목요일,인천광역시 남동구 간석동,경상사고,0,0,1,0,차대차 - 추돌,안전운전불이행,건조,맑음,교차로 - 교차로부근,기타불명,기타불명,기타불명,기타불명,기타불명,기타불명,기타불명,기타불명
2016092200100475,2016년 9월 22일 20시,목요일,인천광역시 옹진군 덕적면,경상사고,0,0,1,0,차대사람 - 차도통행중,기타,건조,맑음,단일로 - 기타,승합,남,65세,상해없음,보행자,남,54세,경상
2016092200100476,2016년 9월 22일 20시,목요일,인천광역시 서구 가정동,사망사고,1,0,0,0,차대차 - 정면충돌,중앙선침범,건조,맑음,단일로 - 기타,화물,남,42세,상해없음,승용,남,31세,사망
2016092200100527,2016년 9월 22일 22시,목요일,인천광역시 중구 운북동,경상사고,0,0,1,0,차대차 - 추돌,안전운전불이행,건조,맑음,단일로 - 기타,승용,남,27세,기타불명,승용,여,36세,경상
2016092200100528,2016년 9월 22일 22시,목요일,인천광역시 계양구 효성동,경상사고,0,0,1,0,차대차 - 기타,중앙선침범,건조,맑음,교차로 - 교차로부근,승용,남,48세,상해없음,이륜,남,21세,경상
2016092300100023,2016년 9월 23일 00시,금요일,인천광역시 남구 주안동,경상사고,0,0,2,0,차대차 - 측면직각충돌,안전운전불이행,건조,맑음,교차로 - 교차로부근,이륜,남,17세,경상,승용,남,31세,상해없음
2016092300100024,2016년 9월 23일 00시,금요일,인천광역시 남구 숭의동,경상사고,0,0,3,0,차대차 - 측면직각충돌,신호위반,건조,맑음,교차로 - 교차로안,승용,남,62세,상해없음,승용,남,57세,경상
2016092300100025,2016년 9월 23일 00시,금요일,인천광역시 남동구 논현동,중상사고,0,1,0,0,차대사람 - 횡단중,보행자보호의무위반,건조,맑음,교차로 - 교차로안,화물,남,40세,상해없음,보행자,남,17세,중상
2016092300100026,2016년 9월 23일 00시,금요일,인천광역시 계양구 작전동,경상사고,0,0,1,0,차대사람 - 차도통행중,안전운전불이행,건조,맑음,단일로 - 기타,승용,여,28세,상해없음,보행자,남,33세,경상
2016092300100088,2016년 9월 23일 06시,금요일,인천광역시 연수구 옥련동,경상사고,0,0,2,0,차대차 - 측면직각충돌,신호위반,건조,맑음,교차로 - 교차로안,승용,남,63세,상해없음,화물,남,27세,경상
2016092300100111,2016년 9월 23일 07시,금요일,인천광역시 남구 주안동,경상사고,0,0,1,0,차대차 - 측면직각충돌,안전운전불이행,건조,맑음,단일로 - 기타,승합,남,42세,상해없음,승용,남,34세,경상
2016092300100112,2016년 9월 23일 07시,금요일,인천광역시 계양구 계산동,경상사고,0,0,1,0,차대사람 - 차도통행중,안전운전불이행,건조,맑음,교차로 - 교차로안,승용,여,24세,상해없음,보행자,남,66세,경상
2016092300100113,2016년 9월 23일 07시,금요일,인천광역시 연수구 송도동,경상사고,0,0,1,3,차대차 - 기타,신호위반,건조,맑음,교차로 - 교차로안,승용,남,58세,상해없음,승용,여,41세,상해없음
2016092300100154,2016년 9월 23일 08시,금요일,인천광역시 서구 경서동,중상사고,0,1,0,0,차대차 - 기타,안전운전불이행,건조,맑음,단일로 - 기타,자전거,여,24세,상해없음,자전거,남,56세,중상
2016092300100155,2016년 9월 23일 08시,금요일,인천광역시 서구 오류동,경상사고,0,0,1,0,차대차 - 추돌,안전운전불이행,건조,맑음,단일로 - 기타,화물,남,60세,상해없음,승용,남,42세,상해없음
2016092300100157,2016년 9월 23일 08시,금요일,인천광역시 계양구 동양동,경상사고,0,0,1,0,차대차 - 추돌,안전거리미확보,건조,맑음,단일로 - 기타,승용,남,54세,상해없음,승용,여,51세,경상
2016092300100226,2016년 9월 23일 10시,금요일,인천광역시 남구 주안동,경상사고,0,0,1,0,차대차 - 기타,안전운전불이행,건조,맑음,단일로 - 기타,승용,남,49세,상해없음,승용,남,59세,상해없음
2016092300100259,2016년 9월 23일 11시,금요일,인천광역시 남구 학익동,경상사고,0,0,2,0,차대차 - 측면충돌,안전운전불이행,건조,맑음,단일로 - 기타,승용,남,46세,상해없음,승용,남,32세,상해없음
2016092300100260,2016년 9월 23일 11시,금요일,인천광역시 남구 숭의동,중상사고,0,1,1,0,차대차 - 추돌,안전운전불이행,건조,맑음,단일로 - 기타,승용,남,40세,상해없음,승용,남,62세,중상
2016092300100261,2016년 9월 23일 11시,금요일,인천광역시 남동구 수산동,경상사고,0,0,1,0,차대차 - 측면충돌,신호위반,건조,맑음,교차로 - 교차로안,승용,여,60세,상해없음,승용,남,40세,경상
2016092300100262,2016년 9월 23일 11시,금요일,인천광역시 남동구 논현동,부상신고사고,0,0,0,1,차대차 - 측면직각충돌,안전운전불이행,건조,맑음,단일로 - 기타,이륜,남,27세,부상신고,승용,여,56세,상해없음
2016092300100263,2016년 9월 23일 11시,금요일,인천광역시 부평구 일신동,경상사고,0,0,1,0,차대차 - 측면직각충돌,안전거리미확보,건조,맑음,단일로 - 기타,특수,남,57세,상해없음,승용,남,24세,경상
2016092300100292,2016년 9월 23일 12시,금요일,인천광역시 계양구 계산동,중상사고,0,1,0,0,차대차 - 측면직각충돌,직진우회전진행방해,건조,맑음,교차로 - 교차로안,승용,남,57세,상해없음,자전거,남,46세,중상
2016092300100293,2016년 9월 23일 12시,금요일,인천광역시 계양구 작전동,부상신고사고,0,0,0,1,차대차 - 정면충돌,기타,건조,맑음,교차로 - 교차로부근,이륜,남,56세,부상신고,승용,남,30세,상해없음
2016092300100320,2016년 9월 23일 13시,금요일,인천광역시 남구 주안동,경상사고,0,0,3,0,차대차 - 측면직각충돌,안전운전불이행,건조,맑음,교차로 - 교차로부근,승용,여,53세,기타불명,승용,남,41세,경상
2016092300100321,2016년 9월 23일 13시,금요일,인천광역시 부평구 청천동,경상사고,0,0,3,1,차대차 - 기타,안전운전불이행,건조,맑음,교차로 - 교차로안,승합,남,57세,상해없음,승용,남,63세,부상신고
2016092300100322,2016년 9월 23일 13시,금요일,인천광역시 서구 공촌동,중상사고,0,1,1,0,차대차 - 기타,안전운전불이행,건조,맑음,단일로 - 횡단보도부근,승용,남,60세,상해없음,화물,남,62세,중상
2016092300100346,2016년 9월 23일 14시,금요일,인천광역시 부평구 청천동,중상사고,0,1,0,0,차대차 - 측면직각충돌,안전운전불이행,건조,맑음,단일로 - 기타,승용,여,65세,상해없음,자전거,남,39세,중상
2016092300100347,2016년 9월 23일 14시,금요일,인천광역시 강화군 양도면,중상사고,0,3,0,0,차대차 - 정면충돌,중앙선침범,건조,맑음,단일로 - 기타,화물,남,58세,중상,화물,남,56세,중상
2016092300100348,2016년 9월 23일 14시,금요일,인천광역시 계양구 귤현동,경상사고,0,0,2,0,차대차 - 추돌,안전운전불이행,건조,맑음,단일로 - 기타,승용,남,48세,상해없음,승합,남,69세,경상
2016092300100413,2016년 9월 23일 16시,금요일,인천광역시 중구 신흥동2가,경상사고,0,0,1,0,차대사람 - 횡단중,보행자보호의무위반,건조,맑음,교차로 - 교차로안,승용,남,63세,상해없음,보행자,남,15세,경상
2016092300100414,2016년 9월 23일 16시,금요일,인천광역시 남동구 만수동,부상신고사고,0,0,0,1,차대사람 - 기타,안전운전불이행,건조,맑음,단일로 - 기타,승용,남,26세,상해없음,보행자,여,17세,부상신고
2016092300100541,2016년 9월 23일 19시,금요일,인천광역시 서구 경서동,경상사고,0,0,3,0,차대차 - 측면직각충돌,신호위반,건조,맑음,교차로 - 교차로부근,이륜,남,60세,기타불명,승용,남,53세,경상
2016092300100571,2016년 9월 23일 20시,금요일,인천광역시 서구 가좌동,경상사고,0,0,1,0,차대차 - 측면충돌,신호위반,건조,맑음,교차로 - 교차로안,화물,남,50세,상해없음,승용,남,26세,경상
2016092300100572,2016년 9월 23일 20시,금요일,인천광역시 연수구 동춘동,경상사고,0,0,1,0,차대차 - 측면직각충돌,교차로운행방법위반,건조,맑음,교차로 - 교차로안,승용,남,63세,상해없음,자전거,남,17세,경상
2016092300100573,2016년 9월 23일 20시,금요일,인천광역시 연수구 송도동,중상사고,0,1,0,0,차대차 - 측면직각충돌,안전운전불이행,건조,맑음,단일로 - 기타,승용,남,44세,상해없음,이륜,남,31세,중상
2016092300100617,2016년 9월 23일 21시,금요일,인천광역시 서구 경서동,경상사고,0,0,1,2,차대차 - 기타,안전운전불이행,건조,맑음,단일로 - 기타,승용,여,46세,상해없음,승용,여,30세,경상
2016092300100648,2016년 9월 23일 22시,금요일,인천광역시 남구 숭의동,경상사고,0,0,4,0,차대차 - 추돌,안전운전불이행,건조,맑음,단일로 - 기타,승용,남,58세,상해없음,승용,남,36세,경상
2016092300100675,2016년 9월 23일 23시,금요일,인천광역시 부평구 부평동,경상사고,0,0,1,0,차대차 - 추돌,안전운전불이행,건조,맑음,단일로 - 기타,승용,여,41세,상해없음,승용,남,59세,경상
2016092400100032,2016년 9월 24일 01시,토요일,인천광역시 부평구 부평동,중상사고,0,1,1,0,차대차 - 추돌,안전운전불이행,건조,맑음,단일로 - 기타,승용,남,44세,상해없음,승용,남,56세,중상
2016092400100052,2016년 9월 24일 03시,토요일,인천광역시 남동구 구월동,경상사고,0,0,3,0,차대차 - 측면직각충돌,안전운전불이행,건조,맑음,교차로 - 교차로안,승용,남,52세,상해없음,승용,남,23세,경상
2016092400100058,2016년 9월 24일 04시,토요일,인천광역시 서구 심곡동,경상사고,0,0,1,0,차대사람 - 기타,안전운전불이행,건조,맑음,단일로 - 기타,승용,남,52세,상해없음,보행자,남,18세,경상
2016092400100068,2016년 9월 24일 05시,토요일,인천광역시 연수구 선학동,경상사고,0,0,1,0,차대차 - 추돌,안전거리미확보,건조,맑음,교차로 - 교차로안,승용,남,40세,상해없음,승용,남,46세,경상
2016092400100088,2016년 9월 24일 06시,토요일,인천광역시 남구 주안동,경상사고,0,0,1,0,차대차 - 추돌,안전운전불이행,건조,맑음,교차로 - 교차로부근,승용,남,28세,상해없음,승용,남,56세,경상
2016092400100089,2016년 9월 24일 06시,토요일,인천광역시 남동구 남촌동,경상사고,0,0,1,0,차대차 - 기타,신호위반,건조,맑음,교차로 - 교차로안,화물,남,61세,상해없음,승용,남,52세,경상
2016092400100090,2016년 9월 24일 06시,토요일,인천광역시 남동구 구월동,경상사고,0,0,1,0,차대차 - 측면직각충돌,교차로운행방법위반,건조,맑음,단일로 - 기타,승용,남,56세,상해없음,화물,남,44세,경상
2016092400100108,2016년 9월 24일 07시,토요일,인천광역시 계양구 박촌동,중상사고,0,1,0,0,차대차 - 측면충돌,과속,건조,맑음,교차로 - 교차로부근,승용,남,26세,상해없음,자전거,남,71세,중상
2016092400100122,2016년 9월 24일 08시,토요일,인천광역시 남구 용현동,경상사고,0,0,1,0,차대차 - 측면직각충돌,안전운전불이행,건조,맑음,단일로 - 기타,승용,여,55세,상해없음,승용,여,35세,경상
2016092400100152,2016년 9월 24일 09시,토요일,인천광역시 부평구 부평동,경상사고,0,0,1,0,차대차 - 측면직각충돌,신호위반,건조,맑음,단일로 - 기타,승용,여,44세,상해없음,원동기,남,38세,경상
2016092400100153,2016년 9월 24일 09시,토요일,인천광역시 연수구 연수동,중상사고,0,1,0,0,차대차 - 측면직각충돌,안전거리미확보,건조,맑음,단일로 - 기타,화물,남,62세,상해없음,이륜,남,23세,중상
2016092400100257,2016년 9월 24일 12시,토요일,인천광역시 서구 검암동,경상사고,0,0,1,0,차대차 - 정면충돌,안전운전불이행,건조,맑음,교차로 - 교차로안,자전거,남,11세,경상,승용,남,72세,상해없음
2016092400100295,2016년 9월 24일 13시,토요일,인천광역시 남구 용현동,경상사고,0,0,1,0,차대사람 - 기타,안전운전불이행,건조,맑음,단일로 - 기타,승합,남,58세,상해없음,보행자,남,60세,경상
2016092400100296,2016년 9월 24일 13시,토요일,인천광역시 서구 가정동,경상사고,0,0,1,0,차대차 - 기타,안전거리미확보,건조,맑음,단일로 - 기타,승용,남,58세,경상,승용,여,49세,상해없음
2016092400100376,2016년 9월 24일 15시,토요일,인천광역시 계양구 박촌동,경상사고,0,0,2,1,차대차 - 추돌,안전운전불이행,건조,맑음,교차로 - 교차로부근,특수,남,61세,상해없음,승용,여,36세,경상
2016092400100411,2016년 9월 24일 16시,토요일,인천광역시 연수구 송도동,중상사고,0,2,2,0,차대차 - 측면직각충돌,교차로운행방법위반,건조,맑음,교차로 - 교차로안,승용,남,25세,상해없음,화물,남,21세,경상
2016092400100460,2016년 9월 24일 17시,토요일,인천광역시 계양구 박촌동,중상사고,0,1,0,0,차대차 - 측면직각충돌,안전운전불이행,건조,맑음,단일로 - 기타,승용,남,36세,상해없음,자전거,남,31세,중상
2016092400100604,2016년 9월 24일 21시,토요일,인천광역시 서구 연희동,경상사고,0,0,1,0,차대차 - 측면충돌,중앙선침범,건조,맑음,단일로 - 기타,승용,남,34세,상해없음,승합,남,47세,상해없음
2016092400100605,2016년 9월 24일 21시,토요일,인천광역시 서구 금곡동,중상사고,0,1,1,0,차대차 - 추돌,안전운전불이행,건조,맑음,단일로 - 기타,승용,남,60세,상해없음,승용,남,53세,중상
2016092400100633,2016년 9월 24일 22시,토요일,인천광역시 서구 가정동,경상사고,0,0,1,0,차대차 - 측면충돌,안전운전불이행,건조,맑음,단일로 - 기타,승용,남,48세,상해없음,승용,남,28세,경상
2016092400100659,2016년 9월 24일 23시,토요일,인천광역시 계양구 계산동,경상사고,0,0,1,0,차대차 - 측면충돌,신호위반,건조,맑음,교차로 - 교차로안,승용,남,24세,상해없음,승합,남,41세,경상
2016092500100025,2016년 9월 25일 01시,일요일,인천광역시 남구 주안동,경상사고,0,0,1,0,차대차 - 측면직각충돌,안전운전불이행,건조,맑음,교차로 - 교차로안,승용,남,56세,기타불명,승용,남,55세,경상
2016092500100040,2016년 9월 25일 02시,일요일,인천광역시 서구 석남동,중상사고,0,1,0,0,차대사람 - 횡단중,안전운전불이행,건조,맑음,교차로 - 교차로안,승용,남,69세,상해없음,보행자,남,36세,중상
2016092500100050,2016년 9월 25일 03시,일요일,인천광역시 남동구 만수동,경상사고,0,0,1,0,차대차 - 측면직각충돌,교차로운행방법위반,건조,맑음,교차로 - 교차로안,승용,남,58세,상해없음,승용,남,60세,상해없음
2016092500100057,2016년 9월 25일 04시,일요일,인천광역시 부평구 부개동,중상사고,0,1,0,0,차대사람 - 횡단중,안전운전불이행,건조,맑음,단일로 - 횡단보도상,화물,남,64세,상해없음,보행자,여,77세,중상
2016092500100070,2016년 9월 25일 05시,일요일,인천광역시 중구 덕교동,경상사고,0,0,1,0,차대사람 - 기타,안전운전불이행,건조,맑음,단일로 - 기타,화물,남,58세,상해없음,보행자,남,48세,경상
2016092500100107,2016년 9월 25일 08시,일요일,인천광역시 계양구 귤현동,경상사고,0,0,1,0,차대차 - 정면충돌,안전운전불이행,건조,맑음,단일로 - 기타,승용,여,25세,상해없음,승용,남,61세,경상
2016092500100173,2016년 9월 25일 11시,일요일,인천광역시 서구 가정동,경상사고,0,0,1,0,차대차 - 추돌,안전운전불이행,건조,맑음,단일로 - 기타,승용,남,59세,상해없음,승용,여,55세,경상
2016092500100231,2016년 9월 25일 13시,일요일,인천광역시 남동구 장수동,경상사고,0,0,1,0,차대사람 - 차도통행중,안전운전불이행,건조,맑음,단일로 - 기타,승용,여,30세,상해없음,보행자,남,73세,경상
2016092500100232,2016년 9월 25일 13시,일요일,인천광역시 남동구 간석동,경상사고,0,0,3,0,차대차 - 추돌,안전운전불이행,건조,맑음,단일로 - 기타,승용,남,64세,상해없음,승용,여,50세,경상
2016092500100265,2016년 9월 25일 14시,일요일,인천광역시 남동구 만수동,경상사고,0,0,1,0,차대차 - 추돌,안전운전불이행,건조,맑음,기타 - 기타,승용,남,69세,상해없음,승용,남,41세,상해없음
2016092500100266,2016년 9월 25일 14시,일요일,인천광역시 연수구 청학동,경상사고,0,0,1,0,차대사람 - 횡단중,보행자보호의무위반,건조,맑음,단일로 - 기타,승용,남,52세,상해없음,보행자,남,6세,경상
2016092500100308,2016년 9월 25일 15시,일요일,인천광역시 남동구 남촌동,경상사고,0,0,5,0,차대차 - 측면직각충돌,차로위반,건조,맑음,교차로 - 교차로부근,승용,여,52세,상해없음,승용,남,27세,경상
2016092500100339,2016년 9월 25일 16시,일요일,인천광역시 중구 운서동,경상사고,0,0,2,0,차대차 - 측면직각충돌,안전운전불이행,건조,맑음,단일로 - 기타,승용,남,58세,상해없음,승용,남,42세,경상
2016092500100340,2016년 9월 25일 16시,일요일,인천광역시 서구 가좌동,경상사고,0,0,4,0,차대차 - 추돌,안전운전불이행,건조,맑음,교차로 - 교차로부근,승용,남,47세,상해없음,승용,남,62세,경상
2016092500100396,2016년 9월 25일 18시,일요일,인천광역시 남구 문학동,중상사고,0,1,3,0,차대차 - 측면직각충돌,안전운전불이행,건조,맑음,교차로 - 교차로안,승용,남,20세,기타불명,승용,남,56세,기타불명
2016092500100436,2016년 9월 25일 19시,일요일,인천광역시 동구 송현동,경상사고,0,0,2,0,차대차 - 기타,안전운전불이행,건조,맑음,교차로 - 교차로부근,승용,남,42세,경상,승용,남,53세,경상
2016092500100437,2016년 9월 25일 19시,일요일,인천광역시 남구 주안동,경상사고,0,0,1,0,차대사람 - 횡단중,보행자보호의무위반,건조,맑음,교차로 - 교차로안,승용,남,55세,상해없음,보행자,여,54세,경상
2016092500100438,2016년 9월 25일 19시,일요일,인천광역시 남구 주안동,경상사고,0,0,1,0,차대사람 - 횡단중,안전운전불이행,건조,맑음,교차로 - 교차로안,화물,남,38세,상해없음,보행자,남,73세,경상
2016092500100468,2016년 9월 25일 20시,일요일,인천광역시 남구 주안동,경상사고,0,0,1,0,차대사람 - 횡단중,안전운전불이행,건조,기타,단일로 - 횡단보도상,기타불명,기타불명,기타불명,기타불명,보행자,남,39세,경상
2016092500100469,2016년 9월 25일 20시,일요일,인천광역시 남동구 구월동,경상사고,0,0,6,0,차대차 - 추돌,안전운전불이행,건조,맑음,단일로 - 기타,승용,남,50세,상해없음,승용,남,25세,경상
2016092500100513,2016년 9월 25일 22시,일요일,인천광역시 부평구 부평동,경상사고,0,0,1,0,차대사람 - 기타,안전운전불이행,건조,맑음,단일로 - 기타,승용,남,39세,상해없음,보행자,남,25세,경상
2016092600100025,2016년 9월 26일 04시,월요일,인천광역시 서구 연희동,경상사고,0,0,1,0,차대차 - 측면충돌,안전운전불이행,건조,맑음,교차로 - 교차로안,기타불명,기타불명,기타불명,기타불명,화물,남,39세,경상
2016092600100049,2016년 9월 26일 06시,월요일,인천광역시 서구 가좌동,경상사고,0,0,1,0,차대차 - 추돌,불법유턴,건조,맑음,교차로 - 교차로안,화물,남,50세,상해없음,승용,여,29세,경상
2016092600100074,2016년 9월 26일 07시,월요일,인천광역시 남동구 만수동,부상신고사고,0,0,0,1,차대차 - 측면직각충돌,안전운전불이행,건조,맑음,교차로 - 교차로안,기타불명,기타불명,기타불명,기타불명,자전거,남,79세,부상신고
2016092600100075,2016년 9월 26일 07시,월요일,인천광역시 남동구 논현동,경상사고,0,0,1,0,차대차 - 기타,안전운전불이행,건조,맑음,단일로 - 기타,승용,여,37세,경상,건설기계,남,34세,상해없음
2016092600100076,2016년 9월 26일 07시,월요일,인천광역시 서구 연희동,경상사고,0,0,1,0,차대차 - 기타,안전운전불이행,건조,맑음,교차로 - 교차로안,승용,남,53세,상해없음,승용,남,25세,경상
2016092600100151,2016년 9월 26일 09시,월요일,인천광역시 남동구 구월동,경상사고,0,0,3,0,차대차 - 측면직각충돌,교차로운행방법위반,건조,맑음,교차로 - 교차로안,승용,남,22세,경상,승용,남,34세,경상
2016092600100190,2016년 9월 26일 10시,월요일,인천광역시 계양구 계산동,부상신고사고,0,0,0,1,차대차 - 정면충돌,안전운전불이행,건조,맑음,교차로 - 교차로안,자전거,남,89세,부상신고,승용,남,34세,상해없음
2016092600100191,2016년 9월 26일 10시,월요일,인천광역시 계양구 귤현동,경상사고,0,0,5,0,차대차 - 추돌,안전운전불이행,건조,맑음,단일로 - 기타,승용,남,31세,상해없음,승용,남,45세,경상
2016092600100213,2016년 9월 26일 11시,월요일,인천광역시 남구 도화동,경상사고,0,0,1,0,차대차 - 추돌,안전운전불이행,건조,맑음,교차로 - 교차로부근,화물,남,46세,상해없음,승용,남,25세,경상
2016092600100281,2016년 9월 26일 13시,월요일,인천광역시 서구 연희동,경상사고,0,0,1,0,차대차 - 기타,안전운전불이행,건조,맑음,교차로 - 교차로부근,승용,남,54세,상해없음,승용,남,66세,경상
2016092600100325,2016년 9월 26일 14시,월요일,인천광역시 남동구 논현동,경상사고,0,0,1,0,차대차 - 측면직각충돌,안전운전불이행,건조,맑음,단일로 - 기타,승용,남,58세,상해없음,승용,여,50세,경상
2016092600100326,2016년 9월 26일 14시,월요일,인천광역시 계양구 계산동,중상사고,0,1,0,0,차대사람 - 횡단중,안전운전불이행,건조,맑음,단일로 - 기타,화물,남,48세,상해없음,보행자,여,28세,중상
2016092600100327,2016년 9월 26일 14시,월요일,인천광역시 계양구 계산동,경상사고,0,0,1,0,차대차 - 측면직각충돌,신호위반,건조,맑음,단일로 - 횡단보도상,승용,여,68세,상해없음,이륜,남,53세,경상
2016092600100357,2016년 9월 26일 15시,월요일,인천광역시 부평구 산곡동,경상사고,0,0,1,0,차대차 - 추돌,안전거리미확보,건조,맑음,단일로 - 기타,승용,남,33세,상해없음,승용,남,58세,경상
2016092600100358,2016년 9월 26일 15시,월요일,인천광역시 부평구 십정동,경상사고,0,0,1,0,차대차 - 측면직각충돌,안전운전불이행,건조,맑음,교차로 - 교차로안,승용,남,41세,상해없음,원동기,남,71세,경상
2016092600100483,2016년 9월 26일 18시,월요일,인천광역시 남구 관교동,경상사고,0,0,1,0,차대사람 - 횡단중,신호위반,건조,맑음,단일로 - 횡단보도상,승용,남,68세,상해없음,보행자,남,52세,경상
2016092600100540,2016년 9월 26일 19시,월요일,인천광역시 동구 송림동,사망사고,1,0,0,0,차대사람 - 횡단중,안전운전불이행,건조,맑음,교차로 - 교차로안,승용,남,58세,상해없음,보행자,남,54세,사망
2016092600100541,2016년 9월 26일 19시,월요일,인천광역시 남구 주안동,중상사고,0,1,0,0,차대차 - 정면충돌,안전운전불이행,건조,맑음,단일로 - 기타,승용,남,28세,상해없음,이륜,남,32세,중상
2016092600100542,2016년 9월 26일 19시,월요일,인천광역시 서구 검암동,중상사고,0,1,0,0,차대차 - 기타,안전운전불이행,건조,맑음,단일로 - 기타,승용,남,58세,상해없음,이륜,남,17세,중상
2016092600100604,2016년 9월 26일 21시,월요일,인천광역시 부평구 부평동,경상사고,0,0,1,0,차대사람 - 기타,보행자보호의무위반,건조,맑음,단일로 - 기타,승용,여,34세,상해없음,보행자,여,22세,경상
2016092600100637,2016년 9월 26일 22시,월요일,인천광역시 남구 숭의동,경상사고,0,0,1,0,차대사람 - 횡단중,신호위반,건조,맑음,교차로 - 교차로안,승용,남,70세,상해없음,보행자,여,19세,경상
2016092600100638,2016년 9월 26일 22시,월요일,인천광역시 남동구 간석동,중상사고,0,1,0,0,차대사람 - 횡단중,안전운전불이행,건조,맑음,단일로 - 기타,승용,남,47세,상해없음,보행자,남,58세,중상
2016092700100024,2016년 9월 27일 01시,화요일,인천광역시 계양구 작전동,중상사고,0,1,0,0,차대차 - 추돌,안전거리미확보,건조,맑음,교차로 - 교차로안,이륜,남,22세,중상,승용,남,33세,상해없음
2016092700100036,2016년 9월 27일 03시,화요일,인천광역시 연수구 동춘동,경상사고,0,0,1,0,차량단독 - 공작물충돌,기타,건조,맑음,단일로 - 기타,화물,여,44세,경상,,,,
2016092700100053,2016년 9월 27일 05시,화요일,인천광역시 연수구 연수동,경상사고,0,0,3,0,차대차 - 추돌,안전운전불이행,건조,맑음,단일로 - 기타,승용,남,44세,상해없음,승합,남,19세,경상
2016092700100088,2016년 9월 27일 07시,화요일,인천광역시 남구 주안동,중상사고,0,1,1,0,차대차 - 측면직각충돌,신호위반,건조,맑음,교차로 - 교차로안,화물,남,48세,상해없음,승용,남,51세,중상
2016092700100089,2016년 9월 27일 07시,화요일,인천광역시 남동구 구월동,경상사고,0,0,4,0,차대차 - 측면직각충돌,안전거리미확보,건조,맑음,단일로 - 기타,승용,남,20세,상해없음,승용,남,42세,경상