사고번호,사고일시,요일,시군구,사고내용,사망자수,중상자수,경상자수,부상신고자수,사고유형,법규위반,노면상태,기상상태,도로형태,가해운전자 차종,가해운전자 성별,가해운전자 연령,가해운전자 상해정도,피해운전자 차종,피해운전자 성별,피해운전자 연령,피해운전자 상해정도
2016092700100160,2016년 9월 27일 09시,화요일,인천광역시 남구 학익동,중상사고,0,1,0,0,차대차 - 기타,안전운전불이행,건조,맑음,교차로 - 교차로안,승용,남,37세,상해없음,승용,여,36세,중상
2016092700100161,2016년 9월 27일 09시,화요일,인천광역시 남동구 구월동,경상사고,0,0,1,0,차대차 - 기타,안전운전불이행,건조,맑음,기타 - 기타,승용,남,44세,기타불명,승용,남,59세,경상
2016092700100310,2016년 9월 27일 13시,화요일,인천광역시 남동구 논현동,경상사고,0,0,1,0,차대차 - 측면직각충돌,안전운전불이행,습기,비,단일로 - 기타,화물,여,51세,상해없음,이륜,남,36세,경상
2016092700100311,2016년 9월 27일 13시,화요일,인천광역시 남동구 논현동,경상사고,0,0,1,0,차대사람 - 기타,안전운전불이행,습기,비,단일로 - 기타,승용,남,82세,상해없음,보행자,남,51세,경상
2016092700100340,2016년 9월 27일 14시,화요일,인천광역시 서구 가좌동,중상사고,0,1,0,0,차대사람 - 횡단중,안전운전불이행,습기,비,단일로 - 기타,화물,남,48세,상해없음,보행자,여,45세,중상
2016092700100420,2016년 9월 27일 16시,화요일,인천광역시 서구 왕길동,경상사고,0,0,2,0,차대차 - 추돌,안전운전불이행,건조,맑음,단일로 - 기타,승합,남,50세,상해없음,승합,남,59세,경상
2016092700100479,2016년 9월 27일 17시,화요일,인천광역시 남구 학익동,중상사고,0,1,0,0,차대사람 - 기타,안전운전불이행,습기,비,단일로 - 기타,승합,남,64세,상해없음,보행자,여,41세,중상
2016092700100480,2016년 9월 27일 17시,화요일,인천광역시 연수구 송도동,중상사고,0,1,0,0,차대차 - 기타,안전거리미확보,건조,맑음,교차로 - 교차로안,자전거,여,18세,중상,승용,남,29세,상해없음
2016092700100526,2016년 9월 27일 18시,화요일,인천광역시 남구 학익동,경상사고,0,0,1,0,차대차 - 측면충돌,신호위반,습기,비,교차로 - 교차로안,이륜,남,33세,기타불명,승용,남,34세,경상
2016092700100527,2016년 9월 27일 18시,화요일,인천광역시 남구 도화동,경상사고,0,0,1,0,차대사람 - 횡단중,신호위반,습기,비,교차로 - 교차로부근,승용,남,57세,상해없음,보행자,남,10세,경상
2016092700100528,2016년 9월 27일 18시,화요일,인천광역시 남구 주안동,경상사고,0,0,1,0,차대차 - 추돌,안전운전불이행,습기,비,교차로 - 교차로부근,승용,남,35세,상해없음,승용,남,50세,경상
2016092700100529,2016년 9월 27일 18시,화요일,인천광역시 남구 도화동,경상사고,0,0,2,0,차대차 - 추돌,안전운전불이행,습기,비,미분류 - 미분류,승용,남,56세,상해없음,승용,남,31세,상해없음
2016092700100575,2016년 9월 27일 19시,화요일,인천광역시 남동구 간석동,경상사고,0,0,3,0,차대차 - 측면직각충돌,차로위반,습기,비,단일로 - 기타,승용,남,65세,상해없음,화물,남,44세,상해없음
2016092700100576,2016년 9월 27일 19시,화요일,인천광역시 서구 오류동,경상사고,0,0,3,0,차대차 - 기타,안전운전불이행,건조,흐림,교차로 - 교차로안,승합,남,64세,상해없음,승용,남,20세,경상
2016092700100660,2016년 9월 27일 21시,화요일,인천광역시 부평구 부평동,경상사고,0,0,1,0,차대차 - 추돌,안전운전불이행,습기,비,단일로 - 기타,이륜,남,28세,기타불명,승용,남,26세,경상
2016092700100661,2016년 9월 27일 21시,화요일,인천광역시 부평구 부평동,경상사고,0,0,2,0,차대차 - 측면직각충돌,안전운전불이행,습기,비,교차로 - 교차로안,승용,여,32세,상해없음,승용,남,69세,경상
2016092700100662,2016년 9월 27일 21시,화요일,인천광역시 계양구 작전동,경상사고,0,0,1,1,차대사람 - 기타,기타,습기,비,단일로 - 기타,자전거,여,58세,부상신고,보행자,남,41세,경상
2016092700100691,2016년 9월 27일 22시,화요일,인천광역시 부평구 부평동,경상사고,0,0,1,0,차대사람 - 기타,안전운전불이행,습기,비,교차로 - 교차로부근,승용,남,57세,상해없음,보행자,여,43세,경상
2016092800100021,2016년 9월 28일 00시,수요일,인천광역시 남구 용현동,부상신고사고,0,0,0,1,차대차 - 기타,차로위반,습기,비,교차로 - 교차로부근,승용,남,49세,상해없음,이륜,남,19세,부상신고
2016092800100022,2016년 9월 28일 00시,수요일,인천광역시 서구 경서동,경상사고,0,0,2,0,차대차 - 정면충돌,안전운전불이행,건조,맑음,교차로 - 교차로안,승용,남,27세,상해없음,화물,남,46세,경상
2016092800100036,2016년 9월 28일 01시,수요일,인천광역시 남동구 만수동,경상사고,0,0,1,0,차대사람 - 횡단중,안전운전불이행,결빙,비,단일로 - 기타,승용,남,37세,상해없음,보행자,남,62세,경상
2016092800100125,2016년 9월 28일 07시,수요일,인천광역시 중구 중산동,경상사고,0,0,1,0,차대차 - 측면직각충돌,신호위반,습기,흐림,교차로 - 교차로안,승용,여,58세,상해없음,승용,남,39세,경상
2016092800100186,2016년 9월 28일 09시,수요일,인천광역시 부평구 청천동,중상사고,0,1,0,0,차대사람 - 횡단중,안전운전불이행,건조,맑음,단일로 - 기타,승용,남,60세,기타불명,보행자,남,77세,중상
2016092800100187,2016년 9월 28일 09시,수요일,인천광역시 서구 불로동,중상사고,0,1,0,0,차대사람 - 기타,기타,건조,맑음,교차로 - 교차로안,승합,남,67세,상해없음,보행자,여,70세,중상
2016092800100208,2016년 9월 28일 10시,수요일,인천광역시 연수구 연수동,경상사고,0,0,1,1,차대차 - 추돌,안전거리미확보,건조,맑음,단일로 - 기타,승용,여,55세,부상신고,승용,여,28세,경상
2016092800100209,2016년 9월 28일 10시,수요일,인천광역시 부평구 삼산동,중상사고,0,2,0,0,차대차 - 추돌,교차로운행방법위반,건조,맑음,교차로 - 교차로부근,승용,남,60세,상해없음,이륜,남,23세,중상
2016092800100210,2016년 9월 28일 10시,수요일,인천광역시 부평구 부평동,경상사고,0,0,1,0,차대차 - 측면직각충돌,안전운전불이행,건조,맑음,단일로 - 기타,건설기계,남,72세,기타불명,승용,기타불명,기타불명,기타불명
2016092800100237,2016년 9월 28일 11시,수요일,인천광역시 남동구 구월동,부상신고사고,0,0,0,1,차대사람 - 기타,기타,건조,맑음,단일로 - 기타,승용,남,54세,상해없음,보행자,여,73세,부상신고
2016092800100238,2016년 9월 28일 11시,수요일,인천광역시 계양구 효성동,사망사고,1,0,0,0,차량단독 - 공작물충돌,안전운전불이행,건조,맑음,단일로 - 기타,승용,여,62세,사망,,,,
2016092800100327,2016년 9월 28일 14시,수요일,인천광역시 옹진군 영흥면,부상신고사고,0,0,0,1,차대차 - 측면충돌,중앙선침범,건조,맑음,교차로 - 교차로부근,농기계,남,81세,부상신고,건설기계,남,33세,상해없음
2016092800100364,2016년 9월 28일 15시,수요일,인천광역시 연수구 송도동,중상사고,0,1,0,0,차대사람 - 횡단중,보행자보호의무위반,건조,맑음,교차로 - 교차로안,승합,남,60세,상해없음,보행자,남,9세,중상
2016092800100395,2016년 9월 28일 16시,수요일,인천광역시 남동구 구월동,경상사고,0,0,1,0,차대사람 - 길가장자리구역통행중,안전운전불이행,건조,맑음,단일로 - 기타,승용,여,45세,상해없음,보행자,여,66세,경상
2016092800100396,2016년 9월 28일 16시,수요일,인천광역시 부평구 부개동,중상사고,0,1,1,0,차대차 - 기타,안전운전불이행,건조,맑음,단일로 - 기타,승용,남,28세,상해없음,승용,남,64세,경상
2016092800100438,2016년 9월 28일 17시,수요일,인천광역시 서구 연희동,경상사고,0,0,2,0,차대차 - 측면충돌,안전운전불이행,건조,맑음,단일로 - 기타,승용,남,58세,상해없음,이륜,남,16세,경상
2016092800100486,2016년 9월 28일 18시,수요일,인천광역시 서구 경서동,중상사고,0,1,0,0,차대차 - 추돌,안전운전불이행,건조,맑음,단일로 - 기타,승용,남,19세,상해없음,승용,여,26세,중상
2016092800100530,2016년 9월 28일 19시,수요일,인천광역시 부평구 부평동,경상사고,0,0,2,0,차대차 - 추돌,안전운전불이행,건조,맑음,교차로 - 교차로부근,승용,남,67세,상해없음,승용,남,31세,경상
2016092800100531,2016년 9월 28일 19시,수요일,인천광역시 남동구 논현동,중상사고,0,1,0,0,차대사람 - 횡단중,안전운전불이행,건조,맑음,단일로 - 기타,승용,여,41세,상해없음,보행자,남,30세,중상
2016092800100568,2016년 9월 28일 20시,수요일,인천광역시 남동구 만수동,부상신고사고,0,0,0,2,차대차 - 측면직각충돌,안전운전불이행,건조,맑음,단일로 - 기타,승용,남,59세,상해없음,승합,남,42세,상해없음
2016092800100569,2016년 9월 28일 20시,수요일,인천광역시 남동구 간석동,중상사고,0,1,2,0,차대차 - 측면충돌,안전운전불이행,건조,맑음,교차로 - 교차로부근,승용,여,60세,중상,승용,남,25세,경상
2016092800100605,2016년 9월 28일 21시,수요일,인천광역시 서구 경서동,중상사고,0,1,0,0,차대차 - 추돌,안전운전불이행,건조,맑음,교차로 - 교차로부근,승용,남,36세,상해없음,승용,여,35세,중상
2016092800100606,2016년 9월 28일 21시,수요일,인천광역시 부평구 갈산동,부상신고사고,0,0,0,1,차대사람 - 길가장자리구역통행중,안전운전불이행,건조,흐림,단일로 - 기타,승합,남,47세,상해없음,보행자,남,34세,부상신고
2016092900100025,2016년 9월 29일 01시,목요일,인천광역시 남동구 남촌동,경상사고,0,0,2,0,차대차 - 추돌,안전운전불이행,건조,맑음,교차로 - 교차로부근,승용,남,58세,상해없음,승용,남,52세,경상
2016092900100026,2016년 9월 29일 01시,목요일,인천광역시 부평구 부평동,중상사고,0,1,0,0,차대차 - 측면직각충돌,교차로운행방법위반,건조,맑음,교차로 - 교차로안,화물,남,36세,상해없음,원동기,남,19세,중상
2016092900100049,2016년 9월 29일 03시,목요일,인천광역시 서구 연희동,중상사고,0,1,0,0,차량단독 - 전도전복,안전운전불이행,건조,맑음,단일로 - 기타,원동기,남,24세,상해없음,,,,
2016092900100093,2016년 9월 29일 06시,목요일,인천광역시 남동구 남촌동,중상사고,0,1,2,0,차대차 - 측면충돌,안전거리미확보,건조,맑음,단일로 - 기타,승용,남,62세,경상,승용,남,63세,중상
2016092900100094,2016년 9월 29일 06시,목요일,인천광역시 남동구 수산동,경상사고,0,0,2,1,차대차 - 측면직각충돌,안전운전불이행,건조,맑음,단일로 - 기타,승용,남,54세,부상신고,승용,남,57세,경상
2016092900100113,2016년 9월 29일 07시,목요일,인천광역시 남구 관교동,중상사고,0,1,0,0,차대차 - 측면직각충돌,불법유턴,건조,맑음,기타 - 기타,승용,남,21세,상해없음,승용,남,71세,중상
2016092900100114,2016년 9월 29일 07시,목요일,인천광역시 연수구 송도동,중상사고,0,1,0,0,차대차 - 기타,신호위반,건조,맑음,교차로 - 교차로안,승용,여,44세,상해없음,자전거,남,17세,중상
2016092900100153,2016년 9월 29일 08시,목요일,인천광역시 남동구 구월동,경상사고,0,0,1,0,차대차 - 측면직각충돌,신호위반,건조,맑음,교차로 - 교차로안,승용,여,57세,상해없음,승용,여,45세,경상
2016092900100154,2016년 9월 29일 08시,목요일,인천광역시 남동구 만수동,중상사고,0,1,0,0,차대차 - 측면직각충돌,교차로운행방법위반,건조,맑음,기타 - 기타,자전거,남,15세,상해없음,자전거,남,53세,중상
2016092900100155,2016년 9월 29일 08시,목요일,인천광역시 남동구 도림동,경상사고,0,0,1,0,차대차 - 측면충돌,차로위반,건조,맑음,단일로 - 기타,승용,남,23세,상해없음,승합,남,24세,경상
2016092900100198,2016년 9월 29일 09시,목요일,인천광역시 중구 운서동,중상사고,0,1,1,0,차대차 - 측면충돌,신호위반,건조,맑음,교차로 - 교차로안,승용,남,71세,상해없음,승용,남,55세,중상
2016092900100199,2016년 9월 29일 09시,목요일,인천광역시 부평구 청천동,경상사고,0,0,1,0,차대차 - 추돌,안전운전불이행,건조,맑음,교차로 - 교차로부근,승용,여,51세,상해없음,승용,여,46세,경상
2016092900100200,2016년 9월 29일 09시,목요일,인천광역시 서구 석남동,경상사고,0,0,2,0,차대차 - 기타,안전운전불이행,건조,맑음,단일로 - 기타,승용,남,64세,상해없음,승용,여,33세,경상
2016092900100201,2016년 9월 29일 09시,목요일,인천광역시 연수구 동춘동,중상사고,0,1,0,0,차대차 - 기타,안전운전불이행,건조,맑음,교차로 - 교차로안,승용,남,54세,상해없음,자전거,남,59세,중상
2016092900100231,2016년 9월 29일 10시,목요일,인천광역시 남동구 구월동,경상사고,0,0,2,0,차대차 - 측면직각충돌,교차로운행방법위반,건조,맑음,교차로 - 교차로안,이륜,남,20세,경상,승용,남,67세,상해없음
2016092900100318,2016년 9월 29일 13시,목요일,인천광역시 남구 관교동,중상사고,0,1,1,0,차대차 - 추돌,안전운전불이행,건조,맑음,교차로 - 교차로부근,승용,남,61세,상해없음,승용,남,39세,중상
2016092900100354,2016년 9월 29일 14시,목요일,인천광역시 남동구 만수동,경상사고,0,0,1,0,차대차 - 측면직각충돌,차로위반,건조,맑음,단일로 - 기타,승용,여,35세,경상,건설기계,남,64세,상해없음
2016092900100430,2016년 9월 29일 16시,목요일,인천광역시 남동구 구월동,중상사고,0,1,0,0,차대사람 - 차도통행중,안전운전불이행,건조,맑음,단일로 - 기타,승용,여,46세,상해없음,보행자,남,80세,중상
2016092900100431,2016년 9월 29일 16시,목요일,인천광역시 남동구 구월동,경상사고,0,0,1,0,차량단독 - 기타,안전운전불이행,건조,맑음,단일로 - 기타,승용,남,70세,상해없음,,,,
2016092900100432,2016년 9월 29일 16시,목요일,인천광역시 서구 마전동,중상사고,0,1,0,0,차대사람 - 횡단중,안전운전불이행,건조,맑음,단일로 - 횡단보도부근,승용,남,74세,상해없음,보행자,여,14세,중상
2016092900100433,2016년 9월 29일 16시,목요일,인천광역시 부평구 삼산동,중상사고,0,1,0,0,차대사람 - 횡단중,신호위반,건조,맑음,교차로 - 교차로안,승합,남,37세,상해없음,보행자,남,11세,중상
2016092900100499,2016년 9월 29일 18시,목요일,인천광역시 부평구 산곡동,경상사고,0,0,1,0,차대차 - 측면직각충돌,신호위반,건조,맑음,교차로 - 교차로안,승용,남,67세,상해없음,승용,남,22세,경상
2016092900100500,2016년 9월 29일 18시,목요일,인천광역시 남동구 구월동,부상신고사고,0,0,0,1,차대사람 - 길가장자리구역통행중,안전운전불이행,건조,맑음,단일로 - 기타,승용,남,46세,상해없음,보행자,남,25세,부상신고
2016092900100501,2016년 9월 29일 18시,목요일,인천광역시 남동구 구월동,경상사고,0,0,1,0,차대사람 - 횡단중,안전운전불이행,건조,맑음,단일로 - 기타,승용,남,46세,상해없음,보행자,남,16세,경상
2016092900100502,2016년 9월 29일 18시,목요일,인천광역시 서구 심곡동,경상사고,0,0,1,0,차대사람 - 기타,안전운전불이행,건조,맑음,단일로 - 기타,승용,남,47세,상해없음,보행자,여,21세,경상
2016092900100602,2016년 9월 29일 21시,목요일,인천광역시 부평구 갈산동,중상사고,0,1,1,0,차대사람 - 횡단중,안전운전불이행,건조,맑음,단일로 - 기타,이륜,남,18세,경상,보행자,여,25세,중상
2016092900100650,2016년 9월 29일 23시,목요일,인천광역시 남동구 간석동,경상사고,0,0,1,0,차대사람 - 횡단중,안전운전불이행,건조,맑음,단일로 - 기타,승용,남,58세,상해없음,보행자,남,49세,경상
2016092900100651,2016년 9월 29일 23시,목요일,인천광역시 남동구 간석동,경상사고,0,0,5,0,차대차 - 측면충돌,신호위반,건조,맑음,교차로 - 교차로안,승용,여,27세,상해없음,승용,남,59세,경상
2016093000100032,2016년 9월 30일 01시,금요일,인천광역시 남동구 만수동,경상사고,0,0,1,0,차대사람 - 기타,안전운전불이행,건조,맑음,기타 - 기타,승용,남,48세,상해없음,보행자,여,20세,경상
2016093000100158,2016년 9월 30일 08시,금요일,인천광역시 서구 가정동,중상사고,0,1,0,0,차대사람 - 차도통행중,안전운전불이행,건조,맑음,단일로 - 기타,승용,여,29세,상해없음,보행자,여,70세,중상
2016093000100193,2016년 9월 30일 09시,금요일,인천광역시 남구 주안동,경상사고,0,0,1,0,차대사람 - 차도통행중,안전운전불이행,건조,흐림,교차로 - 교차로부근,승용,여,49세,상해없음,보행자,남,27세,경상
2016093000100222,2016년 9월 30일 10시,금요일,인천광역시 부평구 부평동,경상사고,0,0,1,0,차대차 - 측면충돌,안전거리미확보,건조,맑음,단일로 - 기타,화물,남,31세,상해없음,승합,남,50세,상해없음
2016093000100311,2016년 9월 30일 13시,금요일,인천광역시 서구 오류동,경상사고,0,0,1,0,차대차 - 기타,중앙선침범,건조,맑음,단일로 - 기타,승용,여,34세,상해없음,건설기계,남,40세,경상
2016093000100342,2016년 9월 30일 14시,금요일,인천광역시 부평구 부평동,경상사고,0,0,1,0,차대차 - 추돌,안전거리미확보,건조,맑음,교차로 - 교차로부근,승용,남,55세,상해없음,승용,여,47세,경상
2016093000100374,2016년 9월 30일 15시,금요일,인천광역시 동구 송현동,중상사고,0,1,4,0,차대차 - 추돌,안전운전불이행,건조,맑음,교차로 - 교차로부근,화물,남,24세,상해없음,승용,남,30세,경상
2016093000100417,2016년 9월 30일 16시,금요일,인천광역시 남구 주안동,경상사고,0,0,1,0,차대사람 - 기타,기타,건조,맑음,단일로 - 기타,승용,남,31세,상해없음,보행자,남,8세,경상
2016093000100458,2016년 9월 30일 17시,금요일,인천광역시 서구 석남동,경상사고,0,0,1,0,차대사람 - 차도통행중,안전운전불이행,건조,맑음,단일로 - 기타,원동기,남,31세,상해없음,보행자,남,37세,경상
2016093000100509,2016년 9월 30일 18시,금요일,인천광역시 서구 연희동,경상사고,0,0,1,0,차대차 - 측면충돌,안전운전불이행,건조,맑음,교차로 - 교차로부근,건설기계,남,56세,상해없음,승용,여,28세,경상
2016093000100569,2016년 9월 30일 19시,금요일,인천광역시 중구 신흥동3가,중상사고,0,3,0,0,차대차 - 측면직각충돌,신호위반,건조,맑음,교차로 - 교차로안,승용,남,43세,기타불명,승용,남,44세,중상
2016093000100570,2016년 9월 30일 19시,금요일,인천광역시 부평구 부평동,경상사고,0,0,1,0,차대차 - 측면충돌,안전거리미확보,건조,맑음,단일로 - 기타,승용,남,62세,상해없음,이륜,남,47세,경상
2016093000100617,2016년 9월 30일 20시,금요일,인천광역시 남동구 논현동,경상사고,0,0,1,0,차대차 - 측면직각충돌,교차로운행방법위반,건조,맑음,교차로 - 교차로안,승합,남,63세,상해없음,승용,남,24세,경상
2016093000100658,2016년 9월 30일 21시,금요일,인천광역시 서구 마전동,경상사고,0,0,1,0,차대사람 - 기타,안전운전불이행,건조,맑음,단일로 - 기타,승용,남,62세,상해없음,보행자,남,41세,경상
2016093000100659,2016년 9월 30일 21시,금요일,인천광역시 서구 가좌동,경상사고,0,0,1,0,차대차 - 기타,안전운전불이행,건조,맑음,교차로 - 교차로안,승용,남,67세,상해없음,승용,남,35세,경상
2016093000100660,2016년 9월 30일 21시,금요일,인천광역시 계양구 계산동,경상사고,0,0,1,0,차대차 - 추돌,안전거리미확보,건조,맑음,교차로 - 교차로부근,승합,남,44세,상해없음,승용,여,45세,경상
2016093000100694,2016년 9월 30일 22시,금요일,인천광역시 남동구 남촌동,사망사고,1,0,0,0,차대차 - 추돌,안전운전불이행,건조,맑음,단일로 - 기타,승용,여,39세,사망,승용,남,47세,기타불명
2016093000100725,2016년 9월 30일 23시,금요일,인천광역시 남구 주안동,경상사고,0,0,1,0,차대차 - 측면직각충돌,안전운전불이행,건조,맑음,단일로 - 기타,승용,남,26세,상해없음,이륜,남,20세,경상
2016093000100726,2016년 9월 30일 23시,금요일,인천광역시 서구 가정동,중상사고,0,1,0,0,차대차 - 추돌,안전운전불이행,건조,맑음,단일로 - 횡단보도부근,기타불명,기타불명,기타불명,기타불명,원동기,남,41세,중상
2016100100100031,2016년 10월 1일 00시,토요일,인천광역시 중구 신흥동3가,중상사고,0,2,0,0,차대차 - 정면충돌,신호위반,건조,맑음,교차로 - 교차로안,화물,남,61세,중상,화물,남,61세,중상
2016100100100050,2016년 10월 1일 01시,토요일,인천광역시 부평구 부개동,중상사고,0,3,1,0,차대차 - 측면직각충돌,신호위반,건조,맑음,교차로 - 교차로안,승용,남,32세,상해없음,승용,남,50세,경상
2016100100100051,2016년 10월 1일 01시,토요일,인천광역시 남동구 논현동,경상사고,0,0,3,0,차대차 - 측면직각충돌,교차로운행방법위반,건조,맑음,교차로 - 교차로안,승용,남,31세,상해없음,승용,여,22세,경상
2016100100100068,2016년 10월 1일 02시,토요일,인천광역시 서구 심곡동,경상사고,0,0,3,0,차대차 - 기타,안전운전불이행,건조,맑음,단일로 - 기타,승용,여,38세,상해없음,승용,남,59세,경상
2016100100100205,2016년 10월 1일 09시,토요일,인천광역시 남동구 수산동,경상사고,0,0,1,0,차대차 - 기타,안전운전불이행,건조,맑음,기타 - 기타,승용,남,35세,상해없음,자전거,남,57세,경상
2016100100100206,2016년 10월 1일 09시,토요일,인천광역시 계양구 귤현동,중상사고,0,1,0,0,차대차 - 추돌,안전운전불이행,건조,맑음,단일로 - 기타,화물,남,27세,상해없음,화물,남,36세,중상
2016100100100230,2016년 10월 1일 10시,토요일,인천광역시 남동구 구월동,경상사고,0,0,1,0,차대차 - 추돌,안전운전불이행,습기,흐림,기타 - 기타,승합,남,61세,상해없음,승용,남,32세,경상
2016100100100265,2016년 10월 1일 11시,토요일,인천광역시 부평구 부평동,부상신고사고,0,0,0,1,차대차 - 추돌,안전운전불이행,건조,맑음,단일로 - 기타,승용,남,26세,상해없음,승용,남,40세,부상신고
2016100100100320,2016년 10월 1일 13시,토요일,인천광역시 계양구 계산동,중상사고,0,1,0,0,차대사람 - 차도통행중,안전운전불이행,건조,맑음,단일로 - 기타,승용,남,57세,상해없음,보행자,여,21세,중상
2016100100100361,2016년 10월 1일 14시,토요일,인천광역시 서구 심곡동,중상사고,0,1,0,0,차대차 - 측면충돌,안전운전불이행,건조,맑음,단일로 - 기타,승용,남,31세,상해없음,자전거,남,38세,중상
2016100100100362,2016년 10월 1일 14시,토요일,인천광역시 부평구 갈산동,경상사고,0,0,1,0,차대사람 - 길가장자리구역통행중,안전운전불이행,건조,맑음,단일로 - 기타,승용,여,50세,상해없음,보행자,남,10세,경상
2016100100100397,2016년 10월 1일 15시,토요일,인천광역시 부평구 산곡동,경상사고,0,0,4,0,차대차 - 기타,신호위반,건조,맑음,교차로 - 교차로부근,승용,여,53세,상해없음,승용,남,47세,경상
2016100100100428,2016년 10월 1일 16시,토요일,인천광역시 부평구 부평동,중상사고,0,1,0,0,차대차 - 측면충돌,신호위반,건조,맑음,단일로 - 횡단보도상,승용,여,51세,상해없음,자전거,남,61세,중상
2016100100100453,2016년 10월 1일 17시,토요일,인천광역시 남구 주안동,중상사고,0,1,0,0,차대차 - 기타,안전운전불이행,건조,맑음,단일로 - 교량,화물,남,47세,상해없음,자전거,남,21세,중상
2016100100100454,2016년 10월 1일 17시,토요일,인천광역시 서구 가좌동,경상사고,0,0,1,0,차대차 - 기타,신호위반,건조,맑음,교차로 - 교차로안,승용,남,57세,상해없음,자전거,남,22세,경상
2016100100100498,2016년 10월 1일 18시,토요일,인천광역시 서구 신현동,중상사고,0,1,0,0,차대차 - 측면충돌,안전운전불이행,건조,흐림,교차로 - 교차로부근,승용,남,42세,상해없음,이륜,남,26세,중상
2016100100100539,2016년 10월 1일 19시,토요일,인천광역시 남구 용현동,경상사고,0,0,1,0,차대차 - 추돌,안전운전불이행,건조,맑음,단일로 - 기타,이륜,남,26세,경상,승용,남,66세,상해없음
2016100100100540,2016년 10월 1일 19시,토요일,인천광역시 서구 검암동,중상사고,0,1,0,0,차대차 - 기타,안전운전불이행,건조,맑음,교차로 - 교차로안,이륜,남,64세,중상,승용,남,45세,상해없음
2016100100100579,2016년 10월 1일 20시,토요일,인천광역시 남구 숭의동,중상사고,0,1,0,0,차대차 - 측면직각충돌,신호위반,건조,맑음,교차로 - 교차로부근,원동기,남,17세,중상,승용,남,37세,상해없음
2016100100100580,2016년 10월 1일 20시,토요일,인천광역시 부평구 부평동,경상사고,0,0,2,0,차대차 - 측면직각충돌,안전운전불이행,건조,맑음,교차로 - 교차로안,승용,남,54세,상해없음,승용,남,19세,경상
2016100100100581,2016년 10월 1일 20시,토요일,인천광역시 남동구 구월동,중상사고,0,1,0,0,차대사람 - 횡단중,안전운전불이행,건조,맑음,단일로 - 횡단보도상,승용,남,29세,상해없음,보행자,남,51세,중상
2016100100100582,2016년 10월 1일 20시,토요일,인천광역시 남동구 구월동,중상사고,0,2,0,0,차대차 - 기타,안전운전불이행,건조,맑음,교차로 - 교차로안,이륜,여,34세,중상,자전거,남,20세,중상
2016100100100583,2016년 10월 1일 20시,토요일,인천광역시 연수구 옥련동,중상사고,0,1,0,0,차대차 - 기타,교차로운행방법위반,건조,맑음,교차로 - 교차로안,승용,남,61세,상해없음,이륜,남,48세,중상
2016100100100665,2016년 10월 1일 23시,토요일,인천광역시 옹진군 백령면,사망사고,1,0,0,0,차대사람 - 길가장자리구역통행중,안전운전불이행,건조,맑음,단일로 - 기타,승용,남,52세,상해없음,보행자,남,62세,사망
2016100200100046,2016년 10월 2일 02시,일요일,인천광역시 남구 주안동,경상사고,0,0,1,0,차대차 - 측면충돌,안전운전불이행,건조,맑음,교차로 - 교차로안,승용,여,44세,상해없음,승용,남,51세,경상
2016100200100242,2016년 10월 2일 13시,일요일,인천광역시 남동구 간석동,중상사고,0,1,0,0,차대차 - 기타,안전운전불이행,습기,비,단일로 - 기타,승용,남,47세,기타불명,원동기,남,34세,중상
2016100200100243,2016년 10월 2일 13시,일요일,인천광역시 부평구 부평동,중상사고,0,1,0,0,차대사람 - 차도통행중,안전운전불이행,습기,비,단일로 - 횡단보도부근,이륜,남,24세,상해없음,보행자,여,15세,중상
2016100200100274,2016년 10월 2일 14시,일요일,인천광역시 남구 도화동,경상사고,0,0,1,1,차대차 - 추돌,안전거리미확보,습기,비,교차로 - 교차로안,승합,남,55세,상해없음,승용,남,65세,경상
2016100200100324,2016년 10월 2일 16시,일요일,인천광역시 부평구 십정동,경상사고,0,0,2,2,차대차 - 기타,교차로운행방법위반,습기,비,교차로 - 교차로안,승용,남,29세,상해없음,승용,남,39세,경상
2016100200100350,2016년 10월 2일 17시,일요일,인천광역시 동구 화수동,경상사고,0,0,1,0,차대차 - 측면직각충돌,신호위반,습기,비,교차로 - 교차로부근,승용,남,70세,상해없음,승용,남,44세,경상
2016100200100351,2016년 10월 2일 17시,일요일,인천광역시 남동구 구월동,경상사고,0,0,3,1,차대차 - 추돌,안전운전불이행,건조,맑음,단일로 - 기타,승용,남,52세,상해없음,승용,남,34세,경상
2016100200100421,2016년 10월 2일 19시,일요일,인천광역시 중구 운서동,경상사고,0,0,1,0,차대차 - 측면충돌,차로위반,습기,비,단일로 - 기타,승합,남,57세,기타불명,이륜,남,24세,경상
2016100200100422,2016년 10월 2일 19시,일요일,인천광역시 남동구 도림동,경상사고,0,0,1,1,차대차 - 측면충돌,차로위반,건조,맑음,단일로 - 기타,승용,여,53세,상해없음,승용,여,35세,경상
2016100200100423,2016년 10월 2일 19시,일요일,인천광역시 서구 검암동,사망사고,1,0,0,0,차대사람 - 횡단중,신호위반,습기,비,단일로 - 횡단보도상,화물,남,65세,상해없음,보행자,남,54세,사망
2016100200100478,2016년 10월 2일 21시,일요일,인천광역시 부평구 산곡동,중상사고,0,1,0,0,차대차 - 추돌,안전운전불이행,습기,비,단일로 - 기타,승용,남,46세,상해없음,원동기,남,24세,중상
2016100200100479,2016년 10월 2일 21시,일요일,인천광역시 서구 원창동,중상사고,0,2,0,0,차대차 - 측면충돌,신호위반,습기,비,교차로 - 교차로안,승용,남,51세,중상,승합,남,43세,상해없음