사고번호,사고일시,요일,시군구,사고내용,사망자수,중상자수,경상자수,부상신고자수,사고유형,법규위반,노면상태,기상상태,도로형태,가해운전자 차종,가해운전자 성별,가해운전자 연령,가해운전자 상해정도,피해운전자 차종,피해운전자 성별,피해운전자 연령,피해운전자 상해정도
2016101100100491,2016년 10월 11일 18시,화요일,인천광역시 중구 운서동,경상사고,0,0,1,0,차대차 - 정면충돌,신호위반,건조,맑음,교차로 - 교차로부근,승용,남,32세,상해없음,승용,여,48세,경상
2016101100100492,2016년 10월 11일 18시,화요일,인천광역시 남구 숭의동,중상사고,0,1,0,0,차대차 - 정면충돌,교차로운행방법위반,건조,맑음,교차로 - 교차로부근,승용,여,32세,기타불명,원동기,남,47세,중상
2016101100100493,2016년 10월 11일 18시,화요일,인천광역시 남구 숭의동,경상사고,0,0,3,0,차대차 - 기타,안전운전불이행,건조,맑음,단일로 - 기타,화물,남,48세,상해없음,승용,남,76세,경상
2016101100100534,2016년 10월 11일 19시,화요일,인천광역시 남구 학익동,경상사고,0,0,3,0,차대차 - 추돌,안전운전불이행,건조,기타,기타 - 기타,승용,여,44세,상해없음,승용,남,30세,경상
2016101100100535,2016년 10월 11일 19시,화요일,인천광역시 남동구 구월동,경상사고,0,0,2,0,차대차 - 추돌,안전운전불이행,건조,맑음,기타 - 기타,승용,여,49세,상해없음,승용,남,29세,경상
2016101100100536,2016년 10월 11일 19시,화요일,인천광역시 계양구 작전동,경상사고,0,0,1,0,차대차 - 기타,교차로운행방법위반,건조,맑음,단일로 - 기타,기타불명,기타불명,기타불명,기타불명,승합,남,66세,상해없음
2016101100100580,2016년 10월 11일 20시,화요일,인천광역시 서구 경서동,중상사고,0,1,0,0,차대차 - 기타,안전운전불이행,건조,맑음,단일로 - 기타,자전거,여,39세,기타불명,자전거,남,56세,중상
2016101100100613,2016년 10월 11일 21시,화요일,인천광역시 남구 용현동,경상사고,0,0,1,0,차대차 - 추돌,안전운전불이행,건조,맑음,교차로 - 교차로부근,기타불명,기타불명,기타불명,기타불명,이륜,남,17세,경상
2016101100100640,2016년 10월 11일 22시,화요일,인천광역시 부평구 십정동,경상사고,0,0,2,0,차대차 - 추돌,안전운전불이행,건조,맑음,단일로 - 기타,화물,남,51세,상해없음,승용,남,26세,경상
2016101100100664,2016년 10월 11일 23시,화요일,인천광역시 남구 도화동,경상사고,0,0,2,1,차대차 - 기타,교차로운행방법위반,건조,맑음,교차로 - 교차로안,승용,여,37세,부상신고,승합,남,49세,경상
2016101200100031,2016년 10월 12일 01시,수요일,인천광역시 남동구 장수동,경상사고,0,0,1,0,차대차 - 측면직각충돌,안전거리미확보,건조,맑음,단일로 - 기타,승용,남,57세,상해없음,화물,남,41세,경상
2016101200100074,2016년 10월 12일 06시,수요일,인천광역시 남동구 구월동,경상사고,0,0,1,0,차대사람 - 길가장자리구역통행중,안전운전불이행,건조,맑음,단일로 - 기타,승용,남,31세,상해없음,보행자,여,29세,경상
2016101200100145,2016년 10월 12일 08시,수요일,인천광역시 부평구 십정동,경상사고,0,0,1,0,차대차 - 측면충돌,신호위반,건조,맑음,교차로 - 교차로부근,승용,남,61세,상해없음,이륜,남,46세,경상
2016101200100146,2016년 10월 12일 08시,수요일,인천광역시 부평구 청천동,경상사고,0,0,1,0,차대차 - 측면직각충돌,신호위반,건조,맑음,교차로 - 교차로안,승용,여,50세,상해없음,화물,남,35세,경상
2016101200100147,2016년 10월 12일 08시,수요일,인천광역시 남동구 구월동,경상사고,0,0,2,0,차대차 - 추돌,안전운전불이행,건조,맑음,단일로 - 기타,승용,여,25세,상해없음,승용,남,47세,경상
2016101200100148,2016년 10월 12일 08시,수요일,인천광역시 계양구 작전동,경상사고,0,0,1,0,차대차 - 기타,기타,건조,맑음,단일로 - 기타,승합,남,55세,상해없음,이륜,남,16세,상해없음
2016101200100177,2016년 10월 12일 09시,수요일,인천광역시 남구 주안동,경상사고,0,0,2,1,차대차 - 추돌,안전운전불이행,건조,맑음,단일로 - 기타,승용,남,21세,상해없음,승용,여,39세,경상
2016101200100211,2016년 10월 12일 10시,수요일,인천광역시 남동구 서창동,중상사고,0,1,0,0,차대차 - 측면직각충돌,안전운전불이행,건조,맑음,단일로 - 기타,승용,여,63세,상해없음,승용,남,37세,중상
2016101200100241,2016년 10월 12일 11시,수요일,인천광역시 서구 당하동,경상사고,0,0,1,0,차대차 - 측면충돌,신호위반,건조,맑음,교차로 - 교차로안,승용,여,25세,상해없음,승용,남,27세,경상
2016101200100337,2016년 10월 12일 14시,수요일,인천광역시 부평구 청천동,경상사고,0,0,1,0,차대사람 - 기타,안전운전불이행,건조,맑음,단일로 - 기타,승용,남,57세,상해없음,보행자,여,56세,경상
2016101200100338,2016년 10월 12일 14시,수요일,인천광역시 부평구 부평동,경상사고,0,0,1,0,차대사람 - 기타,안전운전불이행,건조,맑음,교차로 - 교차로부근,화물,남,42세,상해없음,보행자,여,63세,경상
2016101200100339,2016년 10월 12일 14시,수요일,인천광역시 서구 가좌동,중상사고,0,1,0,0,차대차 - 추돌,안전운전불이행,건조,맑음,단일로 - 기타,승용,남,40세,상해없음,승용,여,27세,중상
2016101200100406,2016년 10월 12일 16시,수요일,인천광역시 남구 주안동,경상사고,0,0,1,0,차대차 - 기타,안전운전불이행,건조,맑음,단일로 - 기타,승용,남,18세,상해없음,승용,여,27세,상해없음
2016101200100407,2016년 10월 12일 16시,수요일,인천광역시 부평구 산곡동,경상사고,0,0,3,0,차대차 - 측면직각충돌,교차로운행방법위반,건조,맑음,교차로 - 교차로안,승용,여,88세,상해없음,승용,남,22세,경상
2016101200100510,2016년 10월 12일 18시,수요일,인천광역시 남동구 구월동,경상사고,0,0,2,0,차대차 - 추돌,안전거리미확보,건조,맑음,단일로 - 기타,승용,남,48세,상해없음,승용,여,42세,경상
2016101200100511,2016년 10월 12일 18시,수요일,인천광역시 서구 연희동,경상사고,0,0,1,0,차대사람 - 횡단중,보행자보호의무위반,건조,맑음,단일로 - 횡단보도상,승용,여,33세,상해없음,보행자,여,17세,경상
2016101200100559,2016년 10월 12일 19시,수요일,인천광역시 부평구 청천동,경상사고,0,0,1,0,차대사람 - 기타,안전운전불이행,건조,맑음,단일로 - 기타,승용,남,63세,상해없음,보행자,여,46세,경상
2016101200100560,2016년 10월 12일 19시,수요일,인천광역시 연수구 송도동,경상사고,0,0,1,0,차대차 - 측면직각충돌,중앙선침범,건조,맑음,단일로 - 기타,승용,남,58세,상해없음,승용,남,36세,경상
2016101200100603,2016년 10월 12일 20시,수요일,인천광역시 서구 경서동,중상사고,0,1,2,0,차대차 - 기타,신호위반,건조,맑음,교차로 - 교차로안,승용,남,69세,상해없음,승용,남,31세,경상
2016101200100625,2016년 10월 12일 21시,수요일,인천광역시 남구 관교동,경상사고,0,0,1,0,차량단독 - 기타,안전운전불이행,건조,맑음,단일로 - 기타,승합,남,46세,상해없음,,,,
2016101200100626,2016년 10월 12일 21시,수요일,인천광역시 남동구 구월동,경상사고,0,0,1,0,차대차 - 측면직각충돌,안전운전불이행,건조,맑음,단일로 - 기타,이륜,남,45세,상해없음,이륜,남,29세,경상
2016101200100641,2016년 10월 12일 22시,수요일,인천광역시 남동구 구월동,경상사고,0,0,1,0,차대차 - 기타,안전운전불이행,건조,맑음,단일로 - 기타,승용,여,66세,상해없음,승용,남,46세,상해없음
2016101300100029,2016년 10월 13일 01시,목요일,인천광역시 남동구 간석동,경상사고,0,0,1,0,차대사람 - 횡단중,안전운전불이행,건조,맑음,단일로 - 횡단보도상,승용,남,24세,상해없음,보행자,여,53세,경상
2016101300100042,2016년 10월 13일 03시,목요일,인천광역시 연수구 옥련동,경상사고,0,0,1,0,차대차 - 측면직각충돌,안전운전불이행,건조,맑음,단일로 - 기타,승용,여,40세,상해없음,승용,남,48세,경상
2016101300100045,2016년 10월 13일 04시,목요일,인천광역시 부평구 부평동,중상사고,0,1,0,0,차대사람 - 차도통행중,과속,건조,맑음,단일로 - 기타,승용,남,52세,상해없음,보행자,여,76세,중상
2016101300100057,2016년 10월 13일 05시,목요일,인천광역시 중구 항동7가,경상사고,0,0,1,0,차량단독 - 기타,안전운전불이행,건조,기타,단일로 - 기타,승합,남,34세,상해없음,,,,
2016101300100058,2016년 10월 13일 05시,목요일,인천광역시 남구 주안동,중상사고,0,1,1,0,차대차 - 측면직각충돌,신호위반,건조,맑음,교차로 - 교차로부근,이륜,남,22세,중상,승용,남,41세,경상
2016101300100105,2016년 10월 13일 07시,목요일,인천광역시 계양구 작전동,경상사고,0,0,1,0,차대사람 - 차도통행중,안전운전불이행,건조,맑음,단일로 - 기타,화물,남,41세,상해없음,보행자,여,72세,경상
2016101300100147,2016년 10월 13일 08시,목요일,인천광역시 남구 주안동,경상사고,0,0,1,0,차대차 - 정면충돌,안전운전불이행,건조,기타,기타 - 기타,승용,남,23세,상해없음,승합,남,62세,경상
2016101300100148,2016년 10월 13일 08시,목요일,인천광역시 서구 공촌동,경상사고,0,0,1,0,차대차 - 측면충돌,안전운전불이행,건조,맑음,단일로 - 기타,승용,남,21세,상해없음,승합,남,36세,경상
2016101300100210,2016년 10월 13일 10시,목요일,인천광역시 부평구 청천동,중상사고,0,1,0,0,차대차 - 기타,안전운전불이행,건조,맑음,단일로 - 기타,승용,남,54세,상해없음,승합,남,52세,상해없음
2016101300100238,2016년 10월 13일 11시,목요일,인천광역시 남동구 구월동,경상사고,0,0,2,0,차대차 - 추돌,안전운전불이행,건조,맑음,단일로 - 기타,승용,남,64세,상해없음,승용,남,53세,경상
2016101300100239,2016년 10월 13일 11시,목요일,인천광역시 서구 석남동,경상사고,0,0,1,0,차대차 - 측면충돌,안전운전불이행,건조,맑음,단일로 - 기타,승용,여,61세,상해없음,승용,남,54세,상해없음
2016101300100240,2016년 10월 13일 11시,목요일,인천광역시 서구 가좌동,경상사고,0,0,3,0,차대차 - 기타,신호위반,건조,맑음,교차로 - 교차로안,화물,남,26세,경상,승용,남,80세,경상
2016101300100266,2016년 10월 13일 12시,목요일,인천광역시 강화군 길상면,경상사고,0,0,2,0,차대차 - 측면직각충돌,기타,건조,맑음,단일로 - 기타,승용,남,55세,상해없음,승용,남,54세,경상
2016101300100376,2016년 10월 13일 15시,목요일,인천광역시 남구 용현동,경상사고,0,0,1,0,차대사람 - 길가장자리구역통행중,안전운전불이행,건조,맑음,단일로 - 기타,기타불명,기타불명,기타불명,기타불명,보행자,남,12세,경상
2016101300100377,2016년 10월 13일 15시,목요일,인천광역시 남구 주안동,경상사고,0,0,1,0,차대사람 - 기타,안전운전불이행,건조,맑음,단일로 - 기타,기타불명,기타불명,기타불명,기타불명,보행자,여,66세,경상
2016101300100378,2016년 10월 13일 15시,목요일,인천광역시 계양구 작전동,중상사고,0,1,0,0,차대차 - 측면직각충돌,안전운전불이행,건조,맑음,교차로 - 교차로안,승용,남,31세,상해없음,이륜,남,32세,중상
2016101300100406,2016년 10월 13일 16시,목요일,인천광역시 남동구 구월동,중상사고,0,1,1,0,차대차 - 정면충돌,안전운전불이행,건조,맑음,단일로 - 기타,이륜,남,32세,상해없음,승용,남,46세,경상
2016101300100407,2016년 10월 13일 16시,목요일,인천광역시 남동구 고잔동,경상사고,0,0,1,0,차대사람 - 길가장자리구역통행중,안전운전불이행,건조,맑음,단일로 - 기타,기타불명,기타불명,기타불명,기타불명,보행자,남,21세,경상
2016101300100408,2016년 10월 13일 16시,목요일,인천광역시 남동구 만수동,중상사고,0,1,0,0,차량단독 - 기타,교차로운행방법위반,건조,맑음,교차로 - 교차로부근,승합,남,56세,상해없음,,,,
2016101300100488,2016년 10월 13일 18시,목요일,인천광역시 중구 인현동,경상사고,0,0,1,0,차대차 - 측면충돌,안전운전불이행,건조,맑음,교차로 - 교차로안,이륜,남,58세,경상,승용,여,22세,상해없음
2016101300100489,2016년 10월 13일 18시,목요일,인천광역시 남구 주안동,경상사고,0,0,2,0,차대차 - 추돌,안전운전불이행,건조,맑음,교차로 - 교차로부근,승용,남,39세,상해없음,승용,남,45세,경상
2016101300100490,2016년 10월 13일 18시,목요일,인천광역시 남구 숭의동,부상신고사고,0,0,0,1,차대차 - 추돌,안전운전불이행,건조,맑음,단일로 - 기타,승용,남,66세,상해없음,승합,남,61세,부상신고
2016101300100545,2016년 10월 13일 19시,목요일,인천광역시 부평구 청천동,경상사고,0,0,1,0,차대차 - 측면직각충돌,안전거리미확보,건조,맑음,단일로 - 기타,승용,기타불명,기타불명,기타불명,원동기,남,34세,경상
2016101300100546,2016년 10월 13일 19시,목요일,인천광역시 남동구 만수동,중상사고,0,1,0,0,차대차 - 측면직각충돌,안전운전불이행,건조,맑음,교차로 - 교차로안,이륜,남,55세,상해없음,이륜,남,53세,중상
2016101300100579,2016년 10월 13일 20시,목요일,인천광역시 남동구 남촌동,중상사고,0,1,1,0,차대차 - 측면직각충돌,중앙선침범,건조,맑음,단일로 - 기타,자전거,남,64세,중상,승용,남,51세,상해없음
2016101300100606,2016년 10월 13일 21시,목요일,인천광역시 남구 주안동,경상사고,0,0,1,0,차대차 - 기타,교차로운행방법위반,건조,맑음,교차로 - 교차로안,승용,남,62세,상해없음,승용,남,29세,경상
2016101300100607,2016년 10월 13일 21시,목요일,인천광역시 계양구 작전동,경상사고,0,0,1,0,차대사람 - 기타,교차로운행방법위반,건조,맑음,교차로 - 교차로부근,승용,남,29세,상해없음,보행자,남,49세,경상
2016101300100633,2016년 10월 13일 22시,목요일,인천광역시 서구 석남동,경상사고,0,0,1,0,차대사람 - 기타,안전운전불이행,건조,맑음,교차로 - 교차로안,기타불명,기타불명,기타불명,기타불명,보행자,여,58세,경상
2016101400100012,2016년 10월 14일 00시,금요일,인천광역시 남동구 만수동,경상사고,0,0,1,0,차대차 - 추돌,안전운전불이행,건조,맑음,교차로 - 교차로부근,승용,남,32세,상해없음,승용,남,50세,상해없음
2016101400100013,2016년 10월 14일 00시,금요일,인천광역시 서구 가좌동,경상사고,0,0,3,0,차대차 - 측면충돌,신호위반,건조,맑음,교차로 - 교차로안,승용,남,61세,상해없음,승용,남,48세,경상
2016101400100014,2016년 10월 14일 00시,금요일,인천광역시 중구 운서동,중상사고,0,1,0,0,차량단독 - 공작물충돌,안전운전불이행,건조,맑음,단일로 - 기타,승용,남,26세,중상,,,,
2016101400100050,2016년 10월 14일 04시,금요일,인천광역시 부평구 부평동,경상사고,0,0,5,0,차대차 - 기타,안전운전불이행,건조,맑음,교차로 - 교차로안,승용,남,65세,상해없음,승용,남,22세,경상
2016101400100158,2016년 10월 14일 08시,금요일,인천광역시 서구 연희동,경상사고,0,0,1,0,차대사람 - 차도통행중,안전운전불이행,건조,맑음,단일로 - 기타,승용,여,31세,상해없음,보행자,남,61세,경상
2016101400100189,2016년 10월 14일 09시,금요일,인천광역시 동구 송림동,중상사고,0,1,0,0,차대사람 - 횡단중,안전운전불이행,건조,맑음,단일로 - 기타,화물,남,46세,상해없음,보행자,여,52세,중상
2016101400100190,2016년 10월 14일 09시,금요일,인천광역시 동구 만석동,경상사고,0,0,1,0,차대차 - 기타,교차로운행방법위반,건조,맑음,교차로 - 교차로안,승용,남,49세,상해없음,승합,남,74세,경상
2016101400100191,2016년 10월 14일 09시,금요일,인천광역시 남동구 논현동,경상사고,0,0,1,0,차대차 - 추돌,안전거리미확보,건조,맑음,교차로 - 교차로안,승용,남,26세,상해없음,승용,여,55세,경상
2016101400100192,2016년 10월 14일 09시,금요일,인천광역시 부평구 구산동,경상사고,0,0,1,0,차대차 - 추돌,안전운전불이행,건조,맑음,교차로 - 교차로부근,승용,남,41세,상해없음,승용,남,40세,경상
2016101400100220,2016년 10월 14일 10시,금요일,인천광역시 강화군 강화읍,중상사고,0,1,1,0,차대차 - 측면충돌,안전거리미확보,기타,맑음,단일로 - 횡단보도부근,승용,남,70세,상해없음,승용,여,44세,경상
2016101400100221,2016년 10월 14일 10시,금요일,인천광역시 연수구 송도동,경상사고,0,0,1,0,차량단독 - 기타,안전운전불이행,건조,맑음,교차로 - 교차로부근,이륜,남,15세,상해없음,,,,
2016101400100248,2016년 10월 14일 11시,금요일,인천광역시 부평구 청천동,경상사고,0,0,1,0,차대차 - 측면직각충돌,안전운전불이행,건조,맑음,교차로 - 교차로부근,화물,남,36세,상해없음,승용,남,31세,경상
2016101400100291,2016년 10월 14일 12시,금요일,인천광역시 강화군 양도면,경상사고,0,0,1,0,차대차 - 추돌,안전운전불이행,건조,맑음,교차로 - 교차로부근,화물,남,44세,상해없음,승용,남,51세,경상
2016101400100323,2016년 10월 14일 13시,금요일,인천광역시 중구 운서동,경상사고,0,0,3,0,차대차 - 기타,안전운전불이행,건조,맑음,단일로 - 기타,승합,남,34세,상해없음,승용,남,31세,경상
2016101400100324,2016년 10월 14일 13시,금요일,인천광역시 서구 왕길동,경상사고,0,0,1,0,차대차 - 정면충돌,안전운전불이행,건조,맑음,교차로 - 교차로안,승용,남,32세,상해없음,승용,남,50세,경상
2016101400100406,2016년 10월 14일 15시,금요일,인천광역시 중구 내동,경상사고,0,0,1,0,차대차 - 측면충돌,신호위반,건조,맑음,교차로 - 교차로안,승용,여,56세,상해없음,승용,여,32세,경상
2016101400100453,2016년 10월 14일 16시,금요일,인천광역시 서구 원창동,경상사고,0,0,1,0,차대차 - 측면충돌,안전운전불이행,건조,맑음,교차로 - 교차로부근,승용,남,66세,상해없음,승용,남,54세,경상
2016101400100601,2016년 10월 14일 19시,금요일,인천광역시 서구 마전동,중상사고,0,1,0,0,차대차 - 기타,안전운전불이행,건조,맑음,단일로 - 기타,승용,남,43세,상해없음,원동기,남,41세,중상
2016101400100602,2016년 10월 14일 19시,금요일,인천광역시 연수구 송도동,경상사고,0,0,1,0,차대사람 - 횡단중,안전운전불이행,건조,맑음,단일로 - 기타,원동기,남,27세,상해없음,보행자,여,76세,경상
2016101400100603,2016년 10월 14일 19시,금요일,인천광역시 계양구 박촌동,중상사고,0,1,0,0,차대차 - 측면직각충돌,안전운전불이행,건조,맑음,단일로 - 기타,기타불명,기타불명,기타불명,기타불명,승용,남,59세,중상
2016101400100678,2016년 10월 14일 21시,금요일,인천광역시 남구 주안동,경상사고,0,0,2,0,차대차 - 추돌,안전운전불이행,건조,맑음,교차로 - 교차로부근,승용,남,29세,상해없음,승용,여,44세,경상
2016101400100700,2016년 10월 14일 22시,금요일,인천광역시 부평구 산곡동,부상신고사고,0,0,0,1,차대차 - 기타,안전운전불이행,건조,맑음,단일로 - 기타,기타불명,기타불명,기타불명,기타불명,자전거,남,17세,부상신고
2016101400100731,2016년 10월 14일 23시,금요일,인천광역시 계양구 박촌동,경상사고,0,0,2,0,차대차 - 추돌,안전운전불이행,건조,맑음,단일로 - 기타,승용,남,25세,상해없음,승용,여,24세,경상
2016101500100039,2016년 10월 15일 01시,토요일,인천광역시 남동구 간석동,중상사고,0,1,0,0,차대차 - 측면직각충돌,안전운전불이행,건조,맑음,단일로 - 기타,승용,남,28세,상해없음,승용,여,50세,상해없음
2016101500100083,2016년 10월 15일 05시,토요일,인천광역시 남동구 간석동,경상사고,0,0,1,0,차대사람 - 길가장자리구역통행중,안전운전불이행,건조,맑음,단일로 - 기타,화물,남,43세,상해없음,보행자,여,38세,경상
2016101500100084,2016년 10월 15일 05시,토요일,인천광역시 남동구 만수동,경상사고,0,0,2,0,차대차 - 추돌,안전운전불이행,건조,맑음,교차로 - 교차로부근,기타불명,기타불명,기타불명,기타불명,특수,남,63세,경상
2016101500100100,2016년 10월 15일 06시,토요일,인천광역시 서구 공촌동,중상사고,0,1,0,0,차대사람 - 횡단중,보행자보호의무위반,건조,맑음,교차로 - 교차로안,승용,남,72세,상해없음,보행자,여,68세,중상
2016101500100146,2016년 10월 15일 08시,토요일,인천광역시 남구 주안동,경상사고,0,0,1,0,차대차 - 기타,안전거리미확보,건조,맑음,기타 - 기타,승용,남,25세,상해없음,화물,남,55세,경상
2016101500100170,2016년 10월 15일 09시,토요일,인천광역시 연수구 동춘동,경상사고,0,0,3,1,차대차 - 기타,과속,건조,맑음,교차로 - 교차로부근,승용,여,24세,경상,승용,여,62세,부상신고
2016101500100433,2016년 10월 15일 16시,토요일,인천광역시 서구 가좌동,경상사고,0,0,2,0,차대차 - 기타,안전운전불이행,건조,맑음,교차로 - 교차로안,승용,남,24세,상해없음,승용,남,48세,경상
2016101500100526,2016년 10월 15일 18시,토요일,인천광역시 서구 가좌동,중상사고,0,1,0,0,차대사람 - 횡단중,안전운전불이행,건조,맑음,단일로 - 기타,승용,남,70세,상해없음,보행자,남,17세,중상
2016101500100563,2016년 10월 15일 19시,토요일,인천광역시 남구 주안동,경상사고,0,0,1,0,차대사람 - 길가장자리구역통행중,안전운전불이행,건조,기타,교차로 - 교차로안,승용,남,63세,상해없음,보행자,여,38세,경상
2016101500100564,2016년 10월 15일 19시,토요일,인천광역시 강화군 길상면,경상사고,0,0,11,0,차대차 - 추돌,안전운전불이행,건조,맑음,단일로 - 기타,승용,남,45세,상해없음,승용,여,29세,경상
2016101500100565,2016년 10월 15일 19시,토요일,인천광역시 부평구 부평동,경상사고,0,0,1,0,차대사람 - 길가장자리구역통행중,안전운전불이행,건조,맑음,교차로 - 교차로안,승용,남,22세,상해없음,보행자,남,20세,경상
2016101500100607,2016년 10월 15일 20시,토요일,인천광역시 중구 운서동,경상사고,0,0,1,0,차대사람 - 기타,안전운전불이행,건조,맑음,기타 - 기타,승용,여,50세,상해없음,보행자,여,39세,경상
2016101500100608,2016년 10월 15일 20시,토요일,인천광역시 남동구 간석동,경상사고,0,0,1,0,차대차 - 측면충돌,안전운전불이행,건조,맑음,단일로 - 기타,승용,남,62세,상해없음,승용,남,45세,경상
2016101500100636,2016년 10월 15일 21시,토요일,인천광역시 중구 운서동,경상사고,0,0,1,0,차대차 - 측면충돌,신호위반,건조,기타,교차로 - 교차로안,승용,남,31세,상해없음,승용,남,28세,경상
2016101500100637,2016년 10월 15일 21시,토요일,인천광역시 계양구 계산동,경상사고,0,0,1,0,차대차 - 추돌,안전운전불이행,건조,맑음,미분류 - 미분류,승용,남,46세,상해없음,승용,남,22세,상해없음
2016101500100684,2016년 10월 15일 23시,토요일,인천광역시 중구 항동7가,경상사고,0,0,5,0,차대차 - 측면직각충돌,교차로운행방법위반,건조,맑음,교차로 - 교차로안,승합,남,30세,상해없음,승용,남,23세,경상
2016101600100017,2016년 10월 16일 00시,일요일,인천광역시 남구 숭의동,경상사고,0,0,3,0,차대차 - 측면직각충돌,신호위반,건조,맑음,교차로 - 교차로안,승용,남,30세,상해없음,승용,남,36세,경상
2016101600100072,2016년 10월 16일 04시,일요일,인천광역시 부평구 부평동,경상사고,0,0,1,0,차량단독 - 기타,안전운전불이행,건조,맑음,단일로 - 기타,승용,남,60세,경상,,,,
2016101600100081,2016년 10월 16일 05시,일요일,인천광역시 계양구 계산동,중상사고,0,1,0,0,차대사람 - 횡단중,안전운전불이행,건조,흐림,단일로 - 기타,승용,남,35세,상해없음,보행자,남,49세,중상
2016101600100131,2016년 10월 16일 09시,일요일,인천광역시 연수구 청학동,경상사고,0,0,1,0,차대차 - 기타,안전운전불이행,건조,맑음,단일로 - 기타,승용,남,46세,상해없음,승용,여,52세,경상
2016101600100144,2016년 10월 16일 10시,일요일,인천광역시 강화군 화도면,경상사고,0,0,1,0,차대차 - 정면충돌,중앙선침범,건조,기타,단일로 - 기타,승용,남,51세,상해없음,승용,여,47세,경상
2016101600100273,2016년 10월 16일 14시,일요일,인천광역시 남구 주안동,경상사고,0,0,1,0,차대차 - 기타,중앙선침범,습기,비,교차로 - 교차로부근,승용,남,55세,상해없음,이륜,남,42세,경상
2016101600100274,2016년 10월 16일 14시,일요일,인천광역시 부평구 부평동,중상사고,0,1,0,0,차대사람 - 횡단중,신호위반,습기,비,교차로 - 교차로부근,승용,남,35세,상해없음,보행자,여,22세,중상
2016101600100301,2016년 10월 16일 15시,일요일,인천광역시 연수구 송도동,경상사고,0,0,1,0,차대사람 - 횡단중,안전운전불이행,습기,비,단일로 - 기타,자전거,남,65세,상해없음,보행자,남,4세,경상
2016101600100340,2016년 10월 16일 16시,일요일,인천광역시 연수구 송도동,중상사고,0,1,2,0,차대차 - 추돌,안전운전불이행,습기,비,단일로 - 기타,승용,남,53세,상해없음,승용,남,44세,경상
2016101600100381,2016년 10월 16일 17시,일요일,인천광역시 남구 숭의동,부상신고사고,0,0,0,1,차대차 - 기타,안전운전불이행,건조,맑음,단일로 - 기타,기타불명,기타불명,기타불명,기타불명,자전거,남,13세,부상신고
2016101600100382,2016년 10월 16일 17시,일요일,인천광역시 남구 주안동,부상신고사고,0,0,0,1,차대차 - 추돌,안전운전불이행,습기,흐림,단일로 - 기타,자전거,남,51세,부상신고,승용,여,40세,상해없음
2016101600100383,2016년 10월 16일 17시,일요일,인천광역시 남구 주안동,중상사고,0,1,0,0,차대차 - 측면직각충돌,교차로운행방법위반,습기,비,교차로 - 교차로안,승용,남,49세,상해없음,승용,여,36세,중상
2016101600100384,2016년 10월 16일 17시,일요일,인천광역시 부평구 부평동,경상사고,0,0,1,0,차대차 - 기타,안전운전불이행,건조,맑음,단일로 - 기타,승용,남,27세,상해없음,승용,남,59세,상해없음
2016101600100424,2016년 10월 16일 18시,일요일,인천광역시 남구 도화동,경상사고,0,0,2,0,차대차 - 측면충돌,안전운전불이행,습기,비,교차로 - 교차로안,승용,남,40세,상해없음,승용,여,32세,경상
2016101600100425,2016년 10월 16일 18시,일요일,인천광역시 남구 주안동,경상사고,0,0,1,1,차대차 - 기타,안전운전불이행,습기,비,교차로 - 교차로안,이륜,남,44세,부상신고,승용,남,65세,경상
2016101600100426,2016년 10월 16일 18시,일요일,인천광역시 남동구 고잔동,중상사고,0,1,3,0,차대차 - 측면직각충돌,신호위반,건조,맑음,교차로 - 교차로안,승용,남,57세,상해없음,승용,남,58세,경상
2016101600100427,2016년 10월 16일 18시,일요일,인천광역시 계양구 서운동,경상사고,0,0,1,0,차대차 - 추돌,안전운전불이행,건조,맑음,단일로 - 기타,승용,남,50세,상해없음,승용,남,58세,경상
2016101600100520,2016년 10월 16일 20시,일요일,인천광역시 서구 당하동,경상사고,0,0,3,0,차대차 - 기타,안전운전불이행,건조,맑음,단일로 - 기타,승용,남,56세,상해없음,승용,남,39세,경상
2016101700100007,2016년 10월 17일 00시,월요일,인천광역시 부평구 십정동,경상사고,0,0,2,0,차대사람 - 횡단중,안전운전불이행,건조,맑음,단일로 - 기타,화물,남,45세,상해없음,보행자,남,54세,경상
2016101700100020,2016년 10월 17일 02시,월요일,인천광역시 중구 운서동,중상사고,0,1,0,0,차량단독 - 전도전복,안전운전불이행,습기,비,단일로 - 기타,승용,남,20세,상해없음,,,,
2016101700100021,2016년 10월 17일 02시,월요일,인천광역시 남동구 고잔동,중상사고,0,2,0,0,차대차 - 추돌,안전운전불이행,건조,맑음,단일로 - 기타,승용,남,28세,상해없음,승용,남,52세,중상
2016101700100080,2016년 10월 17일 07시,월요일,인천광역시 남동구 논현동,경상사고,0,0,1,0,차대사람 - 횡단중,교차로운행방법위반,건조,맑음,교차로 - 교차로부근,화물,남,41세,상해없음,보행자,남,45세,경상
2016101700100128,2016년 10월 17일 08시,월요일,인천광역시 남구 주안동,경상사고,0,0,6,0,차대차 - 추돌,안전운전불이행,건조,맑음,교차로 - 교차로부근,승용,남,45세,상해없음,승용,남,55세,경상
2016101700100162,2016년 10월 17일 09시,월요일,인천광역시 남동구 구월동,중상사고,0,1,0,0,차대사람 - 보도통행중,신호위반,건조,맑음,단일로 - 횡단보도상,승용,여,50세,상해없음,보행자,여,44세,중상