사고번호,사고일시,요일,시군구,사고내용,사망자수,중상자수,경상자수,부상신고자수,사고유형,법규위반,노면상태,기상상태,도로형태,가해운전자 차종,가해운전자 성별,가해운전자 연령,가해운전자 상해정도,피해운전자 차종,피해운전자 성별,피해운전자 연령,피해운전자 상해정도
2016101700100193,2016년 10월 17일 10시,월요일,인천광역시 남구 숭의동,경상사고,0,0,2,0,차대차 - 기타,중앙선침범,건조,맑음,교차로 - 교차로부근,승용,남,72세,경상,화물,남,36세,경상
2016101700100234,2016년 10월 17일 11시,월요일,인천광역시 남구 도화동,경상사고,0,0,1,0,차대차 - 측면직각충돌,교차로운행방법위반,건조,맑음,교차로 - 교차로안,화물,남,50세,상해없음,승용,남,50세,경상
2016101700100235,2016년 10월 17일 11시,월요일,인천광역시 남구 도화동,경상사고,0,0,1,0,차대차 - 추돌,차로위반,건조,맑음,단일로 - 기타,승용,남,65세,상해없음,승용,여,52세,경상
2016101700100236,2016년 10월 17일 11시,월요일,인천광역시 남구 숭의동,경상사고,0,0,1,0,차대차 - 측면직각충돌,안전운전불이행,건조,맑음,교차로 - 교차로부근,승합,남,60세,상해없음,승용,여,49세,경상
2016101700100237,2016년 10월 17일 11시,월요일,인천광역시 계양구 효성동,경상사고,0,0,1,0,차대차 - 기타,안전운전불이행,건조,맑음,단일로 - 기타,승용,남,25세,상해없음,승용,여,55세,경상
2016101700100265,2016년 10월 17일 12시,월요일,인천광역시 연수구 연수동,중상사고,0,1,0,0,차대차 - 기타,교차로운행방법위반,건조,맑음,교차로 - 교차로안,승합,남,61세,상해없음,승용,여,46세,중상
2016101700100303,2016년 10월 17일 13시,월요일,인천광역시 계양구 동양동,경상사고,0,0,1,0,차대차 - 측면충돌,안전운전불이행,건조,맑음,교차로 - 교차로안,이륜,남,78세,경상,화물,남,33세,상해없음
2016101700100418,2016년 10월 17일 16시,월요일,인천광역시 남구 주안동,경상사고,0,0,1,0,차대차 - 기타,안전운전불이행,건조,맑음,교차로 - 교차로부근,승용,남,35세,상해없음,승용,남,55세,경상
2016101700100419,2016년 10월 17일 16시,월요일,인천광역시 남동구 간석동,경상사고,0,0,1,0,차대차 - 측면직각충돌,안전운전불이행,건조,맑음,교차로 - 교차로부근,승용,남,52세,상해없음,승용,여,56세,경상
2016101700100420,2016년 10월 17일 16시,월요일,인천광역시 강화군 강화읍,중상사고,0,1,0,0,차대차 - 측면충돌,안전운전불이행,건조,기타,단일로 - 기타,승용,여,39세,상해없음,자전거,남,74세,중상
2016101700100463,2016년 10월 17일 17시,월요일,인천광역시 동구 송림동,중상사고,0,1,0,0,차대사람 - 횡단중,안전운전불이행,건조,맑음,단일로 - 기타,이륜,남,19세,상해없음,보행자,여,75세,중상
2016101700100464,2016년 10월 17일 17시,월요일,인천광역시 남구 도화동,경상사고,0,0,1,0,차대차 - 추돌,안전운전불이행,건조,맑음,단일로 - 기타,승용,남,62세,상해없음,승용,남,33세,경상
2016101700100553,2016년 10월 17일 19시,월요일,인천광역시 남동구 구월동,중상사고,0,2,1,0,차대차 - 추돌,신호위반,건조,맑음,교차로 - 교차로부근,승용,남,46세,상해없음,승용,남,42세,중상
2016101700100606,2016년 10월 17일 20시,월요일,인천광역시 부평구 십정동,경상사고,0,0,2,0,차대차 - 추돌,안전거리미확보,건조,맑음,교차로 - 교차로부근,승용,남,28세,상해없음,승용,남,49세,경상
2016101700100635,2016년 10월 17일 21시,월요일,인천광역시 남동구 구월동,경상사고,0,0,3,0,차대차 - 측면직각충돌,안전거리미확보,건조,맑음,단일로 - 기타,승용,여,53세,경상,승용,남,25세,경상
2016101700100636,2016년 10월 17일 21시,월요일,인천광역시 서구 석남동,중상사고,0,1,0,0,차대사람 - 횡단중,신호위반,건조,맑음,단일로 - 횡단보도상,기타불명,기타불명,기타불명,기타불명,보행자,여,39세,중상
2016101700100637,2016년 10월 17일 21시,월요일,인천광역시 연수구 연수동,경상사고,0,0,1,0,차대차 - 기타,안전운전불이행,건조,맑음,단일로 - 기타,승용,남,28세,상해없음,승용,여,28세,경상
2016101700100654,2016년 10월 17일 22시,월요일,인천광역시 서구 원창동,경상사고,0,0,1,0,차대차 - 측면충돌,신호위반,건조,맑음,교차로 - 교차로안,승용,여,33세,상해없음,승용,여,31세,경상
2016101700100655,2016년 10월 17일 22시,월요일,인천광역시 연수구 연수동,중상사고,0,1,0,0,차대사람 - 기타,안전운전불이행,건조,맑음,단일로 - 기타,승용,남,62세,상해없음,보행자,남,40세,중상
2016101700100676,2016년 10월 17일 23시,월요일,인천광역시 부평구 십정동,경상사고,0,0,1,0,차량단독 - 기타,안전운전불이행,건조,맑음,단일로 - 기타,승용,남,62세,상해없음,,,,
2016101800100022,2016년 10월 18일 01시,화요일,인천광역시 남동구 만수동,경상사고,0,0,2,0,차대차 - 측면충돌,안전운전불이행,건조,맑음,단일로 - 기타,승용,남,50세,상해없음,승용,남,53세,경상
2016101800100049,2016년 10월 18일 05시,화요일,인천광역시 계양구 계산동,경상사고,0,0,2,0,차대차 - 측면직각충돌,차로위반,건조,맑음,교차로 - 교차로안,승용,남,48세,상해없음,승용,남,59세,경상
2016101800100065,2016년 10월 18일 06시,화요일,인천광역시 서구 원창동,중상사고,0,2,5,0,차대차 - 추돌,안전운전불이행,건조,맑음,단일로 - 기타,화물,남,59세,상해없음,화물,남,55세,경상
2016101800100092,2016년 10월 18일 07시,화요일,인천광역시 중구 신흥동3가,중상사고,0,1,1,0,차대사람 - 기타,안전운전불이행,건조,맑음,단일로 - 기타,기타불명,기타불명,기타불명,기타불명,보행자,남,18세,경상
2016101800100147,2016년 10월 18일 08시,화요일,인천광역시 남동구 논현동,중상사고,0,1,0,0,차대사람 - 횡단중,안전운전불이행,건조,맑음,단일로 - 기타,승용,여,46세,상해없음,보행자,여,24세,중상
2016101800100148,2016년 10월 18일 08시,화요일,인천광역시 남동구 고잔동,경상사고,0,0,1,0,차대차 - 추돌,교차로운행방법위반,건조,맑음,단일로 - 기타,건설기계,남,56세,상해없음,승용,남,33세,경상
2016101800100149,2016년 10월 18일 08시,화요일,인천광역시 서구 공촌동,경상사고,0,0,1,0,차대차 - 측면충돌,안전거리미확보,건조,맑음,단일로 - 기타,화물,남,55세,상해없음,승용,남,55세,경상
2016101800100150,2016년 10월 18일 08시,화요일,인천광역시 계양구 효성동,경상사고,0,0,1,0,차대차 - 기타,안전운전불이행,건조,맑음,교차로 - 교차로부근,승용,남,35세,상해없음,승용,여,26세,경상
2016101800100212,2016년 10월 18일 10시,화요일,인천광역시 남동구 수산동,경상사고,0,0,1,0,차대차 - 측면충돌,안전거리미확보,건조,맑음,교차로 - 교차로안,승용,남,50세,상해없음,이륜,남,27세,경상
2016101800100262,2016년 10월 18일 12시,화요일,인천광역시 동구 송현동,중상사고,0,1,0,0,차대사람 - 기타,안전운전불이행,건조,맑음,단일로 - 기타,승용,남,64세,상해없음,보행자,여,87세,중상
2016101800100263,2016년 10월 18일 12시,화요일,인천광역시 남동구 고잔동,중상사고,0,1,0,0,차대차 - 측면충돌,신호위반,건조,맑음,교차로 - 교차로안,화물,남,42세,상해없음,승용,여,42세,중상
2016101800100394,2016년 10월 18일 16시,화요일,인천광역시 서구 연희동,부상신고사고,0,0,0,2,차대사람 - 횡단중,보행자보호의무위반,건조,맑음,교차로 - 교차로안,승용,여,56세,상해없음,보행자,여,40세,부상신고
2016101800100395,2016년 10월 18일 16시,화요일,인천광역시 계양구 동양동,경상사고,0,0,2,0,차대차 - 기타,안전운전불이행,건조,맑음,교차로 - 교차로안,승용,여,32세,상해없음,승합,남,57세,상해없음
2016101800100485,2016년 10월 18일 18시,화요일,인천광역시 계양구 작전동,경상사고,0,0,1,0,차대차 - 측면직각충돌,안전거리미확보,건조,맑음,기타 - 기타,승용,여,19세,상해없음,승용,남,58세,경상
2016101800100533,2016년 10월 18일 19시,화요일,인천광역시 부평구 청천동,경상사고,0,0,1,0,차대차 - 측면충돌,불법유턴,건조,맑음,단일로 - 기타,자전거,여,51세,경상,승용,남,56세,상해없음
2016101800100534,2016년 10월 18일 19시,화요일,인천광역시 부평구 십정동,경상사고,0,0,2,0,차대차 - 추돌,안전운전불이행,건조,맑음,교차로 - 교차로부근,승용,남,59세,상해없음,승용,남,58세,경상
2016101800100535,2016년 10월 18일 19시,화요일,인천광역시 남동구 만수동,중상사고,0,1,0,0,차대차 - 측면충돌,안전운전불이행,건조,맑음,단일로 - 기타,화물,여,52세,상해없음,이륜,남,18세,중상
2016101800100536,2016년 10월 18일 19시,화요일,인천광역시 남동구 만수동,경상사고,0,0,1,0,차량단독 - 기타,안전운전불이행,건조,맑음,단일로 - 기타,승합,남,58세,상해없음,,,,
2016101800100537,2016년 10월 18일 19시,화요일,인천광역시 서구 원창동,경상사고,0,0,1,0,차대차 - 측면충돌,안전운전불이행,건조,맑음,단일로 - 기타,승용,여,33세,상해없음,승용,남,34세,경상
2016101800100538,2016년 10월 18일 19시,화요일,인천광역시 계양구 작전동,중상사고,0,3,1,0,차대차 - 측면직각충돌,보행자보호의무위반,건조,맑음,단일로 - 횡단보도상,승합,남,61세,상해없음,이륜,남,35세,경상
2016101800100575,2016년 10월 18일 20시,화요일,인천광역시 계양구 작전동,중상사고,0,1,0,0,차대사람 - 기타,안전운전불이행,건조,맑음,단일로 - 횡단보도상,승합,남,32세,상해없음,보행자,남,50세,중상
2016101800100576,2016년 10월 18일 20시,화요일,인천광역시 부평구 청천동,경상사고,0,0,1,0,차대차 - 측면직각충돌,안전운전불이행,건조,맑음,단일로 - 기타,승용,남,61세,상해없음,승합,남,43세,경상
2016101800100577,2016년 10월 18일 20시,화요일,인천광역시 부평구 갈산동,경상사고,0,0,1,0,차대차 - 추돌,안전운전불이행,건조,맑음,단일로 - 기타,화물,남,61세,상해없음,화물,남,55세,경상
2016101800100598,2016년 10월 18일 21시,화요일,인천광역시 남구 숭의동,경상사고,0,0,1,0,차대차 - 측면직각충돌,신호위반,건조,맑음,교차로 - 교차로안,승용,남,54세,상해없음,승용,남,34세,경상
2016101800100639,2016년 10월 18일 23시,화요일,인천광역시 서구 가좌동,중상사고,0,2,0,0,차대차 - 기타,안전운전불이행,건조,맑음,교차로 - 교차로부근,승용,남,34세,상해없음,승용,남,58세,중상
2016101800100640,2016년 10월 18일 23시,화요일,인천광역시 서구 가정동,경상사고,0,0,1,0,차대차 - 기타,안전운전불이행,건조,맑음,교차로 - 교차로부근,승용,여,42세,상해없음,승용,남,38세,경상
2016101900100019,2016년 10월 19일 00시,수요일,인천광역시 남동구 간석동,중상사고,0,1,1,0,차대차 - 정면충돌,안전운전불이행,건조,맑음,단일로 - 기타,승용,남,26세,상해없음,승용,남,53세,중상
2016101900100028,2016년 10월 19일 01시,수요일,인천광역시 남동구 구월동,중상사고,0,1,0,0,차대사람 - 횡단중,안전운전불이행,건조,맑음,단일로 - 기타,승용,남,57세,상해없음,보행자,남,41세,중상
2016101900100032,2016년 10월 19일 02시,수요일,인천광역시 남구 주안동,중상사고,0,1,0,0,차대사람 - 길가장자리구역통행중,안전운전불이행,건조,기타,기타 - 기타,승용,남,23세,상해없음,보행자,남,23세,중상
2016101900100053,2016년 10월 19일 05시,수요일,인천광역시 남구 숭의동,경상사고,0,0,1,0,차량단독 - 기타,기타,건조,맑음,단일로 - 기타,승합,남,57세,상해없음,,,,
2016101900100054,2016년 10월 19일 05시,수요일,인천광역시 남동구 간석동,경상사고,0,0,1,0,차대차 - 측면충돌,안전운전불이행,건조,맑음,단일로 - 기타,특수,남,34세,상해없음,승용,남,48세,경상
2016101900100127,2016년 10월 19일 08시,수요일,인천광역시 강화군 하점면,중상사고,0,1,0,0,차대차 - 측면충돌,안전운전불이행,건조,맑음,교차로 - 교차로안,화물,남,44세,상해없음,원동기,남,61세,중상
2016101900100163,2016년 10월 19일 09시,수요일,인천광역시 서구 불로동,경상사고,0,0,2,0,차대차 - 측면직각충돌,안전운전불이행,건조,맑음,교차로 - 교차로부근,승용,여,57세,상해없음,승용,남,23세,경상
2016101900100221,2016년 10월 19일 11시,수요일,인천광역시 남동구 구월동,경상사고,0,0,1,0,차대차 - 추돌,안전거리미확보,건조,맑음,기타 - 기타,승용,여,56세,상해없음,이륜,남,23세,경상
2016101900100281,2016년 10월 19일 13시,수요일,인천광역시 남구 주안동,중상사고,0,1,3,0,차대차 - 측면충돌,안전운전불이행,건조,맑음,단일로 - 기타,승용,여,65세,상해없음,승합,남,53세,경상
2016101900100282,2016년 10월 19일 13시,수요일,인천광역시 계양구 병방동,경상사고,0,0,1,0,차대사람 - 횡단중,안전운전불이행,건조,맑음,단일로 - 기타,승합,남,53세,상해없음,보행자,남,83세,경상
2016101900100318,2016년 10월 19일 14시,수요일,인천광역시 강화군 불은면,경상사고,0,0,1,0,차대차 - 정면충돌,중앙선침범,건조,맑음,단일로 - 기타,화물,남,36세,상해없음,화물,남,46세,경상
2016101900100351,2016년 10월 19일 15시,수요일,인천광역시 남동구 구월동,경상사고,0,0,1,0,차대차 - 측면직각충돌,신호위반,건조,맑음,교차로 - 교차로안,승용,남,57세,상해없음,승용,여,50세,경상
2016101900100353,2016년 10월 19일 15시,수요일,인천광역시 남동구 논현동,경상사고,0,0,1,0,차대사람 - 횡단중,안전운전불이행,건조,맑음,기타 - 기타,자전거,남,27세,상해없음,보행자,여,72세,경상
2016101900100354,2016년 10월 19일 15시,수요일,인천광역시 계양구 다남동,중상사고,0,2,0,0,차대차 - 기타,안전운전불이행,건조,맑음,단일로 - 기타,자전거,남,26세,상해없음,자전거,남,56세,중상
2016101900100430,2016년 10월 19일 17시,수요일,인천광역시 부평구 십정동,부상신고사고,0,0,0,1,차대차 - 기타,안전운전불이행,건조,맑음,교차로 - 교차로안,화물,남,51세,상해없음,승용,여,32세,부상신고
2016101900100496,2016년 10월 19일 18시,수요일,인천광역시 남구 주안동,중상사고,0,1,0,0,차대차 - 측면직각충돌,안전운전불이행,건조,맑음,교차로 - 교차로안,이륜,남,21세,상해없음,자전거,여,55세,중상
2016101900100497,2016년 10월 19일 18시,수요일,인천광역시 남구 숭의동,경상사고,0,0,1,0,차대차 - 측면직각충돌,직진우회전진행방해,건조,맑음,교차로 - 교차로안,승용,남,60세,상해없음,원동기,남,71세,경상
2016101900100498,2016년 10월 19일 18시,수요일,인천광역시 서구 가좌동,경상사고,0,0,2,0,차대차 - 기타,안전운전불이행,건조,맑음,미분류 - 미분류,승용,남,62세,상해없음,승용,남,31세,경상
2016101900100548,2016년 10월 19일 19시,수요일,인천광역시 남구 용현동,경상사고,0,0,1,0,차대사람 - 횡단중,안전운전불이행,건조,맑음,교차로 - 교차로안,승용,남,60세,상해없음,보행자,여,57세,경상
2016101900100549,2016년 10월 19일 19시,수요일,인천광역시 남구 용현동,경상사고,0,0,1,0,차대차 - 측면직각충돌,신호위반,건조,맑음,단일로 - 횡단보도상,승용,남,70세,상해없음,자전거,여,64세,경상
2016101900100550,2016년 10월 19일 19시,수요일,인천광역시 남동구 구월동,경상사고,0,0,2,0,차대차 - 측면충돌,안전거리미확보,건조,맑음,단일로 - 기타,승용,여,31세,경상,승용,여,62세,경상
2016101900100551,2016년 10월 19일 19시,수요일,인천광역시 남동구 논현동,경상사고,0,0,1,0,차대차 - 측면충돌,안전거리미확보,건조,맑음,단일로 - 기타,승용,남,48세,상해없음,이륜,남,25세,경상
2016101900100552,2016년 10월 19일 19시,수요일,인천광역시 계양구 작전동,경상사고,0,0,1,0,차대사람 - 횡단중,보행자보호의무위반,건조,맑음,교차로 - 교차로부근,화물,남,50세,상해없음,보행자,여,60세,경상
2016101900100591,2016년 10월 19일 20시,수요일,인천광역시 남동구 서창동,경상사고,0,0,1,0,차대차 - 측면충돌,기타,건조,맑음,교차로 - 교차로안,화물,여,35세,상해없음,자전거,여,24세,경상
2016101900100622,2016년 10월 19일 21시,수요일,인천광역시 남동구 만수동,경상사고,0,0,2,0,차대차 - 측면충돌,안전운전불이행,건조,맑음,단일로 - 기타,승용,여,47세,상해없음,승용,남,56세,기타불명
2016101900100623,2016년 10월 19일 21시,수요일,인천광역시 계양구 계산동,경상사고,0,0,1,0,차대차 - 기타,안전운전불이행,건조,맑음,단일로 - 횡단보도부근,승용,남,41세,상해없음,자전거,여,37세,경상
2016101900100643,2016년 10월 19일 22시,수요일,인천광역시 서구 석남동,경상사고,0,0,5,0,차대차 - 기타,안전운전불이행,건조,맑음,단일로 - 기타,승용,여,55세,경상,승용,여,66세,경상
2016101900100667,2016년 10월 19일 23시,수요일,인천광역시 부평구 부평동,경상사고,0,0,1,0,차대차 - 추돌,안전운전불이행,건조,맑음,단일로 - 기타,승용,남,30세,상해없음,승용,남,49세,경상
2016102000100009,2016년 10월 20일 00시,목요일,인천광역시 남동구 논현동,경상사고,0,0,2,0,차대차 - 추돌,안전운전불이행,건조,맑음,단일로 - 기타,승용,남,32세,상해없음,승용,남,61세,경상
2016102000100010,2016년 10월 20일 00시,목요일,인천광역시 부평구 부평동,중상사고,0,1,0,0,차대차 - 추돌,안전운전불이행,건조,맑음,교차로 - 교차로안,승용,남,43세,상해없음,이륜,남,31세,중상
2016102000100011,2016년 10월 20일 00시,목요일,인천광역시 부평구 삼산동,중상사고,0,2,0,0,차대차 - 추돌,안전운전불이행,건조,맑음,단일로 - 기타,승용,남,33세,상해없음,승용,남,61세,중상
2016102000100045,2016년 10월 20일 04시,목요일,인천광역시 계양구 계산동,중상사고,0,1,1,0,차대차 - 추돌,안전운전불이행,습기,비,단일로 - 기타,승용,남,37세,상해없음,승용,남,22세,경상
2016102000100050,2016년 10월 20일 05시,목요일,인천광역시 남동구 구월동,중상사고,0,1,0,0,차대사람 - 횡단중,안전운전불이행,건조,맑음,단일로 - 기타,승용,남,48세,상해없음,보행자,여,64세,중상
2016102000100068,2016년 10월 20일 06시,목요일,인천광역시 부평구 부평동,사망사고,1,0,0,0,차대사람 - 기타,안전운전불이행,건조,맑음,교차로 - 교차로부근,화물,남,38세,상해없음,보행자,여,64세,사망
2016102000100127,2016년 10월 20일 08시,목요일,인천광역시 남구 주안동,경상사고,0,0,1,0,차대차 - 추돌,기타,건조,맑음,단일로 - 기타,이륜,남,38세,상해없음,승용,여,40세,경상
2016102000100128,2016년 10월 20일 08시,목요일,인천광역시 남동구 구월동,경상사고,0,0,1,0,차대차 - 추돌,안전운전불이행,건조,맑음,단일로 - 기타,승용,남,47세,상해없음,승합,남,44세,경상
2016102000100129,2016년 10월 20일 08시,목요일,인천광역시 계양구 효성동,경상사고,0,0,1,0,차량단독 - 기타,기타,건조,맑음,교차로 - 교차로안,승합,남,55세,기타불명,,,,
2016102000100130,2016년 10월 20일 08시,목요일,인천광역시 강화군 불은면,중상사고,0,1,0,0,차대차 - 측면충돌,안전운전불이행,건조,맑음,단일로 - 기타,화물,남,66세,상해없음,승용,여,58세,중상
2016102000100196,2016년 10월 20일 10시,목요일,인천광역시 남구 주안동,중상사고,0,1,0,0,차대차 - 측면직각충돌,안전운전불이행,건조,맑음,단일로 - 기타,이륜,남,24세,중상,승용,남,41세,상해없음
2016102000100197,2016년 10월 20일 10시,목요일,인천광역시 서구 가좌동,중상사고,0,2,0,0,차대차 - 기타,중앙선침범,건조,맑음,단일로 - 기타,화물,남,52세,상해없음,승용,남,61세,중상
2016102000100198,2016년 10월 20일 10시,목요일,인천광역시 남동구 서창동,경상사고,0,0,1,0,차대차 - 기타,안전거리미확보,건조,맑음,단일로 - 교량,화물,남,40세,상해없음,승용,남,48세,경상
2016102000100268,2016년 10월 20일 13시,목요일,인천광역시 강화군 양도면,중상사고,0,1,0,0,차대차 - 측면충돌,안전운전불이행,건조,맑음,교차로 - 교차로부근,승용,남,54세,상해없음,원동기,남,74세,중상
2016102000100294,2016년 10월 20일 14시,목요일,인천광역시 부평구 산곡동,경상사고,0,0,1,0,차대차 - 기타,안전운전불이행,건조,맑음,교차로 - 교차로부근,승용,여,47세,상해없음,승용,남,61세,경상
2016102000100295,2016년 10월 20일 14시,목요일,인천광역시 연수구 송도동,중상사고,0,1,0,0,차대사람 - 차도통행중,안전운전불이행,건조,맑음,단일로 - 기타,승용,여,44세,상해없음,보행자,여,64세,중상
2016102000100324,2016년 10월 20일 15시,목요일,인천광역시 중구 신흥동3가,경상사고,0,0,2,0,차대차 - 측면충돌,차로위반,건조,맑음,단일로 - 기타,승용,남,45세,상해없음,승용,남,40세,경상
2016102000100325,2016년 10월 20일 15시,목요일,인천광역시 남동구 만수동,중상사고,0,1,0,0,차대사람 - 기타,안전운전불이행,건조,맑음,단일로 - 기타,화물,남,56세,상해없음,보행자,여,7세,중상
2016102000100355,2016년 10월 20일 16시,목요일,인천광역시 남구 용현동,경상사고,0,0,2,0,차대차 - 기타,안전운전불이행,건조,맑음,단일로 - 기타,건설기계,남,42세,상해없음,건설기계,남,45세,경상
2016102000100356,2016년 10월 20일 16시,목요일,인천광역시 계양구 작전동,경상사고,0,0,2,0,차대차 - 기타,안전거리미확보,건조,맑음,기타 - 기타,승용,남,32세,상해없음,승용,남,29세,경상
2016102000100393,2016년 10월 20일 17시,목요일,인천광역시 계양구 방축동,경상사고,0,0,1,0,차대차 - 측면직각충돌,안전운전불이행,건조,맑음,단일로 - 기타,승합,남,32세,상해없음,화물,남,28세,경상
2016102000100460,2016년 10월 20일 18시,목요일,인천광역시 남구 주안동,경상사고,0,0,1,0,차대사람 - 길가장자리구역통행중,안전운전불이행,건조,맑음,단일로 - 기타,승용,남,53세,상해없음,보행자,남,39세,경상
2016102000100461,2016년 10월 20일 18시,목요일,인천광역시 남구 도화동,경상사고,0,0,2,0,차대차 - 추돌,안전운전불이행,건조,맑음,단일로 - 기타,승용,남,25세,상해없음,승용,남,32세,경상
2016102000100462,2016년 10월 20일 18시,목요일,인천광역시 서구 검암동,경상사고,0,0,1,0,차대차 - 측면충돌,안전운전불이행,건조,맑음,기타 - 기타,승용,남,59세,상해없음,승용,여,29세,경상
2016102000100463,2016년 10월 20일 18시,목요일,인천광역시 서구 석남동,경상사고,0,0,2,0,차대차 - 측면직각충돌,안전운전불이행,건조,맑음,단일로 - 기타,승용,남,58세,상해없음,승용,남,48세,경상
2016102000100493,2016년 10월 20일 19시,목요일,인천광역시 남구 학익동,경상사고,0,0,3,0,차대차 - 기타,안전운전불이행,건조,맑음,단일로 - 기타,승용,여,43세,상해없음,승용,여,44세,경상
2016102000100494,2016년 10월 20일 19시,목요일,인천광역시 계양구 오류동,경상사고,0,0,2,0,차대차 - 기타,안전운전불이행,건조,맑음,단일로 - 기타,승용,남,47세,상해없음,승용,여,60세,경상
2016102000100531,2016년 10월 20일 20시,목요일,인천광역시 남구 용현동,중상사고,0,1,0,0,차대사람 - 기타,안전운전불이행,건조,맑음,교차로 - 교차로부근,승용,남,63세,상해없음,보행자,여,57세,중상
2016102000100532,2016년 10월 20일 20시,목요일,인천광역시 서구 원창동,사망사고,1,0,0,0,차대사람 - 횡단중,안전운전불이행,건조,맑음,단일로 - 기타,승용,남,64세,상해없음,보행자,여,63세,사망
2016102000100533,2016년 10월 20일 20시,목요일,인천광역시 서구 당하동,경상사고,0,0,1,0,차대사람 - 횡단중,신호위반,건조,맑음,단일로 - 횡단보도부근,승합,남,54세,상해없음,보행자,여,59세,경상
2016102000100571,2016년 10월 20일 21시,목요일,인천광역시 중구 운서동,중상사고,0,1,0,0,차대차 - 측면충돌,신호위반,건조,맑음,교차로 - 교차로안,이륜,남,19세,중상,승용,남,51세,상해없음
2016102000100572,2016년 10월 20일 21시,목요일,인천광역시 서구 검암동,경상사고,0,0,1,0,차대차 - 기타,안전운전불이행,건조,맑음,단일로 - 기타,이륜,남,17세,상해없음,승용,남,56세,경상
2016102000100624,2016년 10월 20일 23시,목요일,인천광역시 서구 가정동,중상사고,0,1,0,0,차대차 - 추돌,안전운전불이행,건조,맑음,교차로 - 교차로부근,승용,여,25세,상해없음,이륜,남,20세,중상
2016102000100625,2016년 10월 20일 23시,목요일,인천광역시 계양구 임학동,경상사고,0,0,1,0,차대사람 - 횡단중,안전운전불이행,건조,맑음,단일로 - 기타,이륜,남,54세,상해없음,보행자,여,63세,경상
2016102100100041,2016년 10월 21일 01시,금요일,인천광역시 남동구 간석동,경상사고,0,0,1,0,차대사람 - 길가장자리구역통행중,안전운전불이행,건조,맑음,단일로 - 기타,이륜,남,52세,상해없음,보행자,남,54세,경상
2016102100100042,2016년 10월 21일 01시,금요일,인천광역시 서구 심곡동,경상사고,0,0,1,0,차대사람 - 기타,안전운전불이행,건조,맑음,단일로 - 기타,승용,남,23세,상해없음,보행자,남,51세,경상
2016102100100053,2016년 10월 21일 02시,금요일,인천광역시 부평구 부평동,중상사고,0,2,2,0,차대차 - 추돌,안전운전불이행,건조,맑음,교차로 - 교차로부근,승용,남,35세,상해없음,승용,남,45세,중상
2016102100100057,2016년 10월 21일 03시,금요일,인천광역시 서구 오류동,사망사고,1,0,0,0,차량단독 - 공작물충돌,안전운전불이행,건조,맑음,교차로 - 교차로안,승용,남,50세,사망,,,,
2016102100100063,2016년 10월 21일 04시,금요일,인천광역시 서구 백석동,중상사고,0,1,0,0,차대차 - 기타,안전운전불이행,건조,맑음,단일로 - 기타,승합,남,57세,상해없음,이륜,남,25세,중상
2016102100100082,2016년 10월 21일 05시,금요일,인천광역시 남구 주안동,경상사고,0,0,1,0,차대차 - 추돌,안전운전불이행,건조,맑음,교차로 - 교차로안,승용,남,37세,상해없음,승용,남,59세,경상
2016102100100170,2016년 10월 21일 08시,금요일,인천광역시 서구 금곡동,경상사고,0,0,1,0,차대차 - 측면충돌,신호위반,건조,맑음,교차로 - 교차로안,승용,남,43세,상해없음,이륜,남,39세,경상
2016102100100171,2016년 10월 21일 08시,금요일,인천광역시 계양구 계산동,경상사고,0,0,1,0,차대사람 - 차도통행중,안전운전불이행,건조,맑음,기타 - 기타,승합,남,74세,상해없음,보행자,여,52세,경상
2016102100100203,2016년 10월 21일 09시,금요일,인천광역시 계양구 병방동,경상사고,0,0,2,0,차대차 - 측면직각충돌,안전운전불이행,건조,맑음,교차로 - 교차로안,화물,남,31세,상해없음,승용,여,30세,경상
2016102100100204,2016년 10월 21일 09시,금요일,인천광역시 연수구 청학동,경상사고,0,0,1,0,차대차 - 추돌,안전거리미확보,건조,맑음,교차로 - 교차로부근,승용,여,53세,상해없음,승용,여,45세,경상
2016102100100228,2016년 10월 21일 10시,금요일,인천광역시 남동구 간석동,경상사고,0,0,1,0,차대차 - 측면직각충돌,안전운전불이행,건조,맑음,단일로 - 횡단보도부근,승용,여,64세,상해없음,승용,여,52세,상해없음
2016102100100229,2016년 10월 21일 10시,금요일,인천광역시 서구 연희동,중상사고,0,1,0,0,차대사람 - 횡단중,중앙선침범,건조,맑음,단일로 - 횡단보도상,특수,남,24세,상해없음,보행자,남,59세,중상
2016102100100256,2016년 10월 21일 11시,금요일,인천광역시 중구 항동7가,부상신고사고,0,0,0,1,차대차 - 측면직각충돌,안전운전불이행,건조,맑음,교차로 - 교차로안,화물,남,47세,상해없음,기타불명,남,40세,부상신고
2016102100100257,2016년 10월 21일 11시,금요일,인천광역시 남구 관교동,중상사고,0,1,0,0,차대사람 - 횡단중,기타,건조,맑음,단일로 - 기타,승합,남,48세,상해없음,보행자,여,59세,중상
2016102100100258,2016년 10월 21일 11시,금요일,인천광역시 계양구 계산동,경상사고,0,0,2,0,차대차 - 측면직각충돌,신호위반,건조,맑음,교차로 - 교차로안,승용,남,46세,상해없음,승용,여,32세,경상