사고번호,사고일시,요일,시군구,사고내용,사망자수,중상자수,경상자수,부상신고자수,사고유형,법규위반,노면상태,기상상태,도로형태,가해운전자 차종,가해운전자 성별,가해운전자 연령,가해운전자 상해정도,피해운전자 차종,피해운전자 성별,피해운전자 연령,피해운전자 상해정도
2016102100100350,2016년 10월 21일 14시,금요일,인천광역시 부평구 부평동,경상사고,0,0,1,0,차대차 - 기타,안전운전불이행,건조,맑음,단일로 - 기타,승합,남,59세,상해없음,화물,남,44세,경상
2016102100100351,2016년 10월 21일 14시,금요일,인천광역시 연수구 청학동,경상사고,0,0,1,0,차대차 - 측면직각충돌,안전운전불이행,건조,맑음,단일로 - 기타,승용,남,40세,상해없음,승용,남,23세,경상
2016102100100388,2016년 10월 21일 15시,금요일,인천광역시 부평구 십정동,경상사고,0,0,1,0,차대차 - 추돌,안전거리미확보,건조,맑음,단일로 - 기타,화물,남,44세,상해없음,승용,여,60세,경상
2016102100100389,2016년 10월 21일 15시,금요일,인천광역시 남동구 간석동,부상신고사고,0,0,0,1,차대차 - 측면직각충돌,안전거리미확보,건조,맑음,단일로 - 기타,승용,여,59세,상해없음,화물,남,35세,부상신고
2016102100100390,2016년 10월 21일 15시,금요일,인천광역시 부평구 삼산동,중상사고,0,1,0,0,차대차 - 추돌,안전운전불이행,건조,맑음,단일로 - 기타,승용,여,39세,상해없음,승용,여,65세,상해없음
2016102100100438,2016년 10월 21일 16시,금요일,인천광역시 남구 숭의동,경상사고,0,0,1,0,차대차 - 정면충돌,안전운전불이행,건조,맑음,단일로 - 기타,승용,남,75세,상해없음,승용,남,22세,기타불명
2016102100100439,2016년 10월 21일 16시,금요일,인천광역시 계양구 계산동,경상사고,0,0,1,0,차대차 - 측면충돌,교차로운행방법위반,건조,맑음,교차로 - 교차로안,승용,남,23세,상해없음,이륜,남,17세,경상
2016102100100464,2016년 10월 21일 17시,금요일,인천광역시 계양구 동양동,부상신고사고,0,0,0,1,차대차 - 측면직각충돌,안전운전불이행,건조,맑음,단일로 - 기타,승용,남,33세,상해없음,승용,여,31세,부상신고
2016102100100465,2016년 10월 21일 17시,금요일,인천광역시 연수구 송도동,경상사고,0,0,1,0,차대차 - 측면직각충돌,안전운전불이행,건조,맑음,교차로 - 교차로안,승용,여,37세,상해없음,자전거,남,11세,경상
2016102100100531,2016년 10월 21일 18시,금요일,인천광역시 부평구 십정동,경상사고,0,0,1,0,차대차 - 추돌,안전운전불이행,건조,맑음,교차로 - 교차로부근,승용,남,52세,상해없음,화물,남,37세,경상
2016102100100599,2016년 10월 21일 19시,금요일,인천광역시 서구 오류동,경상사고,0,0,3,0,차대차 - 측면충돌,안전운전불이행,건조,맑음,단일로 - 기타,승용,남,80세,상해없음,승용,남,28세,경상
2016102100100600,2016년 10월 21일 19시,금요일,인천광역시 연수구 송도동,부상신고사고,0,0,0,1,차대차 - 측면직각충돌,과속,건조,맑음,단일로 - 교량,승용,남,53세,부상신고,승용,남,45세,상해없음
2016102100100651,2016년 10월 21일 20시,금요일,인천광역시 중구 운남동,경상사고,0,0,1,0,차대사람 - 횡단중,보행자보호의무위반,건조,맑음,단일로 - 기타,승용,기타불명,기타불명,기타불명,보행자,여,48세,경상
2016102100100652,2016년 10월 21일 20시,금요일,인천광역시 남동구 고잔동,경상사고,0,0,1,0,차대차 - 측면직각충돌,신호위반,건조,맑음,교차로 - 교차로안,승용,남,37세,상해없음,승용,남,21세,경상
2016102100100653,2016년 10월 21일 20시,금요일,인천광역시 서구 연희동,부상신고사고,0,0,0,1,차대사람 - 보도통행중,기타,건조,맑음,단일로 - 기타,자전거,남,17세,상해없음,보행자,남,4세,부상신고
2016102100100701,2016년 10월 21일 21시,금요일,인천광역시 남구 숭의동,경상사고,0,0,1,0,차대사람 - 길가장자리구역통행중,안전운전불이행,건조,기타,단일로 - 기타,기타불명,기타불명,기타불명,기타불명,보행자,여,72세,경상
2016102100100702,2016년 10월 21일 21시,금요일,인천광역시 부평구 부평동,경상사고,0,0,1,0,차대사람 - 기타,안전운전불이행,건조,맑음,단일로 - 기타,이륜,남,24세,경상,보행자,여,53세,상해없음
2016102100100703,2016년 10월 21일 21시,금요일,인천광역시 부평구 부평동,중상사고,0,1,0,0,차대사람 - 횡단중,보행자보호의무위반,건조,맑음,단일로 - 횡단보도상,원동기,남,24세,상해없음,보행자,여,51세,중상
2016102100100737,2016년 10월 21일 22시,금요일,인천광역시 연수구 송도동,중상사고,0,1,0,0,차대차 - 추돌,안전운전불이행,건조,맑음,단일로 - 기타,승용,남,22세,상해없음,승용,남,46세,중상
2016102100100759,2016년 10월 21일 23시,금요일,인천광역시 서구 왕길동,경상사고,0,0,1,0,차대사람 - 횡단중,안전운전불이행,건조,흐림,단일로 - 횡단보도부근,이륜,남,16세,상해없음,보행자,여,8세,경상
2016102200100098,2016년 10월 22일 06시,토요일,인천광역시 계양구 효성동,중상사고,0,1,1,0,차대차 - 정면충돌,신호위반,건조,맑음,교차로 - 교차로안,승용,남,53세,상해없음,승용,남,48세,경상
2016102200100099,2016년 10월 22일 06시,토요일,인천광역시 계양구 박촌동,경상사고,0,0,1,0,차대차 - 측면충돌,안전운전불이행,건조,맑음,교차로 - 교차로부근,승용,남,56세,상해없음,승용,남,24세,경상
2016102200100124,2016년 10월 22일 08시,토요일,인천광역시 부평구 부평동,경상사고,0,0,1,0,차대차 - 측면직각충돌,안전운전불이행,건조,맑음,교차로 - 교차로부근,승합,남,35세,상해없음,승용,남,25세,경상
2016102200100125,2016년 10월 22일 08시,토요일,인천광역시 부평구 삼산동,경상사고,0,0,1,0,차대차 - 기타,안전운전불이행,건조,맑음,미분류 - 미분류,승용,남,38세,상해없음,승용,남,49세,경상
2016102200100155,2016년 10월 22일 09시,토요일,인천광역시 남구 관교동,경상사고,0,0,3,0,차대차 - 추돌,안전운전불이행,건조,맑음,교차로 - 교차로부근,승용,남,39세,상해없음,승용,여,47세,경상
2016102200100156,2016년 10월 22일 09시,토요일,인천광역시 남구 도화동,경상사고,0,0,1,0,차대차 - 측면직각충돌,안전운전불이행,건조,맑음,교차로 - 교차로안,승용,남,49세,상해없음,이륜,남,72세,경상
2016102200100157,2016년 10월 22일 09시,토요일,인천광역시 부평구 부평동,경상사고,0,0,1,0,차대차 - 추돌,안전운전불이행,건조,맑음,교차로 - 교차로안,승용,남,46세,상해없음,승용,여,47세,상해없음
2016102200100158,2016년 10월 22일 09시,토요일,인천광역시 강화군 강화읍,중상사고,0,1,0,0,차대차 - 측면직각충돌,안전운전불이행,건조,맑음,교차로 - 교차로안,승용,여,47세,상해없음,이륜,남,73세,중상
2016102200100159,2016년 10월 22일 09시,토요일,인천광역시 부평구 부개동,경상사고,0,0,2,0,차대차 - 추돌,안전운전불이행,건조,맑음,단일로 - 기타,승합,남,35세,상해없음,승용,남,76세,경상
2016102200100211,2016년 10월 22일 11시,토요일,인천광역시 남구 학익동,중상사고,0,1,0,0,차량단독 - 기타,안전운전불이행,건조,맑음,단일로 - 기타,승합,남,51세,상해없음,,,,
2016102200100212,2016년 10월 22일 11시,토요일,인천광역시 남동구 구월동,경상사고,0,0,3,0,차대차 - 측면충돌,신호위반,건조,맑음,교차로 - 교차로안,승용,남,65세,경상,화물,남,45세,경상
2016102200100213,2016년 10월 22일 11시,토요일,인천광역시 남동구 간석동,경상사고,0,0,2,0,차대차 - 측면직각충돌,안전운전불이행,건조,맑음,단일로 - 기타,승용,남,72세,경상,승용,남,26세,경상
2016102200100214,2016년 10월 22일 11시,토요일,인천광역시 남동구 도림동,경상사고,0,0,1,0,차대차 - 측면직각충돌,안전운전불이행,건조,맑음,단일로 - 횡단보도부근,승용,여,56세,상해없음,승용,남,46세,경상
2016102200100251,2016년 10월 22일 12시,토요일,인천광역시 서구 가좌동,경상사고,0,0,1,0,차대사람 - 차도통행중,안전운전불이행,건조,맑음,단일로 - 기타,화물,남,42세,상해없음,보행자,남,54세,경상
2016102200100294,2016년 10월 22일 13시,토요일,인천광역시 연수구 옥련동,중상사고,0,1,0,0,차대사람 - 기타,안전운전불이행,건조,맑음,교차로 - 교차로부근,승용,남,64세,상해없음,보행자,남,17세,중상
2016102200100324,2016년 10월 22일 14시,토요일,인천광역시 남구 주안동,중상사고,0,1,0,0,차대사람 - 기타,안전운전불이행,건조,맑음,단일로 - 기타,화물,남,33세,상해없음,보행자,여,90세 이상,중상
2016102200100325,2016년 10월 22일 14시,토요일,인천광역시 계양구 작전동,중상사고,0,1,0,0,차대차 - 기타,안전운전불이행,건조,맑음,단일로 - 기타,승용,남,28세,상해없음,이륜,남,31세,중상
2016102200100367,2016년 10월 22일 15시,토요일,인천광역시 부평구 삼산동,경상사고,0,0,1,0,차대사람 - 기타,안전운전불이행,건조,맑음,단일로 - 기타,승합,남,34세,상해없음,보행자,여,21세,경상
2016102200100402,2016년 10월 22일 16시,토요일,인천광역시 남구 주안동,경상사고,0,0,1,0,차대사람 - 기타,안전운전불이행,건조,맑음,단일로 - 기타,승용,여,46세,상해없음,보행자,여,49세,경상
2016102200100403,2016년 10월 22일 16시,토요일,인천광역시 부평구 십정동,경상사고,0,0,2,0,차대차 - 추돌,안전운전불이행,건조,맑음,단일로 - 기타,승용,남,58세,상해없음,승용,남,31세,경상
2016102200100404,2016년 10월 22일 16시,토요일,인천광역시 계양구 귤현동,경상사고,0,0,1,0,차대차 - 측면충돌,차로위반,건조,맑음,단일로 - 기타,승용,남,59세,상해없음,승용,남,59세,경상
2016102200100493,2016년 10월 22일 18시,토요일,인천광역시 남구 관교동,경상사고,0,0,1,0,차대차 - 기타,안전운전불이행,건조,맑음,기타 - 기타,승용,여,28세,상해없음,승용,여,33세,경상
2016102200100494,2016년 10월 22일 18시,토요일,인천광역시 부평구 일신동,중상사고,0,1,0,0,차대차 - 측면직각충돌,중앙선침범,건조,맑음,단일로 - 횡단보도부근,승용,남,53세,상해없음,이륜,남,29세,중상
2016102200100538,2016년 10월 22일 19시,토요일,인천광역시 중구 신생동,중상사고,0,1,0,0,차대차 - 기타,안전운전불이행,건조,맑음,단일로 - 기타,승용,남,36세,상해없음,이륜,남,48세,중상
2016102200100539,2016년 10월 22일 19시,토요일,인천광역시 남구 숭의동,중상사고,0,1,0,0,차대사람 - 횡단중,안전운전불이행,건조,맑음,단일로 - 기타,승용,남,72세,상해없음,보행자,남,76세,중상
2016102200100593,2016년 10월 22일 21시,토요일,인천광역시 중구 운서동,중상사고,0,1,0,0,차대차 - 정면충돌,신호위반,건조,맑음,교차로 - 교차로안,승용,여,50세,상해없음,화물,남,60세,중상
2016102300100020,2016년 10월 23일 00시,일요일,인천광역시 서구 가좌동,경상사고,0,0,2,0,차대차 - 측면직각충돌,안전운전불이행,건조,맑음,단일로 - 기타,승용,남,54세,상해없음,승용,남,56세,경상
2016102300100040,2016년 10월 23일 01시,일요일,인천광역시 부평구 부평동,경상사고,0,0,2,0,차대차 - 추돌,안전운전불이행,건조,맑음,단일로 - 기타,승용,남,29세,상해없음,승용,남,26세,경상
2016102300100054,2016년 10월 23일 03시,일요일,인천광역시 남구 주안동,경상사고,0,0,1,0,차대사람 - 기타,안전운전불이행,건조,맑음,단일로 - 기타,승용,남,55세,상해없음,보행자,여,55세,경상
2016102300100055,2016년 10월 23일 03시,일요일,인천광역시 부평구 부평동,경상사고,0,0,2,0,차대차 - 정면충돌,안전운전불이행,건조,맑음,교차로 - 교차로안,승용,남,25세,상해없음,승용,남,55세,경상
2016102300100107,2016년 10월 23일 07시,일요일,인천광역시 부평구 갈산동,경상사고,0,0,1,0,차대차 - 측면직각충돌,안전거리미확보,건조,맑음,단일로 - 기타,승용,남,35세,상해없음,승합,남,50세,경상
2016102300100108,2016년 10월 23일 07시,일요일,인천광역시 부평구 삼산동,경상사고,0,0,1,0,차대차 - 측면직각충돌,신호위반,건조,맑음,교차로 - 교차로안,이륜,남,24세,상해없음,자전거,남,75세,경상
2016102300100122,2016년 10월 23일 08시,일요일,인천광역시 남동구 간석동,경상사고,0,0,1,0,차대차 - 추돌,안전운전불이행,건조,맑음,기타 - 기타,화물,남,55세,상해없음,승용,남,58세,경상
2016102300100205,2016년 10월 23일 12시,일요일,인천광역시 남동구 만수동,중상사고,0,1,0,0,차대사람 - 기타,안전운전불이행,건조,맑음,기타 - 기타,승용,남,28세,상해없음,보행자,여,78세,중상
2016102300100224,2016년 10월 23일 13시,일요일,인천광역시 남구 도화동,경상사고,0,0,3,1,차대차 - 측면충돌,신호위반,습기,비,교차로 - 교차로안,승용,여,52세,상해없음,승용,남,29세,부상신고
2016102300100225,2016년 10월 23일 13시,일요일,인천광역시 서구 연희동,경상사고,0,0,1,0,차량단독 - 기타,안전운전불이행,건조,기타,단일로 - 기타,승합,남,60세,상해없음,,,,
2016102300100281,2016년 10월 23일 15시,일요일,인천광역시 남구 주안동,경상사고,0,0,1,0,차대사람 - 기타,안전운전불이행,건조,맑음,교차로 - 교차로안,승용,남,40세,상해없음,보행자,남,24세,경상
2016102300100282,2016년 10월 23일 15시,일요일,인천광역시 남동구 간석동,중상사고,0,1,2,0,차대차 - 측면충돌,중앙선침범,습기,비,단일로 - 기타,승용,남,35세,상해없음,승용,남,64세,경상
2016102300100318,2016년 10월 23일 16시,일요일,인천광역시 부평구 청천동,경상사고,0,0,3,0,차대차 - 추돌,안전운전불이행,습기,비,교차로 - 교차로부근,승용,남,59세,상해없음,승용,여,49세,경상
2016102300100417,2016년 10월 23일 18시,일요일,인천광역시 부평구 산곡동,경상사고,0,0,1,0,차대사람 - 길가장자리구역통행중,안전운전불이행,건조,맑음,단일로 - 기타,이륜,남,28세,상해없음,보행자,여,62세,경상
2016102300100418,2016년 10월 23일 18시,일요일,인천광역시 부평구 청천동,경상사고,0,0,1,0,차대차 - 측면직각충돌,교차로운행방법위반,건조,맑음,교차로 - 교차로안,기타불명,기타불명,기타불명,기타불명,승용,남,40세,경상
2016102300100462,2016년 10월 23일 19시,일요일,인천광역시 남동구 간석동,중상사고,0,1,0,0,차대차 - 측면충돌,안전거리미확보,건조,맑음,단일로 - 기타,승용,여,31세,상해없음,이륜,남,44세,중상
2016102300100463,2016년 10월 23일 19시,일요일,인천광역시 남동구 논현동,경상사고,0,0,1,0,차량단독 - 전도전복,안전운전불이행,건조,맑음,단일로 - 기타,승합,남,53세,상해없음,,,,
2016102300100464,2016년 10월 23일 19시,일요일,인천광역시 남동구 논현동,경상사고,0,0,1,0,차대차 - 측면충돌,신호위반,건조,맑음,교차로 - 교차로안,승용,남,23세,상해없음,이륜,남,43세,경상
2016102300100495,2016년 10월 23일 20시,일요일,인천광역시 남동구 만수동,경상사고,0,0,1,0,차대차 - 기타,안전운전불이행,건조,맑음,단일로 - 기타,기타불명,기타불명,기타불명,기타불명,이륜,남,53세,경상
2016102300100496,2016년 10월 23일 20시,일요일,인천광역시 부평구 부개동,중상사고,0,1,0,0,차대사람 - 기타,안전운전불이행,습기,비,단일로 - 기타,화물,남,54세,상해없음,보행자,남,69세,중상
2016102300100530,2016년 10월 23일 21시,일요일,인천광역시 서구 마전동,중상사고,0,1,0,0,차대사람 - 횡단중,안전운전불이행,건조,맑음,단일로 - 기타,승용,여,39세,상해없음,보행자,남,48세,중상
2016102300100531,2016년 10월 23일 21시,일요일,인천광역시 계양구 작전동,중상사고,0,1,0,0,차대차 - 기타,차로위반,건조,맑음,단일로 - 기타,승용,남,55세,상해없음,이륜,남,17세,중상
2016102300100532,2016년 10월 23일 21시,일요일,인천광역시 연수구 송도동,경상사고,0,0,2,0,차대사람 - 횡단중,신호위반,습기,흐림,교차로 - 교차로부근,이륜,남,20세,상해없음,보행자,남,19세,경상
2016102300100564,2016년 10월 23일 23시,일요일,인천광역시 부평구 산곡동,경상사고,0,0,1,0,차대차 - 추돌,안전운전불이행,건조,맑음,교차로 - 교차로부근,승합,남,65세,상해없음,승합,남,58세,경상
2016102400100004,2016년 10월 24일 00시,월요일,인천광역시 중구 운서동,경상사고,0,0,3,1,차대차 - 정면충돌,안전운전불이행,건조,맑음,교차로 - 교차로안,승용,남,44세,상해없음,승용,남,40세,경상
2016102400100005,2016년 10월 24일 00시,월요일,인천광역시 남구 주안동,경상사고,0,0,1,2,차대차 - 추돌,안전운전불이행,건조,맑음,단일로 - 기타,승용,남,22세,상해없음,승용,남,63세,경상
2016102400100006,2016년 10월 24일 00시,월요일,인천광역시 부평구 부평동,중상사고,0,1,0,0,차대차 - 추돌,기타,건조,맑음,교차로 - 교차로부근,이륜,남,19세,상해없음,승용,남,51세,기타불명
2016102400100010,2016년 10월 24일 01시,월요일,인천광역시 남구 주안동,경상사고,0,0,2,0,차대차 - 추돌,안전운전불이행,건조,맑음,교차로 - 교차로부근,승용,남,34세,상해없음,승용,남,63세,경상
2016102400100011,2016년 10월 24일 01시,월요일,인천광역시 남동구 구월동,중상사고,0,1,0,0,차대사람 - 횡단중,안전운전불이행,건조,맑음,단일로 - 기타,승용,남,68세,상해없음,보행자,남,34세,중상
2016102400100040,2016년 10월 24일 05시,월요일,인천광역시 남구 숭의동,사망사고,1,0,0,0,차대차 - 측면직각충돌,불법유턴,건조,맑음,교차로 - 교차로부근,자전거,남,48세,사망,승용,남,68세,상해없음
2016102400100151,2016년 10월 24일 08시,월요일,인천광역시 서구 석남동,중상사고,0,1,0,0,차대사람 - 횡단중,안전운전불이행,건조,맑음,단일로 - 기타,승용,여,47세,상해없음,보행자,여,15세,중상
2016102400100189,2016년 10월 24일 09시,월요일,인천광역시 강화군 강화읍,중상사고,0,1,0,0,차대사람 - 횡단중,안전운전불이행,건조,맑음,단일로 - 기타,승용,여,59세,상해없음,보행자,여,83세,중상
2016102400100220,2016년 10월 24일 10시,월요일,인천광역시 남동구 구월동,중상사고,0,1,0,0,차대사람 - 횡단중,안전운전불이행,건조,맑음,단일로 - 기타,승용,남,25세,상해없음,보행자,여,61세,중상
2016102400100221,2016년 10월 24일 10시,월요일,인천광역시 서구 검암동,경상사고,0,0,1,0,차대차 - 추돌,안전운전불이행,건조,맑음,교차로 - 교차로부근,화물,남,53세,상해없음,승용,여,51세,경상
2016102400100258,2016년 10월 24일 11시,월요일,인천광역시 남동구 구월동,경상사고,0,0,1,0,차대차 - 측면충돌,안전운전불이행,건조,맑음,단일로 - 기타,승용,남,58세,상해없음,승용,여,24세,경상
2016102400100316,2016년 10월 24일 13시,월요일,인천광역시 남동구 구월동,중상사고,0,2,0,0,차대차 - 측면직각충돌,기타,건조,맑음,단일로 - 기타,승용,여,63세,상해없음,승용,남,63세,중상
2016102400100317,2016년 10월 24일 13시,월요일,인천광역시 서구 가정동,중상사고,0,1,5,0,차대차 - 추돌,중앙선침범,건조,맑음,단일로 - 기타,화물,남,51세,상해없음,승용,남,51세,경상
2016102400100357,2016년 10월 24일 14시,월요일,인천광역시 부평구 부평동,경상사고,0,0,2,0,차대차 - 추돌,안전운전불이행,건조,맑음,교차로 - 교차로부근,승용,남,54세,상해없음,승용,남,51세,경상
2016102400100358,2016년 10월 24일 14시,월요일,인천광역시 연수구 연수동,경상사고,0,0,1,0,차대사람 - 횡단중,보행자보호의무위반,건조,맑음,교차로 - 교차로부근,승용,남,45세,상해없음,보행자,남,6세,경상
2016102400100359,2016년 10월 24일 14시,월요일,인천광역시 부평구 부평동,경상사고,0,0,2,0,차대사람 - 기타,기타,건조,맑음,단일로 - 기타,승용,남,72세,상해없음,보행자,여,54세,경상
2016102400100403,2016년 10월 24일 15시,월요일,인천광역시 중구 항동7가,경상사고,0,0,1,0,차대차 - 기타,교차로운행방법위반,건조,맑음,교차로 - 교차로부근,화물,남,62세,상해없음,승용,여,38세,경상
2016102400100404,2016년 10월 24일 15시,월요일,인천광역시 남동구 구월동,경상사고,0,0,1,0,차대차 - 측면직각충돌,안전운전불이행,건조,맑음,기타 - 기타,승용,남,68세,상해없음,승용,여,31세,경상
2016102400100405,2016년 10월 24일 15시,월요일,인천광역시 계양구 계산동,경상사고,0,0,1,0,차대차 - 추돌,안전운전불이행,건조,맑음,단일로 - 횡단보도부근,건설기계,남,56세,상해없음,승합,남,68세,경상
2016102400100450,2016년 10월 24일 16시,월요일,인천광역시 남동구 간석동,경상사고,0,0,3,0,차대차 - 측면직각충돌,신호위반,건조,맑음,교차로 - 교차로안,승합,남,24세,상해없음,승용,남,49세,경상
2016102400100451,2016년 10월 24일 16시,월요일,인천광역시 남동구 논현동,경상사고,0,0,1,0,차대차 - 측면직각충돌,신호위반,건조,맑음,단일로 - 기타,화물,남,57세,상해없음,승용,여,33세,경상
2016102400100452,2016년 10월 24일 16시,월요일,인천광역시 연수구 동춘동,중상사고,0,1,2,0,차대차 - 추돌,중앙선침범,건조,맑음,교차로 - 교차로부근,승용,남,52세,상해없음,승용,여,48세,중상
2016102400100497,2016년 10월 24일 17시,월요일,인천광역시 서구 마전동,경상사고,0,0,2,0,차대차 - 추돌,안전운전불이행,건조,맑음,교차로 - 교차로안,승용,남,47세,상해없음,승용,남,32세,경상
2016102400100565,2016년 10월 24일 18시,월요일,인천광역시 계양구 서운동,경상사고,0,0,1,0,차대차 - 추돌,과속,건조,맑음,단일로 - 기타,승용,남,38세,상해없음,이륜,남,54세,경상
2016102400100633,2016년 10월 24일 20시,월요일,인천광역시 서구 가좌동,부상신고사고,0,0,0,1,차대사람 - 차도통행중,안전운전불이행,건조,맑음,단일로 - 기타,승용,남,32세,상해없음,보행자,남,38세,부상신고
2016102400100661,2016년 10월 24일 21시,월요일,인천광역시 부평구 부개동,경상사고,0,0,1,0,차대차 - 기타,안전운전불이행,건조,맑음,단일로 - 기타,승용,남,22세,상해없음,승용,여,48세,경상
2016102400100690,2016년 10월 24일 22시,월요일,인천광역시 남동구 논현동,경상사고,0,0,1,0,차대차 - 측면충돌,안전운전불이행,건조,맑음,단일로 - 기타,승용,여,45세,상해없음,승용,여,36세,경상
2016102400100713,2016년 10월 24일 23시,월요일,인천광역시 남구 주안동,경상사고,0,0,5,0,차대차 - 추돌,안전운전불이행,습기,비,단일로 - 기타,승용,여,37세,상해없음,승용,남,59세,경상
2016102400100714,2016년 10월 24일 23시,월요일,인천광역시 서구 심곡동,경상사고,0,0,1,0,차대사람 - 기타,안전운전불이행,건조,맑음,교차로 - 교차로부근,승용,남,63세,상해없음,보행자,남,50세,경상
2016102500100043,2016년 10월 25일 02시,화요일,인천광역시 연수구 송도동,경상사고,0,0,2,0,차대차 - 측면충돌,안전운전불이행,습기,비,교차로 - 교차로안,승용,남,31세,상해없음,승용,남,28세,경상
2016102500100073,2016년 10월 25일 04시,화요일,인천광역시 남동구 만수동,사망사고,1,0,0,0,차대사람 - 횡단중,안전운전불이행,습기,맑음,단일로 - 기타,승용,남,57세,상해없음,보행자,여,76세,사망
2016102500100074,2016년 10월 25일 04시,화요일,인천광역시 서구 가정동,경상사고,0,0,1,0,차대차 - 측면충돌,차로위반,건조,맑음,단일로 - 기타,승용,남,26세,상해없음,승용,남,49세,경상
2016102500100086,2016년 10월 25일 05시,화요일,인천광역시 남동구 간석동,경상사고,0,0,1,0,차대차 - 측면직각충돌,신호위반,습기,비,교차로 - 교차로안,승용,남,71세,상해없음,승용,남,30세,경상
2016102500100087,2016년 10월 25일 05시,화요일,인천광역시 서구 검암동,경상사고,0,0,1,0,차대사람 - 횡단중,보행자보호의무위반,습기,비,단일로 - 횡단보도상,승용,남,31세,상해없음,보행자,여,74세,경상
2016102500100100,2016년 10월 25일 06시,화요일,인천광역시 중구 항동7가,사망사고,1,0,0,0,차대사람 - 횡단중,안전운전불이행,습기,비,교차로 - 교차로안,승합,남,46세,상해없음,보행자,남,63세,사망
2016102500100101,2016년 10월 25일 06시,화요일,인천광역시 남동구 논현동,경상사고,0,0,1,0,차대사람 - 횡단중,신호위반,건조,맑음,교차로 - 교차로안,승용,여,55세,상해없음,보행자,남,34세,경상
2016102500100139,2016년 10월 25일 07시,화요일,인천광역시 남구 학익동,중상사고,0,1,0,0,차대차 - 정면충돌,신호위반,건조,맑음,교차로 - 교차로안,승용,남,57세,상해없음,승용,남,53세,중상
2016102500100140,2016년 10월 25일 07시,화요일,인천광역시 서구 금곡동,경상사고,0,0,1,0,차대사람 - 차도통행중,안전운전불이행,습기,맑음,교차로 - 교차로안,승용,남,27세,상해없음,보행자,남,32세,경상
2016102500100229,2016년 10월 25일 09시,화요일,인천광역시 계양구 작전동,경상사고,0,0,1,0,차대차 - 추돌,안전운전불이행,습기,비,단일로 - 기타,승용,남,47세,상해없음,화물,남,64세,경상
2016102500100296,2016년 10월 25일 11시,화요일,인천광역시 연수구 옥련동,중상사고,0,1,0,0,차대사람 - 기타,안전운전불이행,건조,맑음,기타 - 기타,승용,남,68세,상해없음,보행자,남,67세,중상
2016102500100356,2016년 10월 25일 13시,화요일,인천광역시 계양구 효성동,중상사고,0,1,0,0,차대차 - 추돌,안전운전불이행,건조,맑음,단일로 - 횡단보도부근,승용,남,71세,상해없음,승용,여,61세,중상
2016102500100383,2016년 10월 25일 14시,화요일,인천광역시 남구 용현동,경상사고,0,0,1,0,차대차 - 측면직각충돌,교차로운행방법위반,건조,맑음,교차로 - 교차로안,승용,여,32세,상해없음,승용,남,47세,경상
2016102500100384,2016년 10월 25일 14시,화요일,인천광역시 남동구 서창동,중상사고,0,1,0,0,차대차 - 추돌,신호위반,건조,맑음,교차로 - 교차로안,이륜,남,69세,중상,승용,남,63세,상해없음
2016102500100385,2016년 10월 25일 14시,화요일,인천광역시 연수구 동춘동,경상사고,0,0,1,0,차대차 - 기타,안전운전불이행,건조,맑음,단일로 - 기타,승용,여,36세,상해없음,승용,여,31세,경상
2016102500100451,2016년 10월 25일 16시,화요일,인천광역시 남동구 서창동,경상사고,0,0,1,0,차대차 - 측면직각충돌,중앙선침범,건조,맑음,단일로 - 기타,승용,남,52세,상해없음,승용,여,50세,경상
2016102500100452,2016년 10월 25일 16시,화요일,인천광역시 남동구 구월동,경상사고,0,0,1,0,차량단독 - 기타,안전운전불이행,건조,맑음,단일로 - 기타,승합,남,52세,상해없음,,,,
2016102500100453,2016년 10월 25일 16시,화요일,인천광역시 서구 연희동,경상사고,0,0,1,0,차대차 - 추돌,안전운전불이행,건조,맑음,단일로 - 기타,승용,여,52세,상해없음,승용,남,29세,상해없음
2016102500100496,2016년 10월 25일 17시,화요일,인천광역시 서구 경서동,경상사고,0,0,3,0,차대차 - 기타,기타,건조,맑음,단일로 - 기타,승합,남,49세,상해없음,승합,남,59세,상해없음
2016102500100628,2016년 10월 25일 20시,화요일,인천광역시 계양구 효성동,중상사고,0,1,0,0,차대사람 - 횡단중,신호위반,건조,맑음,단일로 - 기타,기타불명,기타불명,기타불명,기타불명,보행자,여,62세,중상
2016102500100664,2016년 10월 25일 21시,화요일,인천광역시 남구 주안동,경상사고,0,0,1,0,차대사람 - 기타,안전운전불이행,건조,맑음,단일로 - 기타,승용,여,47세,상해없음,보행자,남,39세,경상
2016102500100665,2016년 10월 25일 21시,화요일,인천광역시 부평구 십정동,경상사고,0,0,1,0,차대차 - 기타,안전운전불이행,건조,맑음,단일로 - 기타,승용,여,24세,상해없음,승용,남,54세,경상
2016102500100666,2016년 10월 25일 21시,화요일,인천광역시 계양구 계산동,경상사고,0,0,1,0,차대차 - 측면충돌,안전운전불이행,건조,맑음,단일로 - 기타,원동기,남,33세,상해없음,이륜,남,39세,경상
2016102500100714,2016년 10월 25일 23시,화요일,인천광역시 남구 주안동,부상신고사고,0,0,0,1,차대차 - 기타,교차로운행방법위반,건조,맑음,교차로 - 교차로안,승용,남,39세,상해없음,승합,남,71세,부상신고