사고번호,사고일시,요일,시군구,사고내용,사망자수,중상자수,경상자수,부상신고자수,사고유형,법규위반,노면상태,기상상태,도로형태,가해운전자 차종,가해운전자 성별,가해운전자 연령,가해운전자 상해정도,피해운전자 차종,피해운전자 성별,피해운전자 연령,피해운전자 상해정도
2016102500100715,2016년 10월 25일 23시,화요일,인천광역시 연수구 송도동,중상사고,0,1,0,0,차대차 - 기타,안전운전불이행,건조,맑음,단일로 - 기타,승용,남,33세,상해없음,승용,여,27세,중상
2016102600100034,2016년 10월 26일 01시,수요일,인천광역시 남동구 구월동,경상사고,0,0,1,0,차대차 - 추돌,안전거리미확보,건조,맑음,단일로 - 기타,승용,남,30세,상해없음,승용,남,23세,경상
2016102600100050,2016년 10월 26일 02시,수요일,인천광역시 중구 운북동,중상사고,0,1,0,0,차량단독 - 전도전복,안전운전불이행,건조,맑음,교차로 - 교차로안,화물,남,45세,상해없음,,,,
2016102600100063,2016년 10월 26일 03시,수요일,인천광역시 부평구 십정동,경상사고,0,0,3,0,차대차 - 추돌,안전운전불이행,건조,맑음,교차로 - 교차로부근,승용,남,23세,상해없음,승용,남,59세,경상
2016102600100073,2016년 10월 26일 04시,수요일,인천광역시 계양구 계산동,중상사고,0,1,2,0,차대차 - 정면충돌,중앙선침범,건조,맑음,단일로 - 기타,승용,남,28세,상해없음,승합,남,55세,중상
2016102600100083,2016년 10월 26일 05시,수요일,인천광역시 남동구 구월동,중상사고,0,1,2,0,차대차 - 추돌,안전운전불이행,건조,맑음,단일로 - 기타,승용,남,23세,상해없음,승용,남,54세,경상
2016102600100084,2016년 10월 26일 05시,수요일,인천광역시 서구 경서동,경상사고,0,0,1,0,차대차 - 기타,안전운전불이행,건조,맑음,교차로 - 교차로부근,화물,남,60세,상해없음,승용,남,36세,경상
2016102600100105,2016년 10월 26일 06시,수요일,인천광역시 남동구 고잔동,경상사고,0,0,1,0,차대차 - 측면충돌,안전운전불이행,건조,맑음,단일로 - 기타,승용,남,53세,상해없음,승용,남,70세,경상
2016102600100168,2016년 10월 26일 08시,수요일,인천광역시 중구 신흥동3가,경상사고,0,0,1,0,차대차 - 추돌,중앙선침범,건조,맑음,교차로 - 교차로부근,승용,남,49세,상해없음,승용,남,37세,경상
2016102600100169,2016년 10월 26일 08시,수요일,인천광역시 부평구 십정동,경상사고,0,0,1,0,차대차 - 추돌,안전운전불이행,건조,맑음,단일로 - 기타,승용,여,42세,상해없음,승용,여,41세,경상
2016102600100170,2016년 10월 26일 08시,수요일,인천광역시 서구 신현동,중상사고,0,1,0,0,차대차 - 기타,신호위반,건조,맑음,교차로 - 교차로안,자전거,남,80세,중상,승용,남,52세,상해없음
2016102600100171,2016년 10월 26일 08시,수요일,인천광역시 서구 석남동,부상신고사고,0,0,0,1,차대차 - 기타,안전운전불이행,건조,맑음,단일로 - 기타,자전거,남,13세,부상신고,승합,여,39세,기타불명
2016102600100172,2016년 10월 26일 08시,수요일,인천광역시 서구 검암동,경상사고,0,0,1,0,차대차 - 정면충돌,교차로운행방법위반,건조,맑음,교차로 - 교차로안,승용,남,50세,상해없음,자전거,여,60세,경상
2016102600100213,2016년 10월 26일 09시,수요일,인천광역시 부평구 청천동,중상사고,0,1,0,0,차대차 - 측면직각충돌,안전운전불이행,건조,맑음,교차로 - 교차로부근,화물,남,46세,상해없음,승용,여,59세,중상
2016102600100214,2016년 10월 26일 09시,수요일,인천광역시 서구 오류동,경상사고,0,0,1,0,차대차 - 기타,안전운전불이행,건조,맑음,단일로 - 기타,승용,남,53세,상해없음,건설기계,남,56세,상해없음
2016102600100305,2016년 10월 26일 12시,수요일,인천광역시 서구 검암동,경상사고,0,0,3,0,차대차 - 기타,안전운전불이행,건조,맑음,교차로 - 교차로부근,승용,여,32세,상해없음,승용,남,57세,경상
2016102600100364,2016년 10월 26일 14시,수요일,인천광역시 부평구 부평동,경상사고,0,0,1,0,차대차 - 추돌,기타,건조,맑음,기타 - 기타,승합,남,40세,기타불명,승용,남,49세,경상
2016102600100398,2016년 10월 26일 15시,수요일,인천광역시 남동구 논현동,경상사고,0,0,1,0,차대차 - 기타,안전거리미확보,건조,맑음,기타 - 기타,승용,남,24세,기타불명,승합,남,48세,상해없음
2016102600100434,2016년 10월 26일 16시,수요일,인천광역시 서구 금곡동,경상사고,0,0,1,0,차대차 - 측면충돌,안전운전불이행,건조,맑음,교차로 - 교차로안,화물,남,54세,상해없음,승용,남,86세,경상
2016102600100479,2016년 10월 26일 17시,수요일,인천광역시 남동구 도림동,경상사고,0,0,1,0,차대차 - 측면직각충돌,안전운전불이행,건조,맑음,단일로 - 기타,승용,남,48세,상해없음,승용,남,45세,경상
2016102600100480,2016년 10월 26일 17시,수요일,인천광역시 계양구 계산동,경상사고,0,0,1,0,차대사람 - 기타,안전운전불이행,건조,맑음,단일로 - 기타,이륜,남,28세,상해없음,보행자,남,5세,경상
2016102600100534,2016년 10월 26일 18시,수요일,인천광역시 서구 왕길동,경상사고,0,0,2,0,차대차 - 기타,안전거리미확보,건조,맑음,교차로 - 교차로부근,승용,남,45세,경상,승용,남,67세,경상
2016102600100535,2016년 10월 26일 18시,수요일,인천광역시 부평구 일신동,경상사고,0,0,1,0,차대차 - 추돌,안전운전불이행,건조,맑음,단일로 - 기타,승용,남,26세,상해없음,승용,남,43세,경상
2016102600100588,2016년 10월 26일 19시,수요일,인천광역시 서구 가좌동,경상사고,0,0,1,0,차대사람 - 기타,안전운전불이행,건조,맑음,교차로 - 교차로부근,원동기,남,26세,상해없음,보행자,남,65세,경상
2016102600100589,2016년 10월 26일 19시,수요일,인천광역시 서구 석남동,경상사고,0,0,1,0,차대차 - 추돌,차로위반,건조,맑음,단일로 - 기타,건설기계,남,64세,상해없음,승용,여,32세,경상
2016102600100652,2016년 10월 26일 21시,수요일,인천광역시 부평구 십정동,중상사고,0,2,0,0,차대차 - 추돌,안전운전불이행,건조,맑음,단일로 - 기타,승용,여,46세,상해없음,승용,남,26세,중상
2016102600100653,2016년 10월 26일 21시,수요일,인천광역시 부평구 부평동,경상사고,0,0,1,0,차대차 - 측면직각충돌,안전운전불이행,건조,맑음,단일로 - 기타,승용,여,32세,상해없음,승용,남,57세,경상
2016102600100684,2016년 10월 26일 22시,수요일,인천광역시 서구 당하동,중상사고,0,1,0,0,차대사람 - 횡단중,신호위반,건조,맑음,교차로 - 교차로안,원동기,남,47세,기타불명,보행자,여,45세,중상
2016102600100697,2016년 10월 26일 23시,수요일,인천광역시 부평구 부평동,중상사고,0,1,0,0,차대사람 - 횡단중,보행자보호의무위반,건조,맑음,단일로 - 횡단보도상,승용,남,22세,상해없음,보행자,여,34세,중상
2016102700100016,2016년 10월 27일 00시,목요일,인천광역시 남구 주안동,중상사고,0,1,0,0,차대사람 - 횡단중,안전운전불이행,건조,맑음,교차로 - 교차로안,승용,남,25세,상해없음,보행자,남,49세,중상
2016102700100017,2016년 10월 27일 00시,목요일,인천광역시 남동구 구월동,중상사고,0,1,1,0,차대차 - 정면충돌,안전운전불이행,건조,맑음,단일로 - 기타,승용,남,33세,상해없음,승용,남,58세,중상
2016102700100029,2016년 10월 27일 01시,목요일,인천광역시 남동구 구월동,경상사고,0,0,1,0,차대차 - 추돌,안전운전불이행,건조,맑음,단일로 - 기타,승용,여,45세,상해없음,승용,남,60세,경상
2016102700100051,2016년 10월 27일 04시,목요일,인천광역시 부평구 청천동,중상사고,0,1,0,0,차대사람 - 횡단중,신호위반,건조,맑음,단일로 - 횡단보도상,원동기,남,18세,상해없음,보행자,여,58세,중상
2016102700100061,2016년 10월 27일 05시,목요일,인천광역시 부평구 부개동,중상사고,0,1,0,0,차대사람 - 기타,안전운전불이행,건조,흐림,단일로 - 기타,승용,남,62세,상해없음,보행자,남,27세,중상
2016102700100078,2016년 10월 27일 06시,목요일,인천광역시 계양구 계산동,중상사고,0,1,1,0,차대차 - 측면직각충돌,안전운전불이행,건조,맑음,교차로 - 교차로안,승용,남,22세,상해없음,승용,남,58세,경상
2016102700100079,2016년 10월 27일 06시,목요일,인천광역시 연수구 송도동,경상사고,0,0,2,0,차대차 - 측면직각충돌,신호위반,건조,맑음,교차로 - 교차로안,승용,남,44세,상해없음,승용,남,63세,경상
2016102700100103,2016년 10월 27일 07시,목요일,인천광역시 남구 주안동,중상사고,0,2,0,0,차대차 - 기타,기타,건조,맑음,교차로 - 교차로부근,승용,남,30세,상해없음,승용,여,50세,중상
2016102700100189,2016년 10월 27일 10시,목요일,인천광역시 부평구 구산동,경상사고,0,0,1,0,차대차 - 측면직각충돌,안전거리미확보,건조,맑음,교차로 - 교차로부근,승용,남,67세,상해없음,승용,남,53세,경상
2016102700100210,2016년 10월 27일 11시,목요일,인천광역시 부평구 갈산동,경상사고,0,0,1,0,차량단독 - 기타,안전운전불이행,건조,맑음,교차로 - 교차로부근,승합,남,44세,상해없음,,,,
2016102700100287,2016년 10월 27일 14시,목요일,인천광역시 남동구 구월동,경상사고,0,0,1,0,차대차 - 측면직각충돌,교차로운행방법위반,건조,맑음,교차로 - 교차로안,승용,여,58세,상해없음,이륜,남,21세,경상
2016102700100288,2016년 10월 27일 14시,목요일,인천광역시 서구 마전동,경상사고,0,0,1,0,차대사람 - 차도통행중,안전운전불이행,건조,맑음,단일로 - 기타,승용,남,50세,상해없음,보행자,남,7세,경상
2016102700100317,2016년 10월 27일 15시,목요일,인천광역시 부평구 부평동,중상사고,0,1,0,0,차대차 - 기타,안전운전불이행,건조,맑음,단일로 - 기타,승용,여,60세,상해없음,자전거,남,52세,중상
2016102700100353,2016년 10월 27일 16시,목요일,인천광역시 남구 주안동,중상사고,0,1,0,0,차대차 - 측면직각충돌,안전운전불이행,건조,맑음,단일로 - 기타,승용,남,27세,상해없음,승용,여,27세,중상
2016102700100382,2016년 10월 27일 17시,목요일,인천광역시 남구 도화동,중상사고,0,1,0,0,차대사람 - 횡단중,안전운전불이행,건조,맑음,단일로 - 기타,승용,남,78세,상해없음,보행자,여,64세,중상
2016102700100383,2016년 10월 27일 17시,목요일,인천광역시 부평구 청천동,중상사고,0,1,0,0,차대차 - 기타,안전운전불이행,건조,맑음,교차로 - 교차로안,화물,남,65세,상해없음,자전거,남,14세,중상
2016102700100384,2016년 10월 27일 17시,목요일,인천광역시 계양구 병방동,중상사고,0,1,0,0,차대사람 - 횡단중,안전운전불이행,건조,맑음,단일로 - 기타,승용,남,72세,상해없음,보행자,여,77세,중상
2016102700100442,2016년 10월 27일 18시,목요일,인천광역시 서구 가정동,중상사고,0,1,2,0,차대차 - 기타,안전운전불이행,건조,맑음,단일로 - 기타,승용,남,51세,상해없음,승용,여,48세,중상
2016102700100443,2016년 10월 27일 18시,목요일,인천광역시 계양구 병방동,경상사고,0,0,1,0,차대차 - 측면충돌,중앙선침범,건조,맑음,단일로 - 기타,승용,남,26세,상해없음,승용,여,37세,경상
2016102700100444,2016년 10월 27일 18시,목요일,인천광역시 계양구 작전동,경상사고,0,0,1,0,차대사람 - 횡단중,신호위반,건조,맑음,단일로 - 횡단보도상,이륜,남,62세,상해없음,보행자,여,49세,경상
2016102700100445,2016년 10월 27일 18시,목요일,인천광역시 연수구 송도동,중상사고,0,1,0,0,차대사람 - 기타,보행자보호의무위반,건조,맑음,교차로 - 교차로안,승용,여,47세,상해없음,보행자,남,22세,중상
2016102700100484,2016년 10월 27일 19시,목요일,인천광역시 남동구 구월동,중상사고,0,1,0,0,차대차 - 추돌,안전거리미확보,건조,맑음,교차로 - 교차로안,승용,여,51세,상해없음,승용,여,52세,중상
2016102700100485,2016년 10월 27일 19시,목요일,인천광역시 서구 왕길동,중상사고,0,1,1,0,차대차 - 정면충돌,신호위반,건조,맑음,교차로 - 교차로안,승용,남,60세,상해없음,승용,남,50세,경상
2016102700100551,2016년 10월 27일 21시,목요일,인천광역시 남동구 서창동,중상사고,0,2,0,0,차대사람 - 횡단중,보행자보호의무위반,건조,맑음,단일로 - 횡단보도상,승용,남,58세,상해없음,보행자,남,53세,중상
2016102700100552,2016년 10월 27일 21시,목요일,인천광역시 남동구 간석동,경상사고,0,0,1,0,차량단독 - 기타,안전운전불이행,건조,맑음,단일로 - 기타,승합,남,43세,기타불명,,,,
2016102700100587,2016년 10월 27일 22시,목요일,인천광역시 서구 연희동,중상사고,0,1,1,0,차대차 - 기타,안전운전불이행,건조,맑음,교차로 - 교차로부근,승용,여,57세,상해없음,승용,남,32세,경상
2016102700100588,2016년 10월 27일 22시,목요일,인천광역시 서구 심곡동,경상사고,0,0,1,0,차대차 - 측면충돌,신호위반,건조,맑음,교차로 - 교차로부근,승용,여,43세,상해없음,승용,남,39세,경상
2016102700100589,2016년 10월 27일 22시,목요일,인천광역시 연수구 송도동,중상사고,0,2,0,0,차대차 - 정면충돌,중앙선침범,건조,맑음,단일로 - 기타,이륜,남,49세,중상,이륜,남,27세,중상
2016102800100014,2016년 10월 28일 00시,금요일,인천광역시 남동구 논현동,경상사고,0,0,2,0,차대차 - 추돌,안전운전불이행,건조,맑음,단일로 - 기타,승용,남,27세,상해없음,승용,남,33세,경상
2016102800100057,2016년 10월 28일 03시,금요일,인천광역시 부평구 삼산동,중상사고,0,2,0,0,차대차 - 기타,기타,습기,비,교차로 - 교차로안,이륜,남,23세,중상,승용,남,62세,상해없음
2016102800100058,2016년 10월 28일 03시,금요일,인천광역시 부평구 갈산동,경상사고,0,0,6,0,차대차 - 기타,안전운전불이행,건조,맑음,교차로 - 교차로안,승용,남,22세,경상,승용,남,52세,경상
2016102800100079,2016년 10월 28일 05시,금요일,인천광역시 남구 주안동,경상사고,0,0,1,1,차대차 - 추돌,안전운전불이행,습기,비,단일로 - 기타,승합,남,36세,상해없음,승용,남,50세,부상신고
2016102800100080,2016년 10월 28일 05시,금요일,인천광역시 부평구 부평동,중상사고,0,1,0,0,차대차 - 기타,안전운전불이행,습기,비,단일로 - 기타,승용,남,47세,상해없음,승용,남,33세,상해없음
2016102800100104,2016년 10월 28일 06시,금요일,인천광역시 서구 마전동,중상사고,0,1,4,0,차대차 - 추돌,중앙선침범,습기,비,교차로 - 교차로부근,승용,남,18세,상해없음,승합,남,48세,경상
2016102800100105,2016년 10월 28일 06시,금요일,인천광역시 서구 연희동,경상사고,0,0,1,0,차대차 - 측면충돌,교차로운행방법위반,습기,비,교차로 - 교차로안,승용,남,32세,상해없음,승용,남,41세,경상
2016102800100157,2016년 10월 28일 08시,금요일,인천광역시 남구 주안동,경상사고,0,0,1,0,차대차 - 추돌,안전운전불이행,습기,흐림,교차로 - 교차로부근,승용,남,47세,상해없음,승용,여,40세,경상
2016102800100158,2016년 10월 28일 08시,금요일,인천광역시 부평구 십정동,경상사고,0,0,1,0,차대차 - 측면직각충돌,신호위반,건조,맑음,교차로 - 교차로안,승용,여,31세,상해없음,승용,남,58세,경상
2016102800100159,2016년 10월 28일 08시,금요일,인천광역시 남동구 간석동,경상사고,0,0,1,0,차대차 - 추돌,안전운전불이행,건조,맑음,기타 - 기타,승용,남,30세,상해없음,승용,남,37세,경상
2016102800100160,2016년 10월 28일 08시,금요일,인천광역시 서구 경서동,경상사고,0,0,1,1,차대차 - 측면충돌,신호위반,건조,맑음,교차로 - 교차로안,승용,남,65세,부상신고,승용,여,32세,경상
2016102800100161,2016년 10월 28일 08시,금요일,인천광역시 연수구 송도동,경상사고,0,0,1,0,차대차 - 기타,안전운전불이행,건조,맑음,교차로 - 교차로부근,건설기계,남,48세,상해없음,승용,여,49세,경상
2016102800100195,2016년 10월 28일 09시,금요일,인천광역시 연수구 옥련동,중상사고,0,1,0,0,차대사람 - 횡단중,보행자보호의무위반,건조,맑음,교차로 - 교차로부근,화물,남,41세,상해없음,보행자,여,69세,중상
2016102800100226,2016년 10월 28일 10시,금요일,인천광역시 남동구 논현동,경상사고,0,0,1,0,차대차 - 측면직각충돌,안전운전불이행,건조,맑음,교차로 - 교차로안,승용,여,32세,상해없음,이륜,남,37세,경상
2016102800100227,2016년 10월 28일 10시,금요일,인천광역시 남동구 논현동,중상사고,0,1,0,0,차대차 - 측면직각충돌,신호위반,건조,맑음,교차로 - 교차로안,승용,여,58세,상해없음,화물,남,38세,중상
2016102800100228,2016년 10월 28일 10시,금요일,인천광역시 계양구 계산동,중상사고,0,1,2,0,차대차 - 추돌,신호위반,건조,맑음,교차로 - 교차로안,건설기계,남,50세,상해없음,승용,남,41세,중상
2016102800100242,2016년 10월 28일 11시,금요일,인천광역시 남동구 간석동,경상사고,0,0,1,0,차대차 - 기타,안전운전불이행,건조,맑음,기타 - 기타,화물,남,68세,상해없음,승용,남,70세,경상
2016102800100289,2016년 10월 28일 13시,금요일,인천광역시 부평구 일신동,경상사고,0,0,1,0,차대차 - 추돌,안전운전불이행,건조,맑음,단일로 - 기타,승용,남,21세,상해없음,승용,남,26세,경상
2016102800100323,2016년 10월 28일 14시,금요일,인천광역시 서구 가정동,중상사고,0,1,0,0,차대차 - 측면충돌,안전운전불이행,건조,맑음,교차로 - 교차로안,화물,남,41세,상해없음,승합,남,61세,상해없음
2016102800100361,2016년 10월 28일 15시,금요일,인천광역시 남동구 구월동,경상사고,0,0,1,0,차대차 - 추돌,안전운전불이행,건조,맑음,교차로 - 교차로안,승용,남,50세,상해없음,승용,남,24세,경상
2016102800100482,2016년 10월 28일 18시,금요일,인천광역시 중구 신흥동1가,중상사고,0,1,1,0,차대차 - 측면직각충돌,안전거리미확보,건조,맑음,교차로 - 교차로부근,승용,여,52세,경상,이륜,남,30세,중상
2016102800100483,2016년 10월 28일 18시,금요일,인천광역시 서구 석남동,중상사고,0,1,1,0,차대차 - 추돌,안전운전불이행,건조,맑음,교차로 - 교차로부근,승용,남,28세,상해없음,승용,여,55세,경상
2016102800100484,2016년 10월 28일 18시,금요일,인천광역시 연수구 송도동,부상신고사고,0,0,0,1,차대차 - 추돌,안전운전불이행,건조,맑음,단일로 - 기타,승용,여,36세,부상신고,승용,남,40세,기타불명
2016102800100485,2016년 10월 28일 18시,금요일,인천광역시 부평구 삼산동,경상사고,0,0,2,0,차대차 - 측면직각충돌,신호위반,건조,맑음,교차로 - 교차로안,이륜,남,18세,경상,승용,여,32세,상해없음
2016102800100524,2016년 10월 28일 19시,금요일,인천광역시 서구 당하동,경상사고,0,0,1,0,차대사람 - 횡단중,보행자보호의무위반,건조,맑음,교차로 - 교차로부근,승용,남,50세,상해없음,보행자,여,46세,경상
2016102800100525,2016년 10월 28일 19시,금요일,인천광역시 계양구 계산동,부상신고사고,0,0,0,1,차대사람 - 기타,안전운전불이행,건조,맑음,교차로 - 교차로부근,승용,여,66세,상해없음,보행자,남,15세,부상신고
2016102800100526,2016년 10월 28일 19시,금요일,인천광역시 부평구 부개동,경상사고,0,0,2,0,차대차 - 측면직각충돌,직진우회전진행방해,건조,맑음,교차로 - 교차로안,승용,남,57세,경상,승용,여,44세,경상
2016102800100568,2016년 10월 28일 20시,금요일,인천광역시 남동구 구월동,경상사고,0,0,1,0,차대사람 - 횡단중,보행자보호의무위반,건조,맑음,교차로 - 교차로부근,승용,남,27세,상해없음,보행자,남,34세,경상
2016102800100569,2016년 10월 28일 20시,금요일,인천광역시 강화군 양도면,중상사고,0,1,0,1,차량단독 - 공작물충돌,안전운전불이행,건조,맑음,단일로 - 기타,승합,여,61세,부상신고,,,,
2016102800100607,2016년 10월 28일 21시,금요일,인천광역시 부평구 구산동,경상사고,0,0,1,0,차대차 - 추돌,안전운전불이행,건조,맑음,단일로 - 교량,승용,남,36세,상해없음,승용,여,49세,경상
2016102800100643,2016년 10월 28일 22시,금요일,인천광역시 부평구 구산동,경상사고,0,0,1,0,차대차 - 추돌,안전운전불이행,건조,맑음,단일로 - 기타,승용,남,35세,상해없음,승용,남,43세,경상
2016102800100671,2016년 10월 28일 23시,금요일,인천광역시 계양구 병방동,경상사고,0,0,1,0,차대차 - 측면충돌,중앙선침범,건조,흐림,교차로 - 교차로부근,승용,남,42세,상해없음,승용,여,38세,경상
2016102800100672,2016년 10월 28일 23시,금요일,인천광역시 부평구 일신동,경상사고,0,0,1,0,차대차 - 정면충돌,안전거리미확보,건조,맑음,단일로 - 기타,승용,남,27세,상해없음,승용,남,29세,경상
2016102900100046,2016년 10월 29일 02시,토요일,인천광역시 서구 석남동,경상사고,0,0,1,0,차대차 - 추돌,안전운전불이행,건조,맑음,교차로 - 교차로부근,승용,남,54세,상해없음,화물,남,42세,상해없음
2016102900100060,2016년 10월 29일 03시,토요일,인천광역시 부평구 부평동,부상신고사고,0,0,0,1,차대사람 - 길가장자리구역통행중,안전운전불이행,건조,맑음,단일로 - 기타,기타불명,기타불명,기타불명,기타불명,보행자,남,30세,부상신고
2016102900100079,2016년 10월 29일 05시,토요일,인천광역시 부평구 청천동,경상사고,0,0,1,0,차대차 - 추돌,안전운전불이행,건조,맑음,교차로 - 교차로부근,이륜,남,24세,상해없음,승용,남,64세,경상
2016102900100097,2016년 10월 29일 06시,토요일,인천광역시 남구 주안동,경상사고,0,0,1,0,차대사람 - 보도통행중,안전운전불이행,건조,맑음,단일로 - 기타,승용,남,23세,상해없음,보행자,여,82세,경상
2016102900100098,2016년 10월 29일 06시,토요일,인천광역시 남구 도화동,경상사고,0,0,1,0,차대사람 - 횡단중,신호위반,건조,맑음,단일로 - 횡단보도상,승용,남,68세,상해없음,보행자,남,23세,경상
2016102900100108,2016년 10월 29일 07시,토요일,인천광역시 남동구 간석동,중상사고,0,1,0,0,차대차 - 측면충돌,중앙선침범,건조,맑음,단일로 - 기타,승용,남,31세,상해없음,화물,남,26세,중상
2016102900100217,2016년 10월 29일 11시,토요일,인천광역시 남구 문학동,경상사고,0,0,1,0,차대차 - 측면직각충돌,안전운전불이행,건조,맑음,교차로 - 교차로부근,승용,남,74세,상해없음,자전거,남,12세,경상
2016102900100218,2016년 10월 29일 11시,토요일,인천광역시 남구 주안동,경상사고,0,0,1,0,차대차 - 측면직각충돌,안전거리미확보,건조,맑음,단일로 - 기타,승용,남,51세,상해없음,화물,남,35세,경상
2016102900100283,2016년 10월 29일 13시,토요일,인천광역시 남구 주안동,경상사고,0,0,1,0,차대차 - 측면충돌,안전운전불이행,건조,맑음,교차로 - 교차로부근,승용,여,61세,상해없음,승용,남,26세,경상
2016102900100326,2016년 10월 29일 14시,토요일,인천광역시 연수구 송도동,경상사고,0,0,2,0,차대차 - 추돌,안전운전불이행,건조,맑음,단일로 - 교량,이륜,남,19세,상해없음,승용,여,44세,경상
2016102900100398,2016년 10월 29일 16시,토요일,인천광역시 남구 주안동,경상사고,0,0,1,0,차대차 - 측면직각충돌,안전운전불이행,건조,맑음,교차로 - 교차로안,이륜,남,40세,경상,승합,남,51세,상해없음
2016102900100522,2016년 10월 29일 19시,토요일,인천광역시 부평구 갈산동,경상사고,0,0,1,0,차대차 - 기타,안전운전불이행,건조,맑음,단일로 - 기타,승용,남,23세,상해없음,승용,남,23세,경상
2016102900100523,2016년 10월 29일 19시,토요일,인천광역시 강화군 길상면,사망사고,1,0,0,0,차대사람 - 길가장자리구역통행중,안전운전불이행,건조,맑음,단일로 - 기타,승용,남,52세,상해없음,보행자,여,85세,사망
2016102900100547,2016년 10월 29일 20시,토요일,인천광역시 남구 주안동,경상사고,0,0,1,0,차대차 - 측면직각충돌,중앙선침범,건조,맑음,단일로 - 기타,승용,남,27세,상해없음,이륜,남,24세,경상
2016102900100548,2016년 10월 29일 20시,토요일,인천광역시 남동구 간석동,경상사고,0,0,1,0,차대사람 - 보도통행중,안전운전불이행,건조,맑음,단일로 - 기타,승용,남,30세,상해없음,보행자,여,67세,경상
2016102900100573,2016년 10월 29일 21시,토요일,인천광역시 서구 석남동,경상사고,0,0,4,0,차대차 - 추돌,안전운전불이행,건조,맑음,단일로 - 기타,승용,남,47세,상해없음,승용,남,49세,경상
2016102900100574,2016년 10월 29일 21시,토요일,인천광역시 서구 원창동,경상사고,0,0,1,0,차대차 - 측면충돌,신호위반,건조,맑음,교차로 - 교차로안,승용,남,19세,상해없음,승용,여,55세,경상
2016102900100575,2016년 10월 29일 21시,토요일,인천광역시 서구 원당동,중상사고,0,1,0,0,차대사람 - 횡단중,안전운전불이행,건조,흐림,교차로 - 교차로안,승용,남,60세,상해없음,보행자,남,59세,중상
2016102900100620,2016년 10월 29일 23시,토요일,인천광역시 계양구 작전동,중상사고,0,1,0,0,차대차 - 측면직각충돌,교차로운행방법위반,건조,맑음,교차로 - 교차로안,승합,남,51세,상해없음,원동기,남,16세,중상
2016103000100066,2016년 10월 30일 02시,일요일,인천광역시 계양구 계산동,중상사고,0,1,1,0,차대차 - 기타,안전운전불이행,건조,맑음,단일로 - 기타,이륜,남,19세,상해없음,농기계,남,52세,경상
2016103000100087,2016년 10월 30일 03시,일요일,인천광역시 연수구 연수동,경상사고,0,0,1,0,차대사람 - 차도통행중,안전운전불이행,건조,맑음,단일로 - 기타,승용,여,32세,상해없음,보행자,남,33세,경상
2016103000100104,2016년 10월 30일 06시,일요일,인천광역시 연수구 송도동,경상사고,0,0,1,0,차대차 - 측면직각충돌,신호위반,건조,맑음,교차로 - 교차로안,승용,남,41세,기타불명,승용,남,40세,경상
2016103000100116,2016년 10월 30일 07시,일요일,인천광역시 남동구 논현동,경상사고,0,0,1,0,차대차 - 측면직각충돌,차로위반,건조,맑음,단일로 - 기타,승용,남,65세,상해없음,원동기,남,41세,경상
2016103000100132,2016년 10월 30일 08시,일요일,인천광역시 강화군 길상면,경상사고,0,0,3,0,차대차 - 기타,신호위반,건조,맑음,교차로 - 교차로안,승용,남,65세,상해없음,승용,남,58세,상해없음
2016103000100133,2016년 10월 30일 08시,일요일,인천광역시 연수구 연수동,중상사고,0,2,0,0,차대차 - 추돌,안전운전불이행,건조,맑음,단일로 - 기타,승합,남,58세,상해없음,화물,남,34세,기타불명
2016103000100154,2016년 10월 30일 09시,일요일,인천광역시 연수구 선학동,부상신고사고,0,0,0,1,차량단독 - 기타,기타,건조,맑음,단일로 - 기타,승합,남,53세,상해없음,,,,
2016103000100234,2016년 10월 30일 12시,일요일,인천광역시 서구 검암동,경상사고,0,0,1,0,차대사람 - 횡단중,신호위반,건조,맑음,단일로 - 횡단보도상,승용,남,53세,상해없음,보행자,남,35세,경상
2016103000100258,2016년 10월 30일 13시,일요일,인천광역시 서구 검암동,경상사고,0,0,2,0,차대차 - 측면충돌,직진우회전진행방해,건조,맑음,교차로 - 교차로안,승용,여,34세,경상,승용,남,28세,경상
2016103000100259,2016년 10월 30일 13시,일요일,인천광역시 계양구 계산동,중상사고,0,1,0,0,차대차 - 기타,신호위반,건조,맑음,단일로 - 횡단보도상,승용,여,39세,상해없음,자전거,남,13세,중상
2016103000100286,2016년 10월 30일 14시,일요일,인천광역시 서구 신현동,경상사고,0,0,1,0,차대차 - 기타,안전운전불이행,건조,맑음,교차로 - 교차로부근,승용,남,60세,상해없음,승용,남,37세,상해없음
2016103000100287,2016년 10월 30일 14시,일요일,인천광역시 계양구 박촌동,경상사고,0,0,1,0,차대차 - 측면직각충돌,안전거리미확보,건조,맑음,단일로 - 기타,승용,남,58세,상해없음,승용,남,58세,상해없음
2016103000100357,2016년 10월 30일 16시,일요일,인천광역시 부평구 부평동,경상사고,0,0,1,0,차대차 - 기타,안전운전불이행,건조,맑음,단일로 - 기타,승용,남,68세,상해없음,원동기,남,29세,경상
2016103000100383,2016년 10월 30일 17시,일요일,인천광역시 부평구 부평동,경상사고,0,0,1,0,차대차 - 추돌,안전운전불이행,건조,맑음,교차로 - 교차로부근,승용,남,54세,상해없음,승용,남,55세,상해없음