사고번호,사고일시,요일,시군구,사고내용,사망자수,중상자수,경상자수,부상신고자수,사고유형,법규위반,노면상태,기상상태,도로형태,가해운전자 차종,가해운전자 성별,가해운전자 연령,가해운전자 상해정도,피해운전자 차종,피해운전자 성별,피해운전자 연령,피해운전자 상해정도
2016110900100033,2016년 11월 9일 03시,수요일,인천광역시 연수구 연수동,경상사고,0,0,2,0,차대차 - 측면직각충돌,신호위반,건조,맑음,교차로 - 교차로안,승용,남,63세,상해없음,승용,남,59세,경상
2016110900100098,2016년 11월 9일 07시,수요일,인천광역시 연수구 연수동,중상사고,0,1,0,0,차대사람 - 횡단중,보행자보호의무위반,건조,맑음,교차로 - 교차로부근,승합,남,48세,상해없음,보행자,남,74세,중상
2016110900100141,2016년 11월 9일 08시,수요일,인천광역시 서구 경서동,경상사고,0,0,1,0,차대차 - 측면충돌,중앙선침범,건조,맑음,교차로 - 교차로안,승용,남,16세,상해없음,승용,남,33세,경상
2016110900100187,2016년 11월 9일 09시,수요일,인천광역시 남구 숭의동,중상사고,0,1,2,0,차대차 - 측면직각충돌,안전거리미확보,건조,맑음,교차로 - 교차로안,승용,남,68세,상해없음,승합,남,55세,상해없음
2016110900100188,2016년 11월 9일 09시,수요일,인천광역시 남동구 만수동,경상사고,0,0,1,0,차대사람 - 길가장자리구역통행중,안전운전불이행,건조,맑음,단일로 - 기타,승용,기타불명,기타불명,기타불명,보행자,남,59세,경상
2016110900100189,2016년 11월 9일 09시,수요일,인천광역시 서구 경서동,중상사고,0,1,0,0,차대차 - 측면직각충돌,안전운전불이행,건조,맑음,교차로 - 교차로안,승용,여,39세,상해없음,자전거,여,40세,중상
2016110900100224,2016년 11월 9일 10시,수요일,인천광역시 남동구 만수동,중상사고,0,1,0,0,차대사람 - 횡단중,신호위반,건조,맑음,교차로 - 교차로안,화물,남,52세,상해없음,보행자,여,52세,중상
2016110900100225,2016년 11월 9일 10시,수요일,인천광역시 강화군 선원면,중상사고,0,2,0,0,차대차 - 측면충돌,안전운전불이행,건조,맑음,교차로 - 교차로안,승용,남,60세,상해없음,승용,남,69세,중상
2016110900100306,2016년 11월 9일 12시,수요일,인천광역시 남구 학익동,중상사고,0,1,0,0,차대차 - 추돌,안전운전불이행,건조,맑음,단일로 - 기타,승용,남,77세,상해없음,승용,여,46세,중상
2016110900100340,2016년 11월 9일 13시,수요일,인천광역시 강화군 선원면,경상사고,0,0,1,0,차대차 - 정면충돌,안전운전불이행,건조,맑음,단일로 - 기타,승용,여,52세,상해없음,승용,남,59세,경상
2016110900100457,2016년 11월 9일 17시,수요일,인천광역시 부평구 부개동,경상사고,0,0,1,0,차대사람 - 횡단중,신호위반,건조,맑음,교차로 - 교차로부근,승용,남,68세,상해없음,보행자,여,50세,경상
2016110900100511,2016년 11월 9일 18시,수요일,인천광역시 남동구 서창동,경상사고,0,0,1,0,차대차 - 측면직각충돌,안전운전불이행,건조,맑음,단일로 - 기타,승용,남,24세,상해없음,이륜,남,27세,경상
2016110900100512,2016년 11월 9일 18시,수요일,인천광역시 계양구 작전동,중상사고,0,1,0,0,차대차 - 측면직각충돌,신호위반,건조,맑음,교차로 - 교차로안,승용,남,23세,상해없음,이륜,남,43세,중상
2016110900100556,2016년 11월 9일 19시,수요일,인천광역시 서구 연희동,경상사고,0,0,1,0,차대차 - 기타,중앙선침범,건조,맑음,단일로 - 기타,승용,남,55세,상해없음,승용,남,51세,경상
2016110900100595,2016년 11월 9일 20시,수요일,인천광역시 부평구 청천동,중상사고,0,1,1,0,차대차 - 추돌,안전운전불이행,건조,맑음,단일로 - 기타,승용,남,52세,기타불명,승용,남,33세,경상
2016110900100596,2016년 11월 9일 20시,수요일,인천광역시 계양구 효성동,중상사고,0,1,0,0,차대사람 - 기타,안전운전불이행,건조,맑음,단일로 - 기타,승용,남,46세,상해없음,보행자,남,56세,중상
2016110900100597,2016년 11월 9일 20시,수요일,인천광역시 부평구 부평동,중상사고,0,1,0,0,차대차 - 정면충돌,신호위반,건조,맑음,교차로 - 교차로안,이륜,남,44세,중상,승용,여,43세,상해없음
2016110900100618,2016년 11월 9일 21시,수요일,인천광역시 서구 검암동,중상사고,0,1,0,0,차대차 - 측면충돌,안전운전불이행,건조,맑음,단일로 - 기타,승용,남,47세,상해없음,승용,여,32세,중상
2016110900100644,2016년 11월 9일 22시,수요일,인천광역시 부평구 산곡동,경상사고,0,0,1,0,차대차 - 측면충돌,안전거리미확보,건조,맑음,단일로 - 기타,승용,남,30세,상해없음,승용,남,25세,경상
2016110900100667,2016년 11월 9일 23시,수요일,인천광역시 계양구 서운동,경상사고,0,0,2,2,차대차 - 추돌,안전운전불이행,건조,맑음,단일로 - 기타,승용,남,58세,부상신고,승용,여,40세,경상
2016111000100053,2016년 11월 10일 05시,목요일,인천광역시 서구 석남동,사망사고,1,0,0,0,차대사람 - 횡단중,보행자보호의무위반,건조,맑음,단일로 - 기타,승용,남,32세,상해없음,보행자,남,56세,사망
2016111000100070,2016년 11월 10일 06시,목요일,인천광역시 남구 도화동,중상사고,0,1,0,0,차대사람 - 횡단중,안전운전불이행,건조,맑음,단일로 - 기타,승용,남,34세,상해없음,보행자,남,57세,중상
2016111000100071,2016년 11월 10일 06시,목요일,인천광역시 계양구 작전동,부상신고사고,0,0,0,1,차대차 - 측면충돌,신호위반,건조,맑음,단일로 - 횡단보도상,승용,남,60세,상해없음,자전거,남,38세,부상신고
2016111000100095,2016년 11월 10일 07시,목요일,인천광역시 연수구 옥련동,중상사고,0,1,0,0,차대사람 - 기타,안전운전불이행,건조,맑음,교차로 - 교차로부근,승용,남,43세,상해없음,보행자,남,57세,중상
2016111000100122,2016년 11월 10일 08시,목요일,인천광역시 중구 운서동,중상사고,0,2,0,0,차대차 - 기타,안전운전불이행,건조,맑음,교차로 - 교차로안,승용,여,46세,중상,승용,남,32세,중상
2016111000100123,2016년 11월 10일 08시,목요일,인천광역시 부평구 부평동,중상사고,0,1,0,0,차대사람 - 횡단중,보행자보호의무위반,건조,맑음,단일로 - 횡단보도상,승용,남,33세,상해없음,보행자,여,15세,중상
2016111000100124,2016년 11월 10일 08시,목요일,인천광역시 부평구 부평동,경상사고,0,0,1,0,차대사람 - 기타,안전운전불이행,건조,맑음,단일로 - 기타,기타불명,기타불명,기타불명,기타불명,보행자,남,12세,경상
2016111000100159,2016년 11월 10일 09시,목요일,인천광역시 동구 송림동,경상사고,0,0,3,0,차대차 - 기타,안전운전불이행,건조,맑음,교차로 - 교차로안,승용,여,22세,상해없음,승용,남,61세,경상
2016111000100160,2016년 11월 10일 09시,목요일,인천광역시 남동구 구월동,경상사고,0,0,1,0,차대사람 - 횡단중,안전운전불이행,건조,흐림,단일로 - 기타,승용,남,59세,상해없음,보행자,남,19세,경상
2016111000100161,2016년 11월 10일 09시,목요일,인천광역시 부평구 부평동,경상사고,0,0,2,0,차대차 - 기타,안전운전불이행,건조,맑음,단일로 - 기타,승합,남,65세,상해없음,승합,남,57세,상해없음
2016111000100247,2016년 11월 10일 13시,목요일,인천광역시 남동구 장수동,경상사고,0,0,1,0,차대차 - 추돌,안전운전불이행,건조,맑음,교차로 - 교차로부근,승용,남,36세,상해없음,이륜,남,67세,경상
2016111000100317,2016년 11월 10일 15시,목요일,인천광역시 남동구 장수동,경상사고,0,0,1,0,차대차 - 추돌,안전운전불이행,건조,맑음,미분류 - 미분류,승용,남,24세,상해없음,승용,남,34세,경상
2016111000100348,2016년 11월 10일 16시,목요일,인천광역시 계양구 효성동,경상사고,0,0,1,0,차대차 - 측면직각충돌,안전운전불이행,건조,맑음,단일로 - 기타,승용,남,39세,상해없음,승용,남,24세,경상
2016111000100395,2016년 11월 10일 17시,목요일,인천광역시 강화군 삼산면,중상사고,0,1,0,0,차대차 - 추돌,안전운전불이행,건조,맑음,단일로 - 기타,화물,남,49세,기타불명,원동기,남,68세,중상
2016111000100396,2016년 11월 10일 17시,목요일,인천광역시 연수구 연수동,중상사고,0,1,0,0,차대차 - 기타,교차로운행방법위반,건조,맑음,교차로 - 교차로안,승용,남,48세,상해없음,승합,남,63세,상해없음
2016111000100465,2016년 11월 10일 18시,목요일,인천광역시 서구 가좌동,중상사고,0,1,0,0,차대사람 - 횡단중,안전운전불이행,건조,맑음,교차로 - 교차로부근,승용,남,36세,상해없음,보행자,여,57세,중상
2016111000100466,2016년 11월 10일 18시,목요일,인천광역시 계양구 효성동,경상사고,0,0,1,0,차대사람 - 차도통행중,안전운전불이행,건조,맑음,교차로 - 교차로안,승합,남,72세,상해없음,보행자,남,62세,경상
2016111000100559,2016년 11월 10일 20시,목요일,인천광역시 중구 유동,중상사고,0,1,1,0,차대차 - 측면충돌,중앙선침범,건조,맑음,단일로 - 기타,승용,남,45세,경상,승용,여,61세,중상
2016111000100622,2016년 11월 10일 22시,목요일,인천광역시 강화군 강화읍,경상사고,0,0,2,0,차대차 - 측면충돌,안전운전불이행,건조,맑음,단일로 - 기타,승용,남,31세,상해없음,승용,남,50세,경상
2016111000100648,2016년 11월 10일 23시,목요일,인천광역시 부평구 산곡동,경상사고,0,0,2,0,차대차 - 기타,안전운전불이행,건조,맑음,교차로 - 교차로안,승용,남,38세,상해없음,승용,남,59세,경상
2016111000100649,2016년 11월 10일 23시,목요일,인천광역시 남동구 논현동,경상사고,0,0,1,0,차대차 - 측면충돌,중앙선침범,건조,맑음,단일로 - 기타,승용,남,54세,상해없음,승용,남,52세,상해없음
2016111100100019,2016년 11월 11일 00시,금요일,인천광역시 남동구 논현동,중상사고,0,1,0,0,차대사람 - 횡단중,안전운전불이행,습기,비,단일로 - 횡단보도상,승용,남,26세,상해없음,보행자,남,44세,중상
2016111100100020,2016년 11월 11일 00시,금요일,인천광역시 계양구 작전동,경상사고,0,0,2,0,차대차 - 측면충돌,신호위반,건조,맑음,교차로 - 교차로안,승용,남,27세,경상,승용,남,43세,경상
2016111100100039,2016년 11월 11일 01시,금요일,인천광역시 남구 도화동,경상사고,0,0,2,0,차대차 - 측면직각충돌,안전운전불이행,건조,맑음,교차로 - 교차로부근,승용,남,54세,상해없음,승용,남,27세,경상
2016111100100050,2016년 11월 11일 02시,금요일,인천광역시 계양구 작전동,경상사고,0,0,1,0,차대차 - 측면직각충돌,안전운전불이행,습기,비,교차로 - 교차로안,승용,여,59세,상해없음,승용,남,32세,기타불명
2016111100100068,2016년 11월 11일 03시,금요일,인천광역시 부평구 구산동,중상사고,0,2,0,0,차대차 - 추돌,안전운전불이행,습기,비,단일로 - 교량,승용,남,24세,상해없음,승용,남,55세,중상
2016111100100092,2016년 11월 11일 05시,금요일,인천광역시 남구 주안동,경상사고,0,0,1,0,차대차 - 측면충돌,안전운전불이행,습기,비,교차로 - 교차로안,승용,남,23세,상해없음,이륜,남,31세,경상
2016111100100093,2016년 11월 11일 05시,금요일,인천광역시 남동구 장수동,경상사고,0,0,2,0,차대차 - 추돌,차로위반,습기,비,교차로 - 교차로부근,화물,남,45세,경상,화물,남,30세,경상
2016111100100144,2016년 11월 11일 07시,금요일,인천광역시 부평구 부개동,경상사고,0,0,1,0,차대차 - 추돌,안전운전불이행,습기,흐림,교차로 - 교차로부근,승용,남,44세,상해없음,승용,남,62세,경상
2016111100100190,2016년 11월 11일 08시,금요일,인천광역시 남구 주안동,중상사고,0,1,0,0,차대차 - 정면충돌,안전운전불이행,습기,비,단일로 - 기타,승용,남,47세,상해없음,승용,남,34세,중상
2016111100100191,2016년 11월 11일 08시,금요일,인천광역시 남동구 만수동,중상사고,0,1,0,0,차대사람 - 횡단중,보행자보호의무위반,건조,맑음,단일로 - 횡단보도상,승용,여,24세,상해없음,보행자,여,77세,중상
2016111100100268,2016년 11월 11일 10시,금요일,인천광역시 계양구 효성동,경상사고,0,0,1,0,차대차 - 측면충돌,신호위반,건조,맑음,교차로 - 교차로안,승용,남,49세,상해없음,승용,여,49세,경상
2016111100100342,2016년 11월 11일 12시,금요일,인천광역시 중구 운서동,경상사고,0,0,1,0,차대차 - 추돌,차로위반,건조,맑음,단일로 - 기타,승합,남,69세,상해없음,화물,남,31세,경상
2016111100100343,2016년 11월 11일 12시,금요일,인천광역시 남구 용현동,경상사고,0,0,1,0,차대차 - 추돌,안전거리미확보,건조,맑음,교차로 - 교차로부근,승용,남,40세,상해없음,승용,여,24세,경상
2016111100100344,2016년 11월 11일 12시,금요일,인천광역시 남구 용현동,경상사고,0,0,1,0,차대차 - 측면직각충돌,안전운전불이행,건조,맑음,단일로 - 기타,이륜,남,64세,경상,화물,남,66세,상해없음
2016111100100345,2016년 11월 11일 12시,금요일,인천광역시 남동구 만수동,경상사고,0,0,1,0,차량단독 - 기타,안전운전불이행,건조,맑음,기타 - 기타,화물,남,65세,상해없음,,,,
2016111100100379,2016년 11월 11일 13시,금요일,인천광역시 남구 학익동,경상사고,0,0,1,0,차대차 - 기타,안전운전불이행,건조,맑음,교차로 - 교차로안,승용,여,69세,상해없음,이륜,남,29세,경상
2016111100100380,2016년 11월 11일 13시,금요일,인천광역시 남동구 간석동,경상사고,0,0,1,0,차대사람 - 기타,안전운전불이행,건조,맑음,단일로 - 기타,기타불명,기타불명,기타불명,기타불명,보행자,여,7세,경상
2016111100100411,2016년 11월 11일 14시,금요일,인천광역시 부평구 부평동,경상사고,0,0,1,0,차대차 - 기타,안전운전불이행,건조,맑음,단일로 - 기타,승용,남,53세,상해없음,승합,남,55세,경상
2016111100100412,2016년 11월 11일 14시,금요일,인천광역시 남동구 구월동,중상사고,0,1,0,0,차대차 - 측면충돌,안전운전불이행,건조,맑음,교차로 - 교차로안,승용,남,58세,상해없음,승용,남,59세,중상
2016111100100413,2016년 11월 11일 14시,금요일,인천광역시 남동구 논현동,중상사고,0,1,0,0,차대사람 - 횡단중,보행자보호의무위반,건조,맑음,단일로 - 횡단보도상,승합,여,40세,상해없음,보행자,남,53세,중상
2016111100100486,2016년 11월 11일 16시,금요일,인천광역시 남구 주안동,중상사고,0,2,0,0,차대차 - 측면직각충돌,안전운전불이행,건조,맑음,단일로 - 기타,승용,남,37세,중상,이륜,남,37세,중상
2016111100100487,2016년 11월 11일 16시,금요일,인천광역시 계양구 효성동,경상사고,0,0,1,0,차대사람 - 횡단중,안전운전불이행,건조,맑음,단일로 - 기타,화물,남,39세,상해없음,보행자,남,5세,경상
2016111100100529,2016년 11월 11일 17시,금요일,인천광역시 남동구 간석동,경상사고,0,0,1,0,차대차 - 측면충돌,안전운전불이행,건조,맑음,교차로 - 교차로부근,승용,남,63세,상해없음,승용,남,25세,경상
2016111100100530,2016년 11월 11일 17시,금요일,인천광역시 서구 마전동,중상사고,0,1,0,0,차대차 - 측면충돌,신호위반,건조,맑음,교차로 - 교차로안,이륜,남,16세,중상,이륜,남,16세,상해없음
2016111100100531,2016년 11월 11일 17시,금요일,인천광역시 강화군 내가면,중상사고,0,1,0,0,차대차 - 측면충돌,안전운전불이행,건조,기타,교차로 - 교차로안,승용,남,38세,상해없음,원동기,남,59세,중상
2016111100100608,2016년 11월 11일 18시,금요일,인천광역시 중구 율목동,경상사고,0,0,1,0,차대사람 - 횡단중,안전운전불이행,건조,맑음,교차로 - 교차로안,승합,남,61세,상해없음,보행자,여,84세,경상
2016111100100609,2016년 11월 11일 18시,금요일,인천광역시 남구 숭의동,중상사고,0,1,0,0,차대사람 - 기타,안전운전불이행,건조,맑음,단일로 - 기타,승용,남,65세,상해없음,보행자,남,69세,중상
2016111100100662,2016년 11월 11일 19시,금요일,인천광역시 남동구 논현동,경상사고,0,0,2,0,차대차 - 기타,안전운전불이행,건조,맑음,교차로 - 교차로부근,승용,여,52세,상해없음,승용,여,26세,경상
2016111100100705,2016년 11월 11일 20시,금요일,인천광역시 옹진군 영흥면,경상사고,0,0,1,0,차대차 - 기타,안전운전불이행,건조,맑음,단일로 - 기타,승용,남,27세,상해없음,화물,남,19세,경상
2016111100100755,2016년 11월 11일 22시,금요일,인천광역시 남구 주안동,경상사고,0,0,2,0,차대차 - 측면직각충돌,안전운전불이행,건조,맑음,교차로 - 교차로부근,승합,남,45세,상해없음,승용,남,35세,경상
2016111100100756,2016년 11월 11일 22시,금요일,인천광역시 서구 원창동,경상사고,0,0,1,0,차대차 - 추돌,신호위반,건조,맑음,교차로 - 교차로안,승용,남,24세,상해없음,승용,남,46세,경상
2016111200100015,2016년 11월 12일 00시,토요일,인천광역시 연수구 연수동,경상사고,0,0,1,0,차대차 - 기타,기타,건조,맑음,교차로 - 교차로부근,승용,여,69세,상해없음,이륜,남,45세,경상
2016111200100056,2016년 11월 12일 02시,토요일,인천광역시 서구 마전동,중상사고,0,1,0,0,차대사람 - 차도통행중,안전운전불이행,건조,맑음,단일로 - 기타,기타불명,기타불명,기타불명,기타불명,보행자,남,32세,중상
2016111200100161,2016년 11월 12일 08시,토요일,인천광역시 부평구 청천동,경상사고,0,0,1,0,차대차 - 측면충돌,안전운전불이행,건조,맑음,교차로 - 교차로안,화물,남,32세,상해없음,화물,남,72세,경상
2016111200100214,2016년 11월 12일 10시,토요일,인천광역시 서구 당하동,중상사고,0,1,0,0,차대사람 - 횡단중,보행자보호의무위반,건조,맑음,교차로 - 교차로안,승용,여,22세,상해없음,보행자,남,6세,중상
2016111200100244,2016년 11월 12일 11시,토요일,인천광역시 남동구 구월동,경상사고,0,0,1,0,차대사람 - 횡단중,신호위반,건조,맑음,교차로 - 교차로안,이륜,남,57세,상해없음,보행자,여,70세,경상
2016111200100404,2016년 11월 12일 15시,토요일,인천광역시 남동구 간석동,중상사고,0,1,0,0,차대차 - 측면직각충돌,안전운전불이행,건조,맑음,교차로 - 교차로부근,승용,여,26세,상해없음,승용,남,73세,중상
2016111200100433,2016년 11월 12일 16시,토요일,인천광역시 남동구 장수동,경상사고,0,0,3,0,차대차 - 추돌,안전운전불이행,건조,맑음,단일로 - 기타,승용,남,49세,상해없음,승용,남,59세,경상
2016111200100434,2016년 11월 12일 16시,토요일,인천광역시 남동구 구월동,중상사고,0,1,0,0,차대사람 - 기타,안전운전불이행,건조,맑음,단일로 - 기타,기타불명,기타불명,기타불명,기타불명,보행자,남,12세,중상
2016111200100515,2016년 11월 12일 18시,토요일,인천광역시 남동구 구월동,경상사고,0,0,1,0,차대사람 - 횡단중,안전운전불이행,건조,맑음,단일로 - 기타,화물,남,24세,상해없음,보행자,남,66세,경상
2016111200100516,2016년 11월 12일 18시,토요일,인천광역시 강화군 길상면,경상사고,0,0,1,0,차대차 - 측면직각충돌,중앙선침범,건조,맑음,단일로 - 기타,승용,여,60세,상해없음,승용,남,30세,경상
2016111200100517,2016년 11월 12일 18시,토요일,인천광역시 부평구 일신동,경상사고,0,0,1,0,차대차 - 기타,안전운전불이행,건조,맑음,단일로 - 기타,승용,남,51세,상해없음,승합,남,52세,상해없음
2016111200100552,2016년 11월 12일 19시,토요일,인천광역시 부평구 부평동,경상사고,0,0,2,0,차대차 - 기타,안전운전불이행,건조,맑음,교차로 - 교차로부근,승용,여,43세,상해없음,승용,여,55세,경상
2016111200100553,2016년 11월 12일 19시,토요일,인천광역시 강화군 교동면,중상사고,0,1,0,0,차대차 - 측면직각충돌,안전운전불이행,건조,맑음,단일로 - 기타,승용,남,43세,상해없음,원동기,남,41세,중상
2016111200100579,2016년 11월 12일 20시,토요일,인천광역시 중구 항동7가,경상사고,0,0,1,0,차대차 - 측면직각충돌,안전운전불이행,건조,맑음,단일로 - 기타,승용,남,38세,상해없음,승용,여,36세,경상
2016111200100580,2016년 11월 12일 20시,토요일,인천광역시 남동구 장수동,경상사고,0,0,4,0,차대차 - 추돌,안전운전불이행,건조,맑음,단일로 - 기타,승용,남,69세,상해없음,승용,여,32세,경상
2016111200100609,2016년 11월 12일 21시,토요일,인천광역시 남구 주안동,경상사고,0,0,1,0,차대차 - 측면충돌,신호위반,건조,맑음,단일로 - 기타,승용,남,33세,상해없음,원동기,남,23세,경상
2016111200100610,2016년 11월 12일 21시,토요일,인천광역시 서구 가정동,경상사고,0,0,2,0,차대차 - 기타,안전운전불이행,건조,맑음,교차로 - 교차로부근,승용,남,58세,상해없음,승용,남,48세,경상
2016111200100648,2016년 11월 12일 23시,토요일,인천광역시 남구 주안동,경상사고,0,0,2,0,차대차 - 측면직각충돌,안전운전불이행,건조,맑음,기타 - 기타,승용,남,34세,상해없음,승용,남,19세,경상
2016111200100649,2016년 11월 12일 23시,토요일,인천광역시 남구 용현동,경상사고,0,0,1,0,차량단독 - 기타,안전운전불이행,건조,흐림,교차로 - 교차로안,승용,남,57세,상해없음,,,,
2016111200100650,2016년 11월 12일 23시,토요일,인천광역시 남구 주안동,경상사고,0,0,2,0,차대차 - 측면직각충돌,안전운전불이행,건조,맑음,교차로 - 교차로안,승용,남,66세,상해없음,승용,남,32세,경상
2016111300100029,2016년 11월 13일 01시,일요일,인천광역시 부평구 부평동,경상사고,0,0,1,0,차대사람 - 기타,안전운전불이행,건조,흐림,교차로 - 교차로안,승용,여,19세,상해없음,보행자,여,22세,경상
2016111300100030,2016년 11월 13일 01시,일요일,인천광역시 부평구 부평동,경상사고,0,0,1,0,차대차 - 측면직각충돌,안전운전불이행,건조,맑음,단일로 - 기타,이륜,남,26세,경상,승용,남,50세,상해없음
2016111300100048,2016년 11월 13일 02시,일요일,인천광역시 남동구 논현동,경상사고,0,0,1,0,차량단독 - 전도전복,안전운전불이행,건조,맑음,미분류 - 미분류,승용,남,19세,경상,,,,
2016111300100049,2016년 11월 13일 02시,일요일,인천광역시 서구 금곡동,경상사고,0,0,3,0,차대차 - 추돌,안전운전불이행,습기,비,단일로 - 기타,승용,남,47세,상해없음,승용,남,69세,경상
2016111300100076,2016년 11월 13일 05시,일요일,인천광역시 남동구 간석동,경상사고,0,0,1,0,차대차 - 추돌,안전운전불이행,건조,맑음,단일로 - 기타,승용,여,30세,기타불명,승용,남,33세,경상
2016111300100077,2016년 11월 13일 05시,일요일,인천광역시 부평구 삼산동,경상사고,0,0,1,0,차대차 - 추돌,안전운전불이행,건조,맑음,교차로 - 교차로부근,승용,여,38세,상해없음,승용,남,69세,경상
2016111300100102,2016년 11월 13일 07시,일요일,인천광역시 남동구 만수동,경상사고,0,0,3,0,차대차 - 측면충돌,신호위반,건조,맑음,교차로 - 교차로안,승용,남,71세,상해없음,승용,여,36세,경상
2016111300100169,2016년 11월 13일 10시,일요일,인천광역시 계양구 용종동,경상사고,0,0,4,0,차대차 - 정면충돌,안전거리미확보,건조,맑음,단일로 - 기타,승용,남,53세,상해없음,승용,남,48세,상해없음
2016111300100237,2016년 11월 13일 13시,일요일,인천광역시 남동구 장수동,중상사고,0,3,0,0,차대차 - 추돌,안전운전불이행,건조,맑음,단일로 - 기타,승용,남,25세,상해없음,승용,남,52세,중상
2016111300100259,2016년 11월 13일 14시,일요일,인천광역시 강화군 화도면,중상사고,0,1,0,0,차대사람 - 길가장자리구역통행중,안전운전불이행,기타,맑음,기타 - 기타,이륜,남,57세,상해없음,보행자,여,61세,중상
2016111300100290,2016년 11월 13일 15시,일요일,인천광역시 남동구 구월동,경상사고,0,0,2,0,차대차 - 측면직각충돌,안전운전불이행,건조,맑음,단일로 - 횡단보도상,승용,남,28세,경상,원동기,남,23세,경상
2016111300100314,2016년 11월 13일 16시,일요일,인천광역시 연수구 동춘동,중상사고,0,1,2,0,차대차 - 측면충돌,안전거리미확보,건조,맑음,단일로 - 기타,승용,남,58세,상해없음,승용,남,59세,중상
2016111300100354,2016년 11월 13일 17시,일요일,인천광역시 부평구 십정동,경상사고,0,0,2,0,차대차 - 추돌,안전거리미확보,건조,맑음,단일로 - 기타,승용,남,26세,상해없음,승용,남,30세,경상
2016111300100404,2016년 11월 13일 18시,일요일,인천광역시 중구 신흥동3가,경상사고,0,0,1,0,차대사람 - 횡단중,안전운전불이행,건조,맑음,단일로 - 기타,승용,여,43세,상해없음,보행자,남,62세,경상
2016111300100405,2016년 11월 13일 18시,일요일,인천광역시 남동구 간석동,경상사고,0,0,1,0,차대차 - 측면직각충돌,안전운전불이행,건조,맑음,단일로 - 기타,승용,남,51세,상해없음,승용,여,53세,경상
2016111300100406,2016년 11월 13일 18시,일요일,인천광역시 남동구 만수동,중상사고,0,1,0,0,차대차 - 정면충돌,중앙선침범,건조,맑음,단일로 - 기타,승용,남,30세,상해없음,승용,남,60세,중상
2016111300100407,2016년 11월 13일 18시,일요일,인천광역시 남동구 간석동,경상사고,0,0,1,0,차대차 - 측면직각충돌,안전거리미확보,건조,맑음,교차로 - 교차로부근,승용,남,82세,상해없음,승용,남,38세,상해없음
2016111300100408,2016년 11월 13일 18시,일요일,인천광역시 남동구 만수동,경상사고,0,0,1,0,차량단독 - 공작물충돌,안전운전불이행,건조,맑음,교차로 - 교차로안,승합,남,61세,상해없음,,,,
2016111300100409,2016년 11월 13일 18시,일요일,인천광역시 부평구 부평동,중상사고,0,1,0,0,차대차 - 추돌,안전운전불이행,건조,맑음,단일로 - 기타,승용,남,48세,상해없음,승합,남,64세,중상
2016111300100441,2016년 11월 13일 19시,일요일,인천광역시 부평구 부평동,경상사고,0,0,2,0,차대차 - 기타,차로위반,건조,맑음,단일로 - 기타,이륜,남,18세,상해없음,승용,남,25세,경상
2016111300100442,2016년 11월 13일 19시,일요일,인천광역시 부평구 부평동,중상사고,0,1,0,0,차대차 - 정면충돌,중앙선침범,건조,맑음,단일로 - 기타,승용,여,52세,상해없음,이륜,남,23세,중상
2016111300100443,2016년 11월 13일 19시,일요일,인천광역시 남동구 구월동,중상사고,0,1,1,0,차대차 - 기타,신호위반,건조,맑음,교차로 - 교차로안,승용,여,63세,경상,이륜,남,55세,중상
2016111300100506,2016년 11월 13일 21시,일요일,인천광역시 부평구 삼산동,중상사고,0,1,0,0,차대차 - 측면직각충돌,신호위반,건조,맑음,교차로 - 교차로부근,승용,남,40세,상해없음,이륜,여,54세,중상
2016111300100527,2016년 11월 13일 22시,일요일,인천광역시 부평구 부평동,경상사고,0,0,1,0,차대차 - 기타,안전운전불이행,건조,맑음,교차로 - 교차로안,승합,남,62세,상해없음,승용,남,60세,경상
2016111400100015,2016년 11월 14일 01시,월요일,인천광역시 남구 용현동,경상사고,0,0,2,0,차대차 - 측면직각충돌,안전운전불이행,건조,맑음,교차로 - 교차로안,승용,여,32세,상해없음,승용,남,60세,경상
2016111400100031,2016년 11월 14일 04시,월요일,인천광역시 남동구 도림동,경상사고,0,0,1,0,차대차 - 추돌,안전운전불이행,건조,맑음,단일로 - 기타,승용,남,41세,상해없음,화물,남,43세,경상
2016111400100059,2016년 11월 14일 06시,월요일,인천광역시 남동구 만수동,부상신고사고,0,0,0,1,차대차 - 추돌,안전운전불이행,건조,맑음,단일로 - 기타,승용,남,57세,상해없음,자전거,남,53세,부상신고
2016111400100060,2016년 11월 14일 06시,월요일,인천광역시 서구 왕길동,중상사고,0,1,1,0,차량단독 - 공작물충돌,안전운전불이행,건조,맑음,교차로 - 교차로안,화물,남,37세,중상,,,,
2016111400100092,2016년 11월 14일 07시,월요일,인천광역시 부평구 부개동,경상사고,0,0,1,0,차대차 - 기타,차로위반,건조,맑음,단일로 - 기타,승용,여,47세,상해없음,승용,남,65세,경상
2016111400100093,2016년 11월 14일 07시,월요일,인천광역시 남동구 남촌동,경상사고,0,0,1,0,차대차 - 측면직각충돌,신호위반,건조,맑음,교차로 - 교차로안,승용,남,50세,상해없음,승용,남,38세,경상