사고번호,사고일시,요일,시군구,사고내용,사망자수,중상자수,경상자수,부상신고자수,사고유형,법규위반,노면상태,기상상태,도로형태,가해운전자 차종,가해운전자 성별,가해운전자 연령,가해운전자 상해정도,피해운전자 차종,피해운전자 성별,피해운전자 연령,피해운전자 상해정도
2016112400100390,2016년 11월 24일 15시,목요일,인천광역시 서구 석남동,경상사고,0,0,1,0,차대차 - 측면충돌,안전운전불이행,건조,맑음,교차로 - 교차로안,기타불명,기타불명,기타불명,기타불명,자전거,여,49세,경상
2016112400100467,2016년 11월 24일 17시,목요일,인천광역시 남동구 수산동,중상사고,0,1,0,0,차대차 - 정면충돌,중앙선침범,건조,맑음,기타 - 기타,승용,남,64세,상해없음,이륜,남,64세,중상
2016112400100468,2016년 11월 24일 17시,목요일,인천광역시 남동구 장수동,경상사고,0,0,1,0,차대차 - 추돌,안전운전불이행,건조,맑음,단일로 - 기타,화물,남,53세,상해없음,승용,남,28세,경상
2016112400100469,2016년 11월 24일 17시,목요일,인천광역시 남동구 구월동,경상사고,0,0,1,0,차대차 - 기타,안전운전불이행,건조,맑음,기타 - 기타,승용,여,34세,상해없음,승용,여,50세,상해없음
2016112400100470,2016년 11월 24일 17시,목요일,인천광역시 계양구 효성동,경상사고,0,0,1,0,차대차 - 추돌,안전운전불이행,건조,맑음,단일로 - 기타,승용,여,54세,상해없음,승용,남,51세,경상
2016112400100522,2016년 11월 24일 18시,목요일,인천광역시 연수구 청학동,중상사고,0,1,0,0,차대사람 - 횡단중,보행자보호의무위반,건조,맑음,교차로 - 교차로부근,승용,여,52세,상해없음,보행자,남,62세,중상
2016112400100622,2016년 11월 24일 21시,목요일,인천광역시 남동구 만수동,경상사고,0,0,1,0,차대사람 - 기타,보행자보호의무위반,건조,맑음,단일로 - 횡단보도상,승용,남,20세,상해없음,보행자,남,39세,경상
2016112400100623,2016년 11월 24일 21시,목요일,인천광역시 계양구 작전동,경상사고,0,0,1,0,차대차 - 추돌,안전운전불이행,건조,맑음,단일로 - 기타,승용,남,25세,상해없음,승용,남,37세,경상
2016112400100650,2016년 11월 24일 22시,목요일,인천광역시 서구 가좌동,경상사고,0,0,2,0,차대차 - 측면충돌,안전거리미확보,건조,맑음,단일로 - 기타,승용,남,36세,상해없음,승용,남,54세,경상
2016112400100676,2016년 11월 24일 23시,목요일,인천광역시 남동구 논현동,경상사고,0,0,4,0,차대차 - 기타,안전운전불이행,건조,맑음,단일로 - 기타,승용,남,27세,경상,승용,남,54세,경상
2016112500100013,2016년 11월 25일 00시,금요일,인천광역시 남동구 만수동,경상사고,0,0,2,0,차대차 - 추돌,안전거리미확보,건조,맑음,단일로 - 기타,승용,남,35세,상해없음,승용,남,48세,경상
2016112500100026,2016년 11월 25일 01시,금요일,인천광역시 남동구 구월동,경상사고,0,0,1,0,차대차 - 기타,신호위반,건조,맑음,단일로 - 기타,승용,여,51세,상해없음,이륜,남,26세,경상
2016112500100065,2016년 11월 25일 05시,금요일,인천광역시 연수구 송도동,경상사고,0,0,1,0,차대차 - 측면직각충돌,신호위반,건조,맑음,교차로 - 교차로안,승용,여,60세,상해없음,승용,남,38세,경상
2016112500100100,2016년 11월 25일 07시,금요일,인천광역시 서구 가좌동,경상사고,0,0,1,0,차대사람 - 기타,안전운전불이행,건조,맑음,단일로 - 기타,승합,남,61세,기타불명,보행자,여,73세,경상
2016112500100137,2016년 11월 25일 08시,금요일,인천광역시 서구 가좌동,경상사고,0,0,1,0,차대사람 - 횡단중,안전운전불이행,건조,맑음,교차로 - 교차로안,승용,남,58세,상해없음,보행자,여,44세,경상
2016112500100138,2016년 11월 25일 08시,금요일,인천광역시 부평구 갈산동,경상사고,0,0,1,0,차대차 - 측면직각충돌,안전운전불이행,건조,맑음,단일로 - 기타,화물,남,55세,기타불명,승용,여,48세,경상
2016112500100185,2016년 11월 25일 10시,금요일,인천광역시 남구 주안동,중상사고,0,1,0,0,차대사람 - 횡단중,안전운전불이행,건조,맑음,단일로 - 기타,승용,남,61세,상해없음,보행자,여,72세,중상
2016112500100212,2016년 11월 25일 11시,금요일,인천광역시 계양구 작전동,경상사고,0,0,1,0,차대차 - 기타,안전운전불이행,건조,맑음,단일로 - 기타,승용,남,82세,상해없음,승용,남,27세,경상
2016112500100246,2016년 11월 25일 12시,금요일,인천광역시 연수구 연수동,경상사고,0,0,1,0,차대사람 - 기타,기타,건조,맑음,단일로 - 기타,승합,남,42세,상해없음,보행자,여,32세,경상
2016112500100311,2016년 11월 25일 14시,금요일,인천광역시 남구 주안동,경상사고,0,0,1,0,차량단독 - 기타,안전운전불이행,건조,맑음,단일로 - 기타,승용,남,56세,상해없음,,,,
2016112500100312,2016년 11월 25일 14시,금요일,인천광역시 서구 원창동,중상사고,0,1,0,0,차대차 - 측면충돌,안전운전불이행,건조,맑음,교차로 - 교차로부근,승용,남,46세,상해없음,이륜,남,20세,중상
2016112500100313,2016년 11월 25일 14시,금요일,인천광역시 서구 오류동,경상사고,0,0,1,0,차대차 - 기타,안전운전불이행,건조,맑음,단일로 - 기타,화물,남,38세,상해없음,화물,남,51세,경상
2016112500100345,2016년 11월 25일 15시,금요일,인천광역시 남동구 구월동,경상사고,0,0,2,0,차대차 - 측면직각충돌,안전운전불이행,건조,맑음,교차로 - 교차로부근,승용,남,35세,경상,승용,여,33세,경상
2016112500100346,2016년 11월 25일 15시,금요일,인천광역시 연수구 청학동,경상사고,0,0,1,0,차대사람 - 횡단중,보행자보호의무위반,건조,맑음,교차로 - 교차로안,승용,여,56세,상해없음,보행자,남,67세,경상
2016112500100440,2016년 11월 25일 17시,금요일,인천광역시 남동구 구월동,경상사고,0,0,1,0,차대차 - 측면충돌,안전운전불이행,건조,맑음,단일로 - 기타,승용,남,44세,기타불명,승용,남,38세,경상
2016112500100441,2016년 11월 25일 17시,금요일,인천광역시 서구 가좌동,경상사고,0,0,1,0,차대차 - 기타,중앙선침범,건조,맑음,단일로 - 기타,자전거,남,45세,경상,승합,남,45세,상해없음
2016112500100490,2016년 11월 25일 18시,금요일,인천광역시 남동구 만수동,경상사고,0,0,1,0,차대사람 - 길가장자리구역통행중,안전운전불이행,건조,맑음,단일로 - 기타,승용,남,43세,상해없음,보행자,남,29세,경상
2016112500100544,2016년 11월 25일 19시,금요일,인천광역시 남동구 간석동,경상사고,0,0,1,0,차대사람 - 길가장자리구역통행중,안전운전불이행,건조,맑음,단일로 - 기타,승용,남,57세,상해없음,보행자,남,53세,경상
2016112500100580,2016년 11월 25일 20시,금요일,인천광역시 남동구 간석동,경상사고,0,0,1,0,차대차 - 기타,안전운전불이행,건조,맑음,교차로 - 교차로안,화물,남,43세,상해없음,승용,남,53세,상해없음
2016112500100581,2016년 11월 25일 20시,금요일,인천광역시 남동구 고잔동,경상사고,0,0,1,0,차대차 - 추돌,안전운전불이행,건조,맑음,단일로 - 기타,승용,여,42세,상해없음,승용,남,35세,경상
2016112500100626,2016년 11월 25일 21시,금요일,인천광역시 부평구 부개동,경상사고,0,0,1,1,차대차 - 측면직각충돌,안전운전불이행,건조,맑음,단일로 - 기타,승용,남,15세,상해없음,승용,남,68세,경상
2016112500100670,2016년 11월 25일 22시,금요일,인천광역시 연수구 송도동,경상사고,0,0,1,1,차대차 - 기타,신호위반,건조,맑음,교차로 - 교차로안,승합,남,75세,상해없음,승용,남,30세,경상
2016112600100024,2016년 11월 26일 00시,토요일,인천광역시 남구 주안동,경상사고,0,0,1,0,차대차 - 측면충돌,기타,건조,맑음,교차로 - 교차로부근,승용,남,30세,상해없음,승용,남,62세,경상
2016112600100046,2016년 11월 26일 01시,토요일,인천광역시 부평구 부평동,경상사고,0,0,1,0,차대차 - 추돌,안전운전불이행,건조,맑음,단일로 - 기타,승용,남,49세,상해없음,승용,남,22세,경상
2016112600100047,2016년 11월 26일 01시,토요일,인천광역시 남동구 구월동,중상사고,0,1,2,1,차대차 - 측면직각충돌,신호위반,건조,맑음,교차로 - 교차로안,승용,여,47세,상해없음,승용,여,66세,경상
2016112600100048,2016년 11월 26일 01시,토요일,인천광역시 남동구 간석동,경상사고,0,0,6,0,차대차 - 추돌,안전운전불이행,건조,맑음,기타 - 기타,승용,남,57세,상해없음,승합,남,41세,상해없음
2016112600100064,2016년 11월 26일 02시,토요일,인천광역시 남동구 간석동,경상사고,0,0,2,0,차대차 - 추돌,교차로운행방법위반,건조,맑음,교차로 - 교차로안,승용,남,56세,상해없음,승용,남,31세,경상
2016112600100081,2016년 11월 26일 03시,토요일,인천광역시 연수구 옥련동,중상사고,0,1,1,0,차대차 - 정면충돌,신호위반,건조,맑음,교차로 - 교차로안,승용,남,26세,상해없음,승용,남,38세,중상
2016112600100088,2016년 11월 26일 04시,토요일,인천광역시 부평구 부평동,중상사고,0,2,1,0,차대차 - 측면직각충돌,안전운전불이행,건조,맑음,교차로 - 교차로안,승용,남,25세,상해없음,승용,남,51세,경상
2016112600100145,2016년 11월 26일 08시,토요일,인천광역시 서구 대곡동,경상사고,0,0,1,0,차대차 - 측면직각충돌,안전운전불이행,건조,맑음,단일로 - 기타,승용,여,48세,상해없음,승용,여,28세,경상
2016112600100153,2016년 11월 26일 09시,토요일,인천광역시 남동구 논현동,경상사고,0,0,1,0,차대차 - 측면직각충돌,신호위반,건조,맑음,교차로 - 교차로안,이륜,여,69세,경상,승용,여,45세,상해없음
2016112600100181,2016년 11월 26일 10시,토요일,인천광역시 부평구 부평동,경상사고,0,0,1,0,차대사람 - 길가장자리구역통행중,안전운전불이행,건조,맑음,단일로 - 기타,화물,남,45세,상해없음,보행자,여,18세,경상
2016112600100203,2016년 11월 26일 11시,토요일,인천광역시 서구 가좌동,경상사고,0,0,1,0,차대차 - 측면충돌,중앙선침범,습기,눈,단일로 - 기타,원동기,남,59세,경상,화물,남,60세,상해없음
2016112600100230,2016년 11월 26일 12시,토요일,인천광역시 남동구 만수동,중상사고,0,1,0,0,차대차 - 측면직각충돌,교차로운행방법위반,습기,눈,교차로 - 교차로안,승용,여,34세,상해없음,승용,남,48세,중상
2016112600100231,2016년 11월 26일 12시,토요일,인천광역시 서구 가좌동,경상사고,0,0,2,0,차대차 - 기타,안전운전불이행,습기,비,교차로 - 교차로부근,승용,남,22세,상해없음,승용,여,33세,경상
2016112600100232,2016년 11월 26일 12시,토요일,인천광역시 강화군 송해면,중상사고,0,1,0,0,차대차 - 정면충돌,안전운전불이행,결빙,눈,단일로 - 기타,승용,여,34세,상해없음,원동기,남,53세,중상
2016112600100264,2016년 11월 26일 13시,토요일,인천광역시 계양구 병방동,경상사고,0,0,2,0,차대차 - 측면직각충돌,안전거리미확보,건조,맑음,단일로 - 기타,화물,남,43세,상해없음,승용,여,48세,경상
2016112600100297,2016년 11월 26일 14시,토요일,인천광역시 서구 석남동,경상사고,0,0,1,0,차대차 - 기타,신호위반,습기,비,교차로 - 교차로안,승용,남,38세,상해없음,승용,남,45세,경상
2016112600100298,2016년 11월 26일 14시,토요일,인천광역시 부평구 부평동,경상사고,0,0,2,0,차대차 - 측면직각충돌,안전거리미확보,습기,흐림,단일로 - 기타,화물,남,59세,경상,승용,남,55세,경상
2016112600100343,2016년 11월 26일 15시,토요일,인천광역시 남구 용현동,경상사고,0,0,1,0,차대차 - 추돌,안전운전불이행,건조,맑음,단일로 - 기타,승용,여,69세,상해없음,승용,여,44세,상해없음
2016112600100344,2016년 11월 26일 15시,토요일,인천광역시 부평구 부평동,경상사고,0,0,1,0,차대사람 - 기타,교차로운행방법위반,건조,맑음,교차로 - 교차로부근,화물,남,38세,상해없음,보행자,여,60세,경상
2016112600100345,2016년 11월 26일 15시,토요일,인천광역시 부평구 부평동,경상사고,0,0,6,0,차대차 - 추돌,안전운전불이행,습기,흐림,단일로 - 기타,승용,여,34세,상해없음,화물,남,58세,경상
2016112600100378,2016년 11월 26일 16시,토요일,인천광역시 남동구 간석동,중상사고,0,1,0,0,차대차 - 측면충돌,교차로운행방법위반,건조,맑음,교차로 - 교차로안,승용,여,58세,상해없음,이륜,남,40세,중상
2016112600100433,2016년 11월 26일 17시,토요일,인천광역시 남동구 만수동,경상사고,0,0,1,0,차대사람 - 횡단중,보행자보호의무위반,습기,비,단일로 - 횡단보도상,특수,남,35세,상해없음,보행자,여,29세,경상
2016112600100512,2016년 11월 26일 18시,토요일,인천광역시 부평구 부평동,중상사고,0,1,0,0,차대사람 - 횡단중,안전운전불이행,습기,흐림,교차로 - 교차로부근,승합,남,25세,상해없음,보행자,남,65세,중상
2016112600100513,2016년 11월 26일 18시,토요일,인천광역시 남동구 만수동,중상사고,0,1,2,0,차대차 - 기타,안전운전불이행,건조,맑음,교차로 - 교차로부근,승용,남,47세,상해없음,승용,남,42세,경상
2016112600100514,2016년 11월 26일 18시,토요일,인천광역시 계양구 병방동,중상사고,0,1,0,0,차대사람 - 횡단중,보행자보호의무위반,습기,흐림,교차로 - 교차로안,승용,남,64세,상해없음,보행자,여,69세,중상
2016112600100515,2016년 11월 26일 18시,토요일,인천광역시 연수구 송도동,중상사고,0,1,0,0,차대사람 - 기타,기타,습기,비,기타 - 기타,이륜,남,29세,상해없음,보행자,남,56세,중상
2016112600100516,2016년 11월 26일 18시,토요일,인천광역시 부평구 일신동,경상사고,0,0,2,0,차대차 - 기타,안전운전불이행,습기,비,단일로 - 기타,승용,남,59세,상해없음,승용,남,61세,상해없음
2016112600100586,2016년 11월 26일 19시,토요일,인천광역시 중구 신흥동3가,중상사고,0,2,4,0,차대차 - 측면직각충돌,신호위반,습기,흐림,교차로 - 교차로안,승용,남,36세,상해없음,승용,남,56세,중상
2016112600100587,2016년 11월 26일 19시,토요일,인천광역시 연수구 선학동,중상사고,0,1,0,0,차대사람 - 기타,안전운전불이행,습기,비,교차로 - 교차로부근,승용,여,53세,상해없음,보행자,여,56세,중상
2016112600100703,2016년 11월 26일 22시,토요일,인천광역시 남동구 구월동,중상사고,0,1,0,0,차대차 - 추돌,안전운전불이행,습기,비,단일로 - 기타,승용,남,40세,상해없음,승용,여,42세,상해없음
2016112600100727,2016년 11월 26일 23시,토요일,인천광역시 남동구 구월동,경상사고,0,0,2,0,차대차 - 측면직각충돌,안전운전불이행,건조,맑음,교차로 - 교차로안,승용,여,28세,상해없음,승용,남,29세,경상
2016112700100028,2016년 11월 27일 00시,일요일,인천광역시 연수구 선학동,중상사고,0,1,0,0,차대사람 - 횡단중,안전운전불이행,습기,맑음,교차로 - 교차로부근,승용,남,41세,상해없음,보행자,여,54세,중상
2016112700100109,2016년 11월 27일 06시,일요일,인천광역시 서구 가좌동,중상사고,0,1,0,0,차대차 - 추돌,안전운전불이행,건조,맑음,단일로 - 기타,승용,남,45세,상해없음,화물,남,32세,중상
2016112700100206,2016년 11월 27일 12시,일요일,인천광역시 남구 주안동,부상신고사고,0,0,0,1,차대사람 - 차도통행중,안전운전불이행,습기,기타,교차로 - 교차로부근,기타불명,기타불명,기타불명,기타불명,보행자,남,15세,부상신고
2016112700100207,2016년 11월 27일 12시,일요일,인천광역시 연수구 연수동,중상사고,0,1,0,0,차대차 - 측면직각충돌,안전운전불이행,건조,흐림,단일로 - 기타,승용,남,29세,상해없음,승용,남,52세,중상
2016112700100224,2016년 11월 27일 13시,일요일,인천광역시 동구 송현동,경상사고,0,0,2,0,차대차 - 측면직각충돌,안전거리미확보,건조,맑음,단일로 - 기타,승용,남,50세,상해없음,승용,여,41세,경상
2016112700100225,2016년 11월 27일 13시,일요일,인천광역시 남구 용현동,경상사고,0,0,1,1,차대차 - 기타,안전운전불이행,건조,맑음,단일로 - 기타,승용,남,25세,부상신고,승용,남,29세,경상
2016112700100226,2016년 11월 27일 13시,일요일,인천광역시 부평구 부평동,경상사고,0,0,3,0,차대사람 - 기타,안전운전불이행,건조,맑음,단일로 - 기타,승용,남,22세,상해없음,보행자,남,74세,경상
2016112700100227,2016년 11월 27일 13시,일요일,인천광역시 부평구 일신동,경상사고,0,0,3,0,차대차 - 측면직각충돌,안전운전불이행,건조,맑음,단일로 - 기타,승용,여,56세,상해없음,승용,여,51세,경상
2016112700100255,2016년 11월 27일 14시,일요일,인천광역시 남구 주안동,중상사고,0,1,0,0,차대차 - 기타,안전운전불이행,습기,맑음,단일로 - 기타,이륜,남,32세,중상,승용,남,47세,상해없음
2016112700100256,2016년 11월 27일 14시,일요일,인천광역시 남구 도화동,경상사고,0,0,2,0,차대차 - 측면충돌,안전운전불이행,건조,맑음,단일로 - 기타,승용,남,33세,상해없음,승용,남,38세,경상
2016112700100291,2016년 11월 27일 15시,일요일,인천광역시 서구 마전동,경상사고,0,0,1,1,차대차 - 측면충돌,직진우회전진행방해,건조,맑음,교차로 - 교차로안,승용,여,46세,상해없음,승용,여,45세,경상
2016112700100292,2016년 11월 27일 15시,일요일,인천광역시 서구 가정동,중상사고,0,1,1,0,차대차 - 기타,안전운전불이행,건조,맑음,단일로 - 기타,승용,남,63세,상해없음,화물,남,49세,경상
2016112700100293,2016년 11월 27일 15시,일요일,인천광역시 서구 석남동,경상사고,0,0,1,0,차대차 - 기타,안전운전불이행,건조,맑음,단일로 - 기타,승용,남,63세,상해없음,승용,남,33세,경상
2016112700100294,2016년 11월 27일 15시,일요일,인천광역시 강화군 화도면,경상사고,0,0,1,0,차대차 - 측면충돌,안전운전불이행,건조,맑음,교차로 - 교차로안,승용,남,33세,상해없음,화물,남,63세,경상
2016112700100347,2016년 11월 27일 17시,일요일,인천광역시 부평구 구산동,중상사고,0,2,0,0,차대차 - 추돌,안전운전불이행,건조,맑음,단일로 - 교량,승용,남,58세,상해없음,승용,남,42세,중상
2016112700100386,2016년 11월 27일 18시,일요일,인천광역시 남구 주안동,중상사고,0,1,0,0,차대사람 - 차도통행중,안전운전불이행,건조,맑음,단일로 - 기타,승용,여,18세,상해없음,보행자,여,73세,중상
2016112700100446,2016년 11월 27일 20시,일요일,인천광역시 부평구 산곡동,중상사고,0,1,0,0,차대차 - 측면직각충돌,신호위반,건조,맑음,교차로 - 교차로부근,원동기,남,19세,상해없음,원동기,남,54세,중상
2016112700100447,2016년 11월 27일 20시,일요일,인천광역시 부평구 청천동,경상사고,0,0,1,0,차대차 - 측면직각충돌,안전운전불이행,건조,흐림,단일로 - 기타,기타불명,기타불명,기타불명,기타불명,이륜,남,17세,경상
2016112700100448,2016년 11월 27일 20시,일요일,인천광역시 서구 가정동,중상사고,0,1,0,0,차대차 - 기타,안전운전불이행,습기,흐림,단일로 - 횡단보도부근,승용,남,44세,상해없음,승용,남,33세,중상
2016112700100449,2016년 11월 27일 20시,일요일,인천광역시 부평구 삼산동,경상사고,0,0,1,0,차대차 - 기타,신호위반,건조,맑음,교차로 - 교차로부근,기타불명,기타불명,기타불명,기타불명,승용,남,44세,기타불명
2016112700100481,2016년 11월 27일 22시,일요일,인천광역시 부평구 부개동,중상사고,0,1,0,0,차대사람 - 횡단중,안전운전불이행,건조,맑음,단일로 - 횡단보도상,이륜,남,25세,상해없음,보행자,여,72세,중상
2016112800100019,2016년 11월 28일 02시,월요일,인천광역시 부평구 부평동,사망사고,1,0,0,0,차대차 - 측면직각충돌,신호위반,건조,맑음,교차로 - 교차로안,이륜,남,30세,사망,승용,남,37세,상해없음
2016112800100024,2016년 11월 28일 03시,월요일,인천광역시 남구 주안동,경상사고,0,0,3,0,차대차 - 측면직각충돌,안전운전불이행,건조,맑음,교차로 - 교차로부근,승용,남,26세,상해없음,승용,남,69세,경상
2016112800100066,2016년 11월 28일 06시,월요일,인천광역시 남동구 도림동,경상사고,0,0,2,0,차대차 - 측면직각충돌,중앙선침범,건조,맑음,단일로 - 기타,승용,남,53세,상해없음,승용,남,53세,경상
2016112800100067,2016년 11월 28일 06시,월요일,인천광역시 남동구 만수동,중상사고,0,1,0,0,차대차 - 측면직각충돌,안전운전불이행,건조,맑음,교차로 - 교차로안,승용,남,29세,상해없음,승용,여,59세,중상
2016112800100142,2016년 11월 28일 08시,월요일,인천광역시 부평구 산곡동,경상사고,0,0,2,0,차대차 - 측면직각충돌,안전거리미확보,건조,맑음,단일로 - 기타,승용,여,29세,경상,승용,남,58세,경상
2016112800100143,2016년 11월 28일 08시,월요일,인천광역시 서구 왕길동,경상사고,0,0,1,0,차대차 - 측면충돌,신호위반,건조,맑음,교차로 - 교차로안,승용,여,54세,상해없음,승용,남,52세,경상
2016112800100144,2016년 11월 28일 08시,월요일,인천광역시 서구 연희동,경상사고,0,0,1,0,차대차 - 기타,안전운전불이행,건조,맑음,교차로 - 교차로안,승용,남,52세,상해없음,승용,여,34세,경상
2016112800100145,2016년 11월 28일 08시,월요일,인천광역시 계양구 계산동,중상사고,0,1,1,0,차대차 - 추돌,안전운전불이행,건조,맑음,단일로 - 기타,승용,남,40세,중상,승용,여,62세,경상
2016112800100182,2016년 11월 28일 09시,월요일,인천광역시 서구 신현동,경상사고,0,0,1,0,차대사람 - 횡단중,보행자보호의무위반,건조,맑음,교차로 - 교차로안,승용,여,57세,상해없음,보행자,여,48세,경상
2016112800100183,2016년 11월 28일 09시,월요일,인천광역시 서구 왕길동,경상사고,0,0,1,0,차대차 - 측면충돌,신호위반,건조,맑음,교차로 - 교차로안,승용,남,21세,상해없음,승용,남,50세,경상
2016112800100225,2016년 11월 28일 10시,월요일,인천광역시 중구 인현동,경상사고,0,0,2,0,차대차 - 추돌,안전운전불이행,건조,맑음,단일로 - 기타,이륜,기타불명,기타불명,기타불명,승용,남,28세,경상
2016112800100254,2016년 11월 28일 11시,월요일,인천광역시 남구 학익동,중상사고,0,1,0,0,차대차 - 측면직각충돌,신호위반,건조,맑음,교차로 - 교차로안,이륜,남,65세,중상,승용,남,66세,상해없음
2016112800100255,2016년 11월 28일 11시,월요일,인천광역시 서구 왕길동,중상사고,0,1,0,0,차대차 - 기타,안전운전불이행,건조,맑음,교차로 - 교차로안,승용,여,59세,상해없음,이륜,남,41세,중상
2016112800100256,2016년 11월 28일 11시,월요일,인천광역시 계양구 계산동,중상사고,0,1,0,0,차대차 - 기타,안전운전불이행,건조,맑음,단일로 - 기타,화물,남,56세,상해없음,자전거,여,53세,중상
2016112800100285,2016년 11월 28일 12시,월요일,인천광역시 남동구 구월동,경상사고,0,0,1,0,차대차 - 추돌,안전운전불이행,건조,맑음,단일로 - 기타,화물,남,56세,상해없음,승용,여,55세,경상
2016112800100286,2016년 11월 28일 12시,월요일,인천광역시 부평구 부개동,경상사고,0,0,1,0,차대차 - 추돌,안전운전불이행,건조,맑음,교차로 - 교차로부근,승용,여,47세,상해없음,이륜,남,41세,경상
2016112800100319,2016년 11월 28일 13시,월요일,인천광역시 중구 운서동,경상사고,0,0,1,0,차대차 - 추돌,안전운전불이행,건조,맑음,단일로 - 기타,승용,남,36세,상해없음,승용,여,44세,경상
2016112800100320,2016년 11월 28일 13시,월요일,인천광역시 부평구 삼산동,중상사고,0,1,4,0,차대차 - 추돌,안전운전불이행,건조,맑음,교차로 - 교차로부근,화물,남,28세,상해없음,승용,남,33세,경상
2016112800100430,2016년 11월 28일 16시,월요일,인천광역시 부평구 구산동,중상사고,0,1,0,0,차대차 - 기타,교차로운행방법위반,건조,맑음,교차로 - 교차로부근,원동기,남,48세,상해없음,원동기,남,27세,중상
2016112800100535,2016년 11월 28일 18시,월요일,인천광역시 동구 송현동,경상사고,0,0,1,0,차대차 - 기타,안전거리미확보,건조,맑음,교차로 - 교차로안,승용,남,64세,상해없음,승용,남,46세,경상
2016112800100638,2016년 11월 28일 21시,월요일,인천광역시 부평구 부평동,경상사고,0,0,2,0,차대차 - 측면직각충돌,안전거리미확보,건조,맑음,단일로 - 기타,승합,남,57세,상해없음,승용,남,28세,경상
2016112800100682,2016년 11월 28일 23시,월요일,인천광역시 남구 숭의동,경상사고,0,0,3,0,차대차 - 측면직각충돌,신호위반,건조,맑음,교차로 - 교차로안,승용,남,67세,상해없음,승용,여,47세,경상
2016112900100064,2016년 11월 29일 06시,화요일,인천광역시 부평구 청천동,경상사고,0,0,1,0,차대차 - 측면직각충돌,신호위반,건조,맑음,교차로 - 교차로안,화물,남,63세,상해없음,승용,남,30세,경상
2016112900100088,2016년 11월 29일 07시,화요일,인천광역시 남동구 고잔동,중상사고,0,1,0,0,차대차 - 측면직각충돌,안전거리미확보,건조,맑음,기타 - 기타,건설기계,남,40세,상해없음,승용,남,58세,중상
2016112900100089,2016년 11월 29일 07시,화요일,인천광역시 계양구 병방동,중상사고,0,1,0,0,차대사람 - 횡단중,안전운전불이행,건조,맑음,교차로 - 교차로부근,승합,남,40세,상해없음,보행자,여,66세,중상
2016112900100139,2016년 11월 29일 08시,화요일,인천광역시 남동구 간석동,사망사고,1,0,1,0,차대사람 - 기타,기타,건조,맑음,단일로 - 횡단보도상,화물,남,53세,상해없음,보행자,여,35세,경상
2016112900100140,2016년 11월 29일 08시,화요일,인천광역시 서구 경서동,경상사고,0,0,1,0,차대차 - 측면충돌,교차로운행방법위반,건조,맑음,교차로 - 교차로안,화물,남,64세,상해없음,승용,남,32세,경상
2016112900100141,2016년 11월 29일 08시,화요일,인천광역시 강화군 강화읍,경상사고,0,0,1,0,차대차 - 추돌,안전운전불이행,건조,맑음,교차로 - 교차로부근,승용,남,74세,상해없음,승용,남,57세,경상
2016112900100142,2016년 11월 29일 08시,화요일,인천광역시 연수구 연수동,경상사고,0,0,1,0,차대사람 - 횡단중,안전운전불이행,건조,맑음,단일로 - 기타,기타불명,기타불명,기타불명,기타불명,보행자,여,17세,경상
2016112900100143,2016년 11월 29일 08시,화요일,인천광역시 부평구 부평동,경상사고,0,0,2,0,차대차 - 측면직각충돌,안전운전불이행,건조,맑음,단일로 - 기타,승용,남,58세,상해없음,승용,남,24세,경상
2016112900100184,2016년 11월 29일 09시,화요일,인천광역시 부평구 삼산동,중상사고,0,3,2,0,차대차 - 기타,안전운전불이행,건조,맑음,단일로 - 기타,승용,여,44세,상해없음,승합,남,39세,상해없음
2016112900100211,2016년 11월 29일 10시,화요일,인천광역시 서구 가좌동,중상사고,0,1,1,0,차대차 - 추돌,안전운전불이행,건조,맑음,교차로 - 교차로안,화물,남,36세,경상,승용,남,68세,중상
2016112900100212,2016년 11월 29일 10시,화요일,인천광역시 부평구 부개동,경상사고,0,0,1,0,차대차 - 측면직각충돌,안전운전불이행,건조,맑음,교차로 - 교차로안,승용,여,57세,상해없음,승용,여,26세,경상
2016112900100238,2016년 11월 29일 11시,화요일,인천광역시 연수구 선학동,경상사고,0,0,1,0,차대차 - 추돌,안전운전불이행,건조,맑음,단일로 - 기타,승용,남,34세,상해없음,승용,여,39세,경상
2016112900100269,2016년 11월 29일 12시,화요일,인천광역시 남동구 간석동,경상사고,0,0,1,0,차대차 - 측면직각충돌,교차로운행방법위반,건조,맑음,교차로 - 교차로안,승용,여,60세,상해없음,승용,남,64세,경상
2016112900100301,2016년 11월 29일 13시,화요일,인천광역시 서구 마전동,중상사고,0,1,0,0,차대사람 - 횡단중,보행자보호의무위반,건조,맑음,교차로 - 교차로안,승용,여,35세,상해없음,보행자,여,62세,중상
2016112900100302,2016년 11월 29일 13시,화요일,인천광역시 부평구 부개동,경상사고,0,0,1,0,차대차 - 기타,안전운전불이행,건조,맑음,단일로 - 기타,승용,남,58세,상해없음,승용,남,56세,상해없음
2016112900100404,2016년 11월 29일 16시,화요일,인천광역시 동구 송림동,중상사고,0,1,0,0,차대사람 - 횡단중,안전운전불이행,건조,맑음,단일로 - 횡단보도상,화물,남,62세,기타불명,보행자,여,9세,중상