사고번호,사고일시,요일,시군구,사고내용,사망자수,중상자수,경상자수,부상신고자수,사고유형,법규위반,노면상태,기상상태,도로형태,가해운전자 차종,가해운전자 성별,가해운전자 연령,가해운전자 상해정도,피해운전자 차종,피해운전자 성별,피해운전자 연령,피해운전자 상해정도
2016120400100233,2016년 12월 4일 15시,일요일,인천광역시 계양구 계산동,경상사고,0,0,3,0,차대차 - 기타,안전운전불이행,건조,맑음,단일로 - 기타,승용,여,43세,상해없음,승용,남,29세,경상
2016120400100262,2016년 12월 4일 16시,일요일,인천광역시 남동구 논현동,경상사고,0,0,3,0,차대차 - 측면직각충돌,안전운전불이행,건조,맑음,교차로 - 교차로안,승합,남,33세,상해없음,승용,여,26세,경상
2016120400100294,2016년 12월 4일 17시,일요일,인천광역시 남동구 만수동,중상사고,0,1,0,0,차대사람 - 차도통행중,안전운전불이행,건조,흐림,단일로 - 기타,승용,여,32세,상해없음,보행자,남,52세,중상
2016120400100357,2016년 12월 4일 19시,일요일,인천광역시 남동구 만수동,경상사고,0,0,1,0,차대차 - 추돌,안전거리미확보,건조,맑음,단일로 - 기타,승용,남,48세,상해없음,승용,남,43세,경상
2016120400100397,2016년 12월 4일 21시,일요일,인천광역시 서구 연희동,경상사고,0,0,3,0,차대차 - 측면충돌,신호위반,건조,맑음,교차로 - 교차로안,이륜,남,16세,상해없음,승용,남,28세,경상
2016120400100421,2016년 12월 4일 23시,일요일,인천광역시 남동구 만수동,경상사고,0,0,1,0,차대차 - 기타,안전운전불이행,건조,맑음,단일로 - 기타,승용,남,24세,상해없음,승용,남,45세,경상
2016120500100032,2016년 12월 5일 04시,월요일,인천광역시 남동구 간석동,경상사고,0,0,3,0,차대차 - 추돌,안전운전불이행,습기,흐림,단일로 - 기타,승용,여,33세,상해없음,승합,남,20세,경상
2016120500100137,2016년 12월 5일 08시,월요일,인천광역시 남구 숭의동,중상사고,0,1,0,0,차대사람 - 기타,보행자보호의무위반,건조,맑음,교차로 - 교차로부근,승용,여,46세,상해없음,보행자,남,40세,중상
2016120500100138,2016년 12월 5일 08시,월요일,인천광역시 서구 석남동,중상사고,0,1,0,0,차대차 - 기타,안전운전불이행,습기,흐림,단일로 - 기타,자전거,기타불명,기타불명,기타불명,이륜,남,56세,중상
2016120500100139,2016년 12월 5일 08시,월요일,인천광역시 연수구 동춘동,중상사고,0,1,0,0,차대차 - 기타,안전거리미확보,건조,맑음,단일로 - 기타,기타불명,기타불명,기타불명,기타불명,자전거,여,24세,중상
2016120500100160,2016년 12월 5일 09시,월요일,인천광역시 중구 내동,중상사고,0,1,1,0,차대차 - 측면직각충돌,신호위반,건조,맑음,교차로 - 교차로안,승용,여,51세,상해없음,승용,여,56세,중상
2016120500100161,2016년 12월 5일 09시,월요일,인천광역시 서구 원창동,경상사고,0,0,1,0,차대차 - 측면충돌,신호위반,습기,안개,교차로 - 교차로안,승용,남,43세,상해없음,승용,남,71세,경상
2016120500100275,2016년 12월 5일 13시,월요일,인천광역시 부평구 부평동,경상사고,0,0,1,0,차대차 - 측면직각충돌,안전운전불이행,건조,맑음,교차로 - 교차로부근,승합,남,60세,상해없음,승용,남,31세,경상
2016120500100297,2016년 12월 5일 14시,월요일,인천광역시 남동구 구월동,경상사고,0,0,2,0,차대차 - 측면직각충돌,안전운전불이행,건조,맑음,기타 - 기타,승합,여,56세,상해없음,승용,남,47세,경상
2016120500100315,2016년 12월 5일 15시,월요일,인천광역시 동구 창영동,경상사고,0,0,1,0,차량단독 - 공작물충돌,안전운전불이행,건조,맑음,단일로 - 기타,승합,남,58세,상해없음,,,,
2016120500100316,2016년 12월 5일 15시,월요일,인천광역시 남동구 장수동,경상사고,0,0,1,0,차대차 - 기타,차로위반,건조,맑음,단일로 - 기타,화물,남,54세,상해없음,승용,남,24세,경상
2016120500100486,2016년 12월 5일 19시,월요일,인천광역시 부평구 부개동,경상사고,0,0,1,0,차대차 - 측면충돌,안전운전불이행,건조,맑음,단일로 - 기타,승합,남,59세,상해없음,자전거,여,50세,경상
2016120500100521,2016년 12월 5일 20시,월요일,인천광역시 부평구 십정동,중상사고,0,1,0,0,차대사람 - 기타,기타,건조,맑음,교차로 - 교차로부근,특수,남,35세,상해없음,보행자,여,3세,중상
2016120500100522,2016년 12월 5일 20시,월요일,인천광역시 계양구 장기동,경상사고,0,0,1,0,차대차 - 측면직각충돌,안전운전불이행,건조,맑음,교차로 - 교차로부근,승용,남,22세,상해없음,승용,남,32세,경상
2016120500100550,2016년 12월 5일 21시,월요일,인천광역시 연수구 옥련동,경상사고,0,0,2,0,차대차 - 기타,안전운전불이행,건조,맑음,단일로 - 기타,승용,남,24세,상해없음,승용,여,46세,경상
2016120500100575,2016년 12월 5일 22시,월요일,인천광역시 남구 주안동,경상사고,0,0,1,0,차대차 - 측면직각충돌,신호위반,건조,맑음,교차로 - 교차로부근,이륜,남,15세,경상,승용,남,35세,상해없음
2016120500100576,2016년 12월 5일 22시,월요일,인천광역시 부평구 청천동,중상사고,0,1,0,0,차대차 - 측면충돌,안전운전불이행,건조,맑음,교차로 - 교차로안,승용,남,42세,상해없음,화물,남,48세,중상
2016120500100577,2016년 12월 5일 22시,월요일,인천광역시 남동구 서창동,경상사고,0,0,1,0,차대차 - 추돌,안전운전불이행,건조,맑음,단일로 - 기타,승용,남,23세,상해없음,승용,남,55세,경상
2016120600100022,2016년 12월 6일 01시,화요일,인천광역시 부평구 산곡동,중상사고,0,1,0,0,차대사람 - 횡단중,안전운전불이행,건조,맑음,단일로 - 기타,승용,남,56세,상해없음,보행자,남,46세,중상
2016120600100037,2016년 12월 6일 03시,화요일,인천광역시 부평구 산곡동,경상사고,0,0,3,0,차대차 - 기타,안전운전불이행,건조,맑음,교차로 - 교차로부근,승용,남,38세,상해없음,승용,남,51세,경상
2016120600100116,2016년 12월 6일 08시,화요일,인천광역시 남구 문학동,경상사고,0,0,2,0,차대차 - 측면직각충돌,안전운전불이행,건조,맑음,교차로 - 교차로안,승용,여,53세,경상,승용,남,27세,상해없음
2016120600100117,2016년 12월 6일 08시,화요일,인천광역시 남동구 고잔동,경상사고,0,0,1,0,차대차 - 추돌,안전운전불이행,건조,맑음,교차로 - 교차로부근,승용,여,45세,상해없음,승용,남,38세,경상
2016120600100118,2016년 12월 6일 08시,화요일,인천광역시 남동구 고잔동,경상사고,0,0,1,0,차대차 - 기타,교차로운행방법위반,건조,맑음,교차로 - 교차로부근,승용,남,43세,상해없음,승용,여,43세,경상
2016120600100142,2016년 12월 6일 09시,화요일,인천광역시 서구 검암동,경상사고,0,0,1,0,차대차 - 측면충돌,신호위반,건조,맑음,단일로 - 기타,승용,남,63세,상해없음,이륜,남,36세,경상
2016120600100143,2016년 12월 6일 09시,화요일,인천광역시 서구 당하동,경상사고,0,0,1,0,차대차 - 기타,교차로운행방법위반,건조,맑음,교차로 - 교차로안,승합,남,68세,상해없음,승용,남,41세,경상
2016120600100167,2016년 12월 6일 10시,화요일,인천광역시 부평구 부평동,경상사고,0,0,1,0,차대차 - 추돌,안전운전불이행,건조,맑음,교차로 - 교차로부근,승용,남,32세,상해없음,승용,남,37세,경상
2016120600100168,2016년 12월 6일 10시,화요일,인천광역시 계양구 효성동,중상사고,0,1,0,0,차량단독 - 기타,기타,건조,맑음,교차로 - 교차로부근,승합,남,49세,상해없음,,,,
2016120600100169,2016년 12월 6일 10시,화요일,인천광역시 계양구 계산동,경상사고,0,0,1,0,차대차 - 측면직각충돌,안전운전불이행,건조,맑음,기타 - 기타,승용,남,24세,상해없음,화물,남,50세,경상
2016120600100170,2016년 12월 6일 10시,화요일,인천광역시 계양구 작전동,중상사고,0,1,2,0,차대차 - 추돌,안전운전불이행,건조,맑음,단일로 - 기타,화물,남,33세,상해없음,승용,남,56세,경상
2016120600100197,2016년 12월 6일 11시,화요일,인천광역시 서구 석남동,경상사고,0,0,1,0,차대차 - 기타,안전운전불이행,건조,맑음,단일로 - 기타,화물,남,56세,상해없음,승용,여,51세,경상
2016120600100223,2016년 12월 6일 12시,화요일,인천광역시 중구 신흥동3가,경상사고,0,0,1,0,차대차 - 기타,안전운전불이행,건조,맑음,기타 - 기타,승용,남,35세,상해없음,승용,남,33세,경상
2016120600100224,2016년 12월 6일 12시,화요일,인천광역시 연수구 연수동,중상사고,0,1,2,0,차대차 - 기타,안전운전불이행,건조,맑음,교차로 - 교차로부근,승용,남,57세,경상,승용,남,63세,경상
2016120600100311,2016년 12월 6일 15시,화요일,인천광역시 남동구 만수동,경상사고,0,0,1,0,차대사람 - 보도통행중,안전운전불이행,건조,맑음,단일로 - 기타,승합,남,57세,기타불명,보행자,남,9세,경상
2016120600100312,2016년 12월 6일 15시,화요일,인천광역시 연수구 송도동,중상사고,0,1,0,0,차대사람 - 횡단중,중앙선침범,건조,맑음,단일로 - 기타,승용,여,36세,상해없음,보행자,남,24세,중상
2016120600100343,2016년 12월 6일 16시,화요일,인천광역시 부평구 십정동,중상사고,0,1,0,0,차대사람 - 횡단중,신호위반,건조,맑음,교차로 - 교차로부근,화물,남,49세,상해없음,보행자,여,67세,중상
2016120600100344,2016년 12월 6일 16시,화요일,인천광역시 서구 가좌동,경상사고,0,0,1,0,차대차 - 추돌,차로위반,건조,맑음,단일로 - 기타,승용,남,67세,상해없음,승용,남,37세,경상
2016120600100393,2016년 12월 6일 17시,화요일,인천광역시 남동구 고잔동,경상사고,0,0,1,0,차대차 - 측면충돌,안전운전불이행,건조,맑음,교차로 - 교차로안,화물,남,58세,상해없음,승용,남,42세,경상
2016120600100394,2016년 12월 6일 17시,화요일,인천광역시 부평구 부평동,경상사고,0,0,1,0,차대차 - 측면직각충돌,안전운전불이행,건조,맑음,단일로 - 기타,승용,남,71세,경상,승용,남,30세,기타불명
2016120600100436,2016년 12월 6일 18시,화요일,인천광역시 부평구 십정동,경상사고,0,0,7,0,차대차 - 측면직각충돌,중앙선침범,건조,맑음,단일로 - 기타,승용,남,21세,상해없음,승합,남,39세,경상
2016120600100437,2016년 12월 6일 18시,화요일,인천광역시 남동구 간석동,경상사고,0,0,1,0,차대차 - 기타,안전운전불이행,건조,맑음,단일로 - 기타,승용,여,47세,기타불명,승용,남,36세,경상
2016120600100472,2016년 12월 6일 19시,화요일,인천광역시 부평구 부개동,경상사고,0,0,1,0,차대사람 - 기타,안전운전불이행,건조,맑음,단일로 - 기타,승용,여,54세,상해없음,보행자,남,14세,경상
2016120600100498,2016년 12월 6일 20시,화요일,인천광역시 서구 가정동,중상사고,0,1,1,0,차대차 - 기타,신호위반,건조,맑음,교차로 - 교차로안,이륜,남,23세,중상,이륜,남,48세,경상
2016120600100499,2016년 12월 6일 20시,화요일,인천광역시 남구 주안동,중상사고,0,1,0,0,차대차 - 추돌,안전운전불이행,건조,맑음,단일로 - 기타,화물,남,55세,상해없음,승용,여,64세,중상
2016120600100524,2016년 12월 6일 21시,화요일,인천광역시 서구 연희동,경상사고,0,0,1,0,차대차 - 기타,안전운전불이행,건조,맑음,단일로 - 기타,승용,남,18세,상해없음,승용,남,25세,경상
2016120600100525,2016년 12월 6일 21시,화요일,인천광역시 부평구 갈산동,중상사고,0,1,0,0,차대사람 - 횡단중,신호위반,건조,맑음,교차로 - 교차로안,승합,여,45세,상해없음,보행자,남,28세,중상
2016120600100526,2016년 12월 6일 21시,화요일,인천광역시 부평구 부평동,중상사고,0,1,0,0,차대차 - 측면직각충돌,교차로운행방법위반,건조,맑음,교차로 - 교차로안,승용,남,65세,상해없음,원동기,남,19세,중상
2016120600100553,2016년 12월 6일 22시,화요일,인천광역시 남구 주안동,중상사고,0,1,0,0,차대차 - 측면직각충돌,중앙선침범,건조,맑음,단일로 - 기타,승합,여,45세,상해없음,이륜,남,46세,중상
2016120600100554,2016년 12월 6일 22시,화요일,인천광역시 남동구 수산동,경상사고,0,0,2,0,차대차 - 정면충돌,신호위반,건조,맑음,교차로 - 교차로안,승용,여,25세,경상,승용,남,40세,경상
2016120600100555,2016년 12월 6일 22시,화요일,인천광역시 계양구 병방동,중상사고,0,1,0,0,차대차 - 기타,안전운전불이행,건조,맑음,교차로 - 교차로안,승용,남,34세,상해없음,화물,남,23세,중상
2016120600100556,2016년 12월 6일 22시,화요일,인천광역시 계양구 효성동,중상사고,0,1,0,0,차대사람 - 기타,보행자보호의무위반,건조,맑음,교차로 - 교차로안,승용,남,55세,상해없음,보행자,남,84세,중상
2016120700100014,2016년 12월 7일 00시,수요일,인천광역시 서구 검암동,부상신고사고,0,0,0,3,차대차 - 기타,안전거리미확보,건조,맑음,교차로 - 교차로부근,승용,남,48세,상해없음,승용,남,50세,상해없음
2016120700100015,2016년 12월 7일 00시,수요일,인천광역시 계양구 병방동,경상사고,0,0,1,0,차대사람 - 기타,안전운전불이행,건조,맑음,단일로 - 기타,승용,남,19세,상해없음,보행자,여,51세,경상
2016120700100028,2016년 12월 7일 01시,수요일,인천광역시 서구 가정동,경상사고,0,0,2,0,차대차 - 추돌,신호위반,건조,맑음,교차로 - 교차로안,승용,남,46세,상해없음,승용,남,66세,경상
2016120700100039,2016년 12월 7일 02시,수요일,인천광역시 부평구 부개동,중상사고,0,1,0,0,차대차 - 추돌,안전운전불이행,건조,맑음,단일로 - 기타,승용,남,43세,상해없음,승용,남,48세,중상
2016120700100073,2016년 12월 7일 06시,수요일,인천광역시 남동구 장수동,경상사고,0,0,1,0,차대차 - 추돌,안전운전불이행,결빙,맑음,교차로 - 교차로부근,화물,남,56세,상해없음,승용,남,22세,경상
2016120700100074,2016년 12월 7일 06시,수요일,인천광역시 부평구 부개동,경상사고,0,0,7,0,차대차 - 추돌,안전운전불이행,건조,맑음,단일로 - 횡단보도부근,승용,남,42세,상해없음,승용,남,62세,경상
2016120700100104,2016년 12월 7일 07시,수요일,인천광역시 남구 용현동,경상사고,0,0,1,0,차대차 - 기타,신호위반,건조,맑음,교차로 - 교차로안,승용,남,30세,상해없음,승용,여,63세,경상
2016120700100138,2016년 12월 7일 08시,수요일,인천광역시 남구 주안동,경상사고,0,0,1,0,차대차 - 추돌,안전운전불이행,건조,맑음,교차로 - 교차로부근,승용,남,37세,상해없음,승용,남,58세,경상
2016120700100139,2016년 12월 7일 08시,수요일,인천광역시 남동구 간석동,중상사고,0,1,0,0,차대차 - 추돌,안전운전불이행,건조,맑음,교차로 - 교차로안,승용,남,38세,상해없음,승용,남,58세,중상
2016120700100140,2016년 12월 7일 08시,수요일,인천광역시 서구 마전동,경상사고,0,0,1,0,차대차 - 기타,안전운전불이행,건조,맑음,교차로 - 교차로안,화물,남,57세,상해없음,승용,여,33세,경상
2016120700100141,2016년 12월 7일 08시,수요일,인천광역시 부평구 부평동,중상사고,0,1,0,0,차대사람 - 기타,안전운전불이행,건조,맑음,단일로 - 기타,승용,남,33세,상해없음,보행자,남,35세,중상
2016120700100177,2016년 12월 7일 09시,수요일,인천광역시 부평구 십정동,경상사고,0,0,1,0,차대차 - 기타,안전운전불이행,건조,맑음,교차로 - 교차로안,자전거,남,42세,상해없음,이륜,남,44세,경상
2016120700100178,2016년 12월 7일 09시,수요일,인천광역시 남동구 논현동,경상사고,0,0,2,0,차대차 - 추돌,안전운전불이행,건조,맑음,단일로 - 횡단보도부근,승용,남,52세,상해없음,승용,남,45세,경상
2016120700100179,2016년 12월 7일 09시,수요일,인천광역시 부평구 부개동,중상사고,0,1,0,0,차대사람 - 횡단중,보행자보호의무위반,건조,맑음,교차로 - 교차로부근,화물,남,25세,상해없음,보행자,여,55세,중상
2016120700100201,2016년 12월 7일 10시,수요일,인천광역시 남구 주안동,부상신고사고,0,0,0,1,차대차 - 기타,안전운전불이행,건조,맑음,단일로 - 기타,화물,남,43세,부상신고,승용,남,54세,상해없음
2016120700100202,2016년 12월 7일 10시,수요일,인천광역시 계양구 계산동,중상사고,0,1,0,0,차대차 - 정면충돌,교차로운행방법위반,건조,맑음,교차로 - 교차로안,승용,여,67세,상해없음,이륜,남,56세,중상
2016120700100203,2016년 12월 7일 10시,수요일,인천광역시 강화군 화도면,경상사고,0,0,2,0,차대차 - 정면충돌,중앙선침범,건조,맑음,단일로 - 기타,승용,여,26세,상해없음,승용,남,53세,경상
2016120700100284,2016년 12월 7일 13시,수요일,인천광역시 남구 주안동,경상사고,0,0,1,0,차대차 - 추돌,안전운전불이행,건조,맑음,단일로 - 기타,화물,남,55세,상해없음,화물,남,36세,경상
2016120700100311,2016년 12월 7일 14시,수요일,인천광역시 부평구 부평동,경상사고,0,0,1,0,차대사람 - 길가장자리구역통행중,안전운전불이행,건조,맑음,단일로 - 기타,승용,여,35세,상해없음,보행자,남,25세,경상
2016120700100405,2016년 12월 7일 17시,수요일,인천광역시 부평구 삼산동,경상사고,0,0,1,0,차대차 - 기타,안전운전불이행,건조,맑음,단일로 - 기타,화물,남,44세,상해없음,승용,남,40세,경상
2016120700100463,2016년 12월 7일 18시,수요일,인천광역시 남동구 논현동,중상사고,0,1,0,0,차대차 - 추돌,신호위반,건조,맑음,교차로 - 교차로안,이륜,남,65세,상해없음,이륜,남,52세,중상
2016120700100505,2016년 12월 7일 19시,수요일,인천광역시 남동구 만수동,경상사고,0,0,1,0,차대차 - 추돌,안전운전불이행,건조,맑음,단일로 - 기타,승용,남,60세,상해없음,승합,남,43세,경상
2016120700100596,2016년 12월 7일 22시,수요일,인천광역시 강화군 강화읍,경상사고,0,0,1,0,차대차 - 측면직각충돌,안전운전불이행,습기,비,교차로 - 교차로안,원동기,남,18세,상해없음,승용,남,55세,경상
2016120700100614,2016년 12월 7일 23시,수요일,인천광역시 남구 도화동,경상사고,0,0,2,0,차대차 - 추돌,안전운전불이행,건조,맑음,단일로 - 기타,승용,남,35세,상해없음,승용,남,46세,경상
2016120700100615,2016년 12월 7일 23시,수요일,인천광역시 부평구 청천동,경상사고,0,0,1,0,차대차 - 추돌,안전운전불이행,건조,맑음,교차로 - 교차로부근,승용,남,42세,상해없음,승용,남,27세,경상
2016120700100616,2016년 12월 7일 23시,수요일,인천광역시 남동구 간석동,중상사고,0,1,1,0,차대차 - 추돌,안전운전불이행,건조,맑음,단일로 - 기타,승용,남,34세,상해없음,승용,남,65세,중상
2016120800100064,2016년 12월 8일 04시,목요일,인천광역시 남동구 간석동,경상사고,0,0,1,0,차대차 - 기타,안전운전불이행,건조,맑음,기타 - 기타,승용,남,45세,상해없음,승용,남,34세,경상
2016120800100065,2016년 12월 8일 04시,목요일,인천광역시 부평구 갈산동,경상사고,0,0,2,0,차대차 - 측면직각충돌,신호위반,건조,맑음,교차로 - 교차로안,승용,남,73세,상해없음,승용,여,39세,경상
2016120800100102,2016년 12월 8일 06시,목요일,인천광역시 서구 오류동,경상사고,0,0,1,0,차대차 - 측면충돌,중앙선침범,건조,맑음,단일로 - 기타,승용,남,64세,상해없음,승용,남,49세,경상
2016120800100340,2016년 12월 8일 13시,목요일,인천광역시 서구 가정동,경상사고,0,0,2,0,차대차 - 측면충돌,안전운전불이행,건조,맑음,교차로 - 교차로부근,기타불명,기타불명,기타불명,기타불명,승용,남,23세,경상
2016120800100435,2016년 12월 8일 16시,목요일,인천광역시 부평구 부평동,중상사고,0,1,0,0,차대사람 - 횡단중,신호위반,건조,맑음,단일로 - 기타,자전거,남,50세,상해없음,보행자,여,59세,중상
2016120800100478,2016년 12월 8일 17시,목요일,인천광역시 남동구 고잔동,경상사고,0,0,3,0,차대차 - 측면직각충돌,안전거리미확보,건조,맑음,기타 - 기타,승용,남,51세,상해없음,승용,여,28세,경상
2016120800100479,2016년 12월 8일 17시,목요일,인천광역시 서구 연희동,중상사고,0,1,1,0,차대사람 - 횡단중,보행자보호의무위반,건조,맑음,교차로 - 교차로부근,승용,남,33세,상해없음,보행자,여,25세,중상
2016120800100527,2016년 12월 8일 18시,목요일,인천광역시 연수구 동춘동,중상사고,0,1,0,0,차대차 - 기타,안전운전불이행,습기,비,교차로 - 교차로안,승용,여,33세,상해없음,이륜,남,34세,중상
2016120800100575,2016년 12월 8일 19시,목요일,인천광역시 남동구 서창동,경상사고,0,0,1,0,차대사람 - 횡단중,안전운전불이행,습기,비,교차로 - 교차로부근,이륜,남,23세,상해없음,보행자,남,69세,경상
2016120800100576,2016년 12월 8일 19시,목요일,인천광역시 서구 가좌동,경상사고,0,0,1,0,차대차 - 기타,안전운전불이행,건조,맑음,기타 - 기타,승용,여,40세,상해없음,승용,여,39세,상해없음
2016120800100577,2016년 12월 8일 19시,목요일,인천광역시 연수구 송도동,경상사고,0,0,1,0,차대차 - 측면직각충돌,안전거리미확보,습기,비,교차로 - 교차로안,승용,남,33세,상해없음,이륜,남,44세,경상
2016120800100619,2016년 12월 8일 20시,목요일,인천광역시 남동구 구월동,중상사고,0,1,0,0,차대사람 - 횡단중,안전운전불이행,습기,비,단일로 - 기타,화물,남,30세,상해없음,보행자,남,71세,중상
2016120800100620,2016년 12월 8일 20시,목요일,인천광역시 남동구 구월동,경상사고,0,0,1,0,차대차 - 정면충돌,안전운전불이행,건조,맑음,단일로 - 기타,승용,남,58세,상해없음,승용,남,57세,상해없음
2016120800100668,2016년 12월 8일 21시,목요일,인천광역시 남동구 장수동,경상사고,0,0,2,0,차대차 - 측면충돌,안전운전불이행,건조,맑음,단일로 - 기타,승용,여,50세,경상,승용,남,70세,경상
2016120800100669,2016년 12월 8일 21시,목요일,인천광역시 부평구 부평동,경상사고,0,0,1,0,차대차 - 측면충돌,중앙선침범,습기,비,단일로 - 기타,원동기,남,29세,상해없음,원동기,남,35세,경상
2016120800100670,2016년 12월 8일 21시,목요일,인천광역시 계양구 작전동,경상사고,0,0,1,0,차대차 - 추돌,안전운전불이행,습기,비,단일로 - 기타,승용,남,52세,상해없음,승용,남,34세,경상
2016120800100711,2016년 12월 8일 22시,목요일,인천광역시 남동구 장수동,경상사고,0,0,1,0,차대차 - 추돌,안전운전불이행,습기,비,단일로 - 기타,승용,남,31세,상해없음,승용,남,39세,경상
2016120800100712,2016년 12월 8일 22시,목요일,인천광역시 남동구 만수동,경상사고,0,0,1,0,차대차 - 측면직각충돌,안전운전불이행,건조,맑음,교차로 - 교차로부근,원동기,남,29세,경상,승용,남,29세,상해없음
2016120800100713,2016년 12월 8일 22시,목요일,인천광역시 서구 검암동,경상사고,0,0,1,0,차대차 - 기타,안전운전불이행,건조,맑음,단일로 - 기타,승용,남,47세,상해없음,이륜,여,18세,경상
2016120800100714,2016년 12월 8일 22시,목요일,인천광역시 연수구 연수동,경상사고,0,0,7,0,차대차 - 측면직각충돌,신호위반,습기,비,교차로 - 교차로부근,승용,남,35세,상해없음,승합,남,56세,경상
2016120800100743,2016년 12월 8일 23시,목요일,인천광역시 남동구 논현동,경상사고,0,0,2,0,차대차 - 측면직각충돌,차로위반,건조,맑음,기타 - 기타,승용,남,58세,상해없음,승용,남,29세,경상
2016120800100744,2016년 12월 8일 23시,목요일,인천광역시 부평구 부평동,경상사고,0,0,2,0,차대차 - 기타,안전운전불이행,습기,비,단일로 - 기타,승용,남,54세,상해없음,승용,남,59세,경상
2016120900100057,2016년 12월 9일 02시,금요일,인천광역시 부평구 부평동,중상사고,0,1,2,0,차대차 - 추돌,안전운전불이행,습기,비,단일로 - 기타,승용,남,28세,상해없음,승용,남,49세,중상
2016120900100068,2016년 12월 9일 03시,금요일,인천광역시 계양구 동양동,부상신고사고,0,0,0,1,차대차 - 추돌,안전운전불이행,습기,흐림,단일로 - 기타,승용,남,47세,부상신고,승합,남,45세,기타불명
2016120900100171,2016년 12월 9일 08시,금요일,인천광역시 남구 관교동,경상사고,0,0,1,0,차대사람 - 기타,안전운전불이행,건조,맑음,교차로 - 교차로안,승용,여,46세,상해없음,보행자,남,13세,경상
2016120900100220,2016년 12월 9일 10시,금요일,인천광역시 남동구 간석동,중상사고,0,1,0,0,차대사람 - 길가장자리구역통행중,안전운전불이행,건조,맑음,단일로 - 기타,승용,여,52세,기타불명,보행자,여,23세,중상
2016120900100274,2016년 12월 9일 12시,금요일,인천광역시 중구 항동7가,경상사고,0,0,2,0,차대차 - 기타,안전운전불이행,건조,맑음,교차로 - 교차로부근,화물,남,42세,상해없음,승용,남,51세,경상
2016120900100275,2016년 12월 9일 12시,금요일,인천광역시 연수구 연수동,경상사고,0,0,1,0,차대사람 - 기타,안전운전불이행,건조,맑음,교차로 - 교차로안,승용,여,51세,상해없음,보행자,남,62세,경상
2016120900100276,2016년 12월 9일 12시,금요일,인천광역시 부평구 일신동,중상사고,0,1,0,0,차대사람 - 보도통행중,안전운전불이행,건조,맑음,단일로 - 기타,승용,남,58세,상해없음,보행자,남,58세,중상
2016120900100307,2016년 12월 9일 13시,금요일,인천광역시 계양구 효성동,경상사고,0,0,1,0,차대차 - 추돌,안전운전불이행,건조,맑음,교차로 - 교차로부근,승용,남,56세,상해없음,승용,남,24세,경상
2016120900100340,2016년 12월 9일 14시,금요일,인천광역시 남동구 간석동,중상사고,0,1,0,0,차대사람 - 길가장자리구역통행중,안전운전불이행,건조,맑음,단일로 - 기타,화물,남,55세,상해없음,보행자,여,73세,중상
2016120900100341,2016년 12월 9일 14시,금요일,인천광역시 계양구 계산동,중상사고,0,1,0,0,차대차 - 기타,안전운전불이행,건조,맑음,교차로 - 교차로안,승용,여,64세,상해없음,승합,남,46세,중상
2016120900100403,2016년 12월 9일 16시,금요일,인천광역시 남동구 장수동,경상사고,0,0,1,0,차대차 - 추돌,안전운전불이행,건조,맑음,단일로 - 기타,승용,남,48세,상해없음,승용,남,49세,경상
2016120900100494,2016년 12월 9일 18시,금요일,인천광역시 중구 북성동1가,경상사고,0,0,1,0,차대차 - 측면직각충돌,교차로운행방법위반,건조,맑음,교차로 - 교차로안,승합,남,38세,상해없음,승합,남,44세,경상
2016120900100576,2016년 12월 9일 20시,금요일,인천광역시 연수구 옥련동,경상사고,0,0,4,0,차대차 - 기타,안전운전불이행,건조,맑음,단일로 - 기타,승용,남,47세,상해없음,승용,남,65세,경상
2016120900100616,2016년 12월 9일 21시,금요일,인천광역시 서구 신현동,경상사고,0,0,1,0,차대사람 - 기타,안전운전불이행,건조,맑음,단일로 - 기타,승합,남,59세,상해없음,보행자,남,36세,경상
2016120900100618,2016년 12월 9일 21시,금요일,인천광역시 부평구 일신동,경상사고,0,0,6,0,차대차 - 추돌,안전운전불이행,건조,맑음,단일로 - 기타,승용,여,64세,경상,화물,남,61세,상해없음
2016120900100646,2016년 12월 9일 22시,금요일,인천광역시 남동구 구월동,중상사고,0,1,0,0,차대차 - 정면충돌,안전운전불이행,건조,맑음,교차로 - 교차로안,승용,여,31세,상해없음,이륜,남,32세,중상
2016120900100647,2016년 12월 9일 22시,금요일,인천광역시 계양구 박촌동,경상사고,0,0,1,0,차대차 - 측면직각충돌,안전운전불이행,건조,맑음,교차로 - 교차로안,화물,남,50세,상해없음,화물,남,24세,경상
2016120900100648,2016년 12월 9일 22시,금요일,인천광역시 강화군 화도면,중상사고,0,1,0,0,차대차 - 정면충돌,중앙선침범,건조,맑음,단일로 - 기타,승용,남,63세,상해없음,승용,여,54세,중상
2016121000100081,2016년 12월 10일 05시,토요일,인천광역시 연수구 동춘동,중상사고,0,1,0,0,차대차 - 추돌,안전운전불이행,건조,맑음,미분류 - 미분류,승용,남,27세,상해없음,이륜,남,35세,중상
2016121000100082,2016년 12월 10일 05시,토요일,인천광역시 부평구 부평동,중상사고,0,1,1,0,차대사람 - 횡단중,안전운전불이행,건조,맑음,단일로 - 기타,원동기,남,17세,기타불명,보행자,남,25세,중상
2016121000100107,2016년 12월 10일 06시,토요일,인천광역시 부평구 산곡동,중상사고,0,1,0,0,차대사람 - 횡단중,신호위반,건조,맑음,단일로 - 횡단보도상,승합,남,64세,상해없음,보행자,여,68세,중상