사고번호,사고일시,요일,시군구,사고내용,사망자수,중상자수,경상자수,부상신고자수,사고유형,법규위반,노면상태,기상상태,도로형태,가해운전자 차종,가해운전자 성별,가해운전자 연령,가해운전자 상해정도,피해운전자 차종,피해운전자 성별,피해운전자 연령,피해운전자 상해정도
2016121000100108,2016년 12월 10일 06시,토요일,인천광역시 남동구 남촌동,중상사고,0,1,0,0,차대차 - 측면직각충돌,신호위반,건조,맑음,교차로 - 교차로안,승용,남,42세,상해없음,승용,남,55세,중상
2016121000100125,2016년 12월 10일 07시,토요일,인천광역시 남동구 간석동,중상사고,0,1,0,0,차대사람 - 횡단중,안전운전불이행,건조,맑음,교차로 - 교차로안,승용,남,68세,상해없음,보행자,여,62세,중상
2016121000100201,2016년 12월 10일 10시,토요일,인천광역시 부평구 산곡동,경상사고,0,0,1,0,차대차 - 기타,안전운전불이행,건조,맑음,단일로 - 기타,승용,남,36세,상해없음,승용,여,50세,경상
2016121000100202,2016년 12월 10일 10시,토요일,인천광역시 서구 가정동,경상사고,0,0,1,0,차대차 - 추돌,안전운전불이행,결빙,맑음,교차로 - 교차로부근,건설기계,남,42세,상해없음,건설기계,남,50세,경상
2016121000100230,2016년 12월 10일 11시,토요일,인천광역시 계양구 병방동,경상사고,0,0,1,0,차대사람 - 기타,안전운전불이행,건조,맑음,교차로 - 교차로부근,승용,남,31세,상해없음,보행자,남,77세,경상
2016121000100258,2016년 12월 10일 12시,토요일,인천광역시 남구 학익동,경상사고,0,0,1,0,차대차 - 기타,안전거리미확보,건조,맑음,단일로 - 기타,화물,남,62세,상해없음,승용,남,69세,경상
2016121000100259,2016년 12월 10일 12시,토요일,인천광역시 남동구 논현동,중상사고,0,1,0,0,차대차 - 측면직각충돌,신호위반,건조,맑음,교차로 - 교차로안,화물,남,47세,상해없음,이륜,남,52세,중상
2016121000100294,2016년 12월 10일 13시,토요일,인천광역시 부평구 산곡동,경상사고,0,0,1,0,차대차 - 측면직각충돌,안전거리미확보,건조,맑음,단일로 - 기타,기타불명,기타불명,기타불명,기타불명,원동기,남,70세,경상
2016121000100329,2016년 12월 10일 14시,토요일,인천광역시 계양구 작전동,경상사고,0,0,1,0,차대차 - 기타,안전운전불이행,건조,맑음,단일로 - 기타,승용,남,32세,상해없음,승용,남,58세,경상
2016121000100366,2016년 12월 10일 15시,토요일,인천광역시 남동구 남촌동,경상사고,0,0,1,0,차대차 - 추돌,안전운전불이행,건조,맑음,단일로 - 기타,화물,남,36세,상해없음,승용,여,58세,경상
2016121000100486,2016년 12월 10일 18시,토요일,인천광역시 서구 연희동,중상사고,0,1,0,0,차대차 - 정면충돌,불법유턴,건조,맑음,단일로 - 기타,승용,남,53세,상해없음,이륜,남,17세,중상
2016121000100524,2016년 12월 10일 19시,토요일,인천광역시 남구 문학동,경상사고,0,0,1,0,차대차 - 추돌,안전운전불이행,건조,맑음,교차로 - 교차로부근,승용,남,63세,상해없음,승용,남,50세,상해없음
2016121000100584,2016년 12월 10일 21시,토요일,인천광역시 남동구 장수동,경상사고,0,0,2,0,차대차 - 측면충돌,안전운전불이행,건조,맑음,단일로 - 기타,승용,남,24세,기타불명,승용,남,33세,경상
2016121000100614,2016년 12월 10일 22시,토요일,인천광역시 남동구 논현동,경상사고,0,0,1,0,차대차 - 측면충돌,신호위반,건조,맑음,교차로 - 교차로안,승용,남,22세,상해없음,승용,남,49세,경상
2016121000100615,2016년 12월 10일 22시,토요일,인천광역시 서구 심곡동,경상사고,0,0,3,0,차대차 - 기타,안전운전불이행,건조,맑음,교차로 - 교차로부근,승용,남,45세,상해없음,화물,남,50세,경상
2016121000100642,2016년 12월 10일 23시,토요일,인천광역시 부평구 부평동,경상사고,0,0,1,0,차대사람 - 기타,안전운전불이행,건조,맑음,단일로 - 기타,승용,기타불명,기타불명,기타불명,보행자,남,37세,경상
2016121100100016,2016년 12월 11일 00시,일요일,인천광역시 연수구 청학동,경상사고,0,0,1,0,차대차 - 추돌,안전운전불이행,건조,흐림,교차로 - 교차로부근,승용,남,51세,기타불명,승용,여,55세,경상
2016121100100017,2016년 12월 11일 00시,일요일,인천광역시 부평구 일신동,경상사고,0,0,2,0,차대차 - 추돌,안전운전불이행,건조,맑음,단일로 - 기타,승용,남,31세,상해없음,승용,남,36세,경상
2016121100100099,2016년 12월 11일 06시,일요일,인천광역시 남구 용현동,중상사고,0,1,0,1,차대차 - 측면충돌,안전운전불이행,건조,흐림,교차로 - 교차로안,이륜,남,15세,부상신고,승용,여,53세,중상
2016121100100219,2016년 12월 11일 12시,일요일,인천광역시 계양구 효성동,경상사고,0,0,1,0,차대차 - 측면직각충돌,안전거리미확보,건조,맑음,단일로 - 기타,이륜,남,48세,경상,승용,여,59세,상해없음
2016121100100237,2016년 12월 11일 13시,일요일,인천광역시 계양구 작전동,중상사고,0,1,0,0,차대사람 - 횡단중,신호위반,건조,맑음,교차로 - 교차로안,승용,남,55세,상해없음,보행자,여,67세,중상
2016121100100267,2016년 12월 11일 14시,일요일,인천광역시 남동구 남촌동,경상사고,0,0,1,0,차대사람 - 기타,안전운전불이행,건조,흐림,단일로 - 기타,승용,남,58세,상해없음,보행자,남,60세,경상
2016121100100268,2016년 12월 11일 14시,일요일,인천광역시 서구 당하동,경상사고,0,0,2,0,차대차 - 측면직각충돌,교차로운행방법위반,건조,맑음,교차로 - 교차로안,건설기계,남,51세,경상,승용,여,55세,경상
2016121100100291,2016년 12월 11일 15시,일요일,인천광역시 부평구 삼산동,경상사고,0,0,1,0,차대차 - 기타,보행자보호의무위반,건조,맑음,단일로 - 기타,승용,여,46세,상해없음,자전거,남,11세,경상
2016121100100387,2016년 12월 11일 18시,일요일,인천광역시 서구 석남동,경상사고,0,0,2,0,차대차 - 측면직각충돌,안전운전불이행,건조,맑음,교차로 - 교차로부근,화물,남,44세,상해없음,승용,남,24세,경상
2016121100100421,2016년 12월 11일 19시,일요일,인천광역시 남구 학익동,경상사고,0,0,2,0,차대차 - 기타,안전운전불이행,건조,맑음,기타 - 기타,승합,남,70세,경상,승용,남,21세,경상
2016121100100452,2016년 12월 11일 20시,일요일,인천광역시 남동구 만수동,경상사고,0,0,2,0,차대차 - 추돌,안전운전불이행,건조,맑음,교차로 - 교차로부근,승용,남,44세,상해없음,이륜,남,33세,경상
2016121100100465,2016년 12월 11일 21시,일요일,인천광역시 남구 주안동,경상사고,0,0,1,0,차대차 - 기타,안전운전불이행,건조,맑음,교차로 - 교차로부근,승용,남,68세,상해없음,승용,남,56세,경상
2016121100100482,2016년 12월 11일 22시,일요일,인천광역시 부평구 부평동,경상사고,0,0,4,0,차대차 - 추돌,안전운전불이행,건조,맑음,교차로 - 교차로부근,승용,남,23세,경상,승용,여,28세,경상
2016121200100026,2016년 12월 12일 04시,월요일,인천광역시 남동구 논현동,경상사고,0,0,2,0,차대차 - 측면직각충돌,신호위반,건조,맑음,교차로 - 교차로안,승용,남,23세,상해없음,승용,남,54세,경상
2016121200100056,2016년 12월 12일 06시,월요일,인천광역시 중구 운서동,경상사고,0,0,2,0,차대차 - 기타,안전거리미확보,건조,맑음,단일로 - 기타,승용,남,59세,상해없음,승용,남,54세,상해없음
2016121200100057,2016년 12월 12일 06시,월요일,인천광역시 남구 관교동,중상사고,0,1,0,0,차대사람 - 기타,보행자보호의무위반,건조,맑음,단일로 - 기타,승용,남,54세,상해없음,보행자,여,28세,중상
2016121200100058,2016년 12월 12일 06시,월요일,인천광역시 계양구 작전동,경상사고,0,0,1,0,차대차 - 측면직각충돌,안전운전불이행,건조,맑음,교차로 - 교차로안,승용,남,50세,상해없음,자전거,남,46세,경상
2016121200100059,2016년 12월 12일 06시,월요일,인천광역시 계양구 작전동,경상사고,0,0,1,0,차대사람 - 기타,안전운전불이행,건조,맑음,단일로 - 기타,승용,남,34세,기타불명,보행자,여,52세,경상
2016121200100060,2016년 12월 12일 06시,월요일,인천광역시 부평구 부평동,경상사고,0,0,4,0,차대차 - 추돌,안전운전불이행,건조,맑음,교차로 - 교차로부근,승용,여,31세,상해없음,화물,남,43세,경상
2016121200100116,2016년 12월 12일 08시,월요일,인천광역시 남동구 만수동,경상사고,0,0,1,0,차대차 - 측면직각충돌,교차로운행방법위반,건조,맑음,교차로 - 교차로안,승용,여,42세,상해없음,승용,남,54세,경상
2016121200100226,2016년 12월 12일 12시,월요일,인천광역시 남동구 간석동,경상사고,0,0,1,0,차대차 - 측면충돌,교차로운행방법위반,건조,맑음,교차로 - 교차로안,승용,남,60세,상해없음,승용,남,57세,경상
2016121200100252,2016년 12월 12일 13시,월요일,인천광역시 서구 연희동,경상사고,0,0,1,0,차대사람 - 횡단중,보행자보호의무위반,건조,맑음,단일로 - 횡단보도상,승용,여,32세,상해없음,보행자,남,52세,경상
2016121200100299,2016년 12월 12일 15시,월요일,인천광역시 남구 숭의동,경상사고,0,0,1,0,차대차 - 정면충돌,안전운전불이행,건조,맑음,단일로 - 기타,화물,남,54세,상해없음,자전거,남,14세,경상
2016121200100300,2016년 12월 12일 15시,월요일,인천광역시 연수구 송도동,중상사고,0,1,2,0,차대차 - 추돌,안전운전불이행,건조,맑음,단일로 - 기타,승용,남,30세,상해없음,승용,여,49세,경상
2016121200100337,2016년 12월 12일 16시,월요일,인천광역시 부평구 부평동,중상사고,0,2,1,0,차대차 - 측면직각충돌,신호위반,건조,맑음,교차로 - 교차로안,승용,여,36세,중상,승용,여,41세,경상
2016121200100374,2016년 12월 12일 17시,월요일,인천광역시 서구 가정동,부상신고사고,0,0,0,1,차대사람 - 기타,안전운전불이행,건조,맑음,단일로 - 기타,승합,남,48세,상해없음,보행자,여,54세,부상신고
2016121200100375,2016년 12월 12일 17시,월요일,인천광역시 부평구 삼산동,중상사고,0,1,1,0,차대차 - 측면직각충돌,신호위반,건조,흐림,교차로 - 교차로안,승용,남,56세,기타불명,승용,여,54세,중상
2016121200100462,2016년 12월 12일 19시,월요일,인천광역시 남동구 간석동,경상사고,0,0,1,0,차량단독 - 도로외이탈 - 기타,안전운전불이행,건조,맑음,기타 - 기타,승합,남,61세,상해없음,,,,
2016121200100489,2016년 12월 12일 20시,월요일,인천광역시 서구 석남동,경상사고,0,0,1,0,차대사람 - 길가장자리구역통행중,안전운전불이행,건조,맑음,단일로 - 기타,승용,남,45세,상해없음,보행자,여,58세,경상
2016121200100550,2016년 12월 12일 23시,월요일,인천광역시 서구 가정동,경상사고,0,0,2,0,차대차 - 정면충돌,신호위반,건조,맑음,교차로 - 교차로안,승용,남,45세,상해없음,승용,남,50세,경상
2016121300100036,2016년 12월 13일 04시,화요일,인천광역시 서구 가정동,중상사고,0,1,0,0,차대차 - 측면충돌,안전운전불이행,건조,맑음,교차로 - 교차로안,승용,남,28세,상해없음,승용,남,42세,중상
2016121300100043,2016년 12월 13일 05시,화요일,인천광역시 남동구 만수동,경상사고,0,0,1,0,차대차 - 측면직각충돌,안전운전불이행,건조,맑음,단일로 - 기타,승용,남,43세,상해없음,승합,남,55세,경상
2016121300100095,2016년 12월 13일 07시,화요일,인천광역시 서구 가정동,경상사고,0,0,1,0,차대사람 - 횡단중,안전운전불이행,건조,맑음,단일로 - 횡단보도부근,승용,기타불명,기타불명,기타불명,보행자,여,16세,경상
2016121300100096,2016년 12월 13일 07시,화요일,인천광역시 남동구 도림동,경상사고,0,0,1,0,차대차 - 측면직각충돌,안전운전불이행,건조,맑음,단일로 - 기타,승용,남,57세,상해없음,화물,남,45세,경상
2016121300100161,2016년 12월 13일 09시,화요일,인천광역시 중구 중산동,경상사고,0,0,1,0,차대사람 - 횡단중,신호위반,건조,흐림,교차로 - 교차로부근,승용,여,67세,상해없음,보행자,남,9세,경상
2016121300100162,2016년 12월 13일 09시,화요일,인천광역시 강화군 화도면,사망사고,1,0,0,0,차대사람 - 차도통행중,불법유턴,건조,맑음,단일로 - 기타,화물,남,75세,상해없음,보행자,남,79세,사망
2016121300100207,2016년 12월 13일 11시,화요일,인천광역시 남동구 구월동,경상사고,0,0,3,0,차대차 - 측면충돌,신호위반,건조,맑음,교차로 - 교차로안,승용,남,57세,상해없음,승용,남,56세,경상
2016121300100227,2016년 12월 13일 12시,화요일,인천광역시 남동구 논현동,경상사고,0,0,2,0,차대차 - 측면충돌,신호위반,건조,맑음,단일로 - 기타,승용,여,55세,경상,승용,남,31세,경상
2016121300100228,2016년 12월 13일 12시,화요일,인천광역시 서구 오류동,중상사고,0,1,7,0,차대차 - 측면충돌,신호위반,건조,맑음,교차로 - 교차로안,승용,남,45세,경상,승용,남,27세,중상
2016121300100303,2016년 12월 13일 14시,화요일,인천광역시 남동구 구월동,경상사고,0,0,2,0,차대차 - 측면직각충돌,차로위반,건조,맑음,기타 - 기타,승용,남,44세,경상,승용,남,22세,경상
2016121300100304,2016년 12월 13일 14시,화요일,인천광역시 남동구 장수동,경상사고,0,0,1,0,차대차 - 측면직각충돌,안전거리미확보,건조,맑음,단일로 - 기타,승용,남,31세,상해없음,승용,여,55세,경상
2016121300100398,2016년 12월 13일 17시,화요일,인천광역시 계양구 병방동,경상사고,0,0,1,0,차대사람 - 길가장자리구역통행중,안전운전불이행,건조,맑음,단일로 - 기타,승용,여,65세,상해없음,보행자,남,61세,경상
2016121300100454,2016년 12월 13일 18시,화요일,인천광역시 부평구 부개동,경상사고,0,0,1,0,차대사람 - 길가장자리구역통행중,안전운전불이행,건조,흐림,단일로 - 기타,승용,여,26세,상해없음,보행자,남,50세,경상
2016121300100524,2016년 12월 13일 20시,화요일,인천광역시 서구 가좌동,경상사고,0,0,1,0,차대사람 - 횡단중,보행자보호의무위반,건조,맑음,교차로 - 교차로부근,승용,남,51세,상해없음,보행자,남,42세,경상
2016121400100014,2016년 12월 14일 00시,수요일,인천광역시 남동구 논현동,경상사고,0,0,2,0,차대차 - 정면충돌,신호위반,건조,맑음,교차로 - 교차로안,승용,남,58세,상해없음,승용,여,61세,경상
2016121400100015,2016년 12월 14일 00시,수요일,인천광역시 연수구 송도동,중상사고,0,1,0,0,차대사람 - 길가장자리구역통행중,안전운전불이행,건조,맑음,단일로 - 기타,승합,남,47세,상해없음,보행자,남,59세,중상
2016121400100032,2016년 12월 14일 02시,수요일,인천광역시 부평구 십정동,중상사고,0,1,1,0,차대차 - 측면충돌,신호위반,건조,맑음,교차로 - 교차로안,승용,남,30세,상해없음,승용,남,48세,중상
2016121400100044,2016년 12월 14일 04시,수요일,인천광역시 계양구 병방동,경상사고,0,0,1,0,차대사람 - 기타,안전운전불이행,건조,맑음,단일로 - 기타,승용,남,90세 이상,상해없음,보행자,남,84세,경상
2016121400100071,2016년 12월 14일 06시,수요일,인천광역시 남동구 구월동,경상사고,0,0,2,0,차대차 - 추돌,안전운전불이행,건조,맑음,단일로 - 기타,승용,남,44세,상해없음,승용,남,62세,경상
2016121400100120,2016년 12월 14일 08시,수요일,인천광역시 남동구 구월동,경상사고,0,0,1,0,차대차 - 추돌,안전운전불이행,건조,맑음,기타 - 기타,승용,남,24세,상해없음,승용,남,38세,경상
2016121400100143,2016년 12월 14일 09시,수요일,인천광역시 동구 송림동,경상사고,0,0,1,0,차대차 - 기타,안전운전불이행,건조,맑음,교차로 - 교차로부근,승용,남,35세,상해없음,승용,남,36세,경상
2016121400100247,2016년 12월 14일 13시,수요일,인천광역시 남구 주안동,중상사고,0,1,0,0,차대차 - 기타,안전운전불이행,건조,맑음,교차로 - 교차로안,승용,여,56세,중상,건설기계,남,58세,상해없음
2016121400100297,2016년 12월 14일 15시,수요일,인천광역시 남동구 간석동,경상사고,0,0,1,0,차대차 - 측면충돌,신호위반,건조,맑음,교차로 - 교차로안,승용,남,49세,상해없음,승용,여,32세,경상
2016121400100298,2016년 12월 14일 15시,수요일,인천광역시 남동구 남촌동,중상사고,0,1,0,0,차대차 - 측면직각충돌,안전운전불이행,건조,맑음,교차로 - 교차로부근,승용,남,31세,상해없음,자전거,남,59세,중상
2016121400100299,2016년 12월 14일 15시,수요일,인천광역시 계양구 작전동,중상사고,0,1,0,0,차대사람 - 횡단중,안전운전불이행,건조,맑음,교차로 - 교차로안,승용,남,58세,상해없음,보행자,여,72세,중상
2016121400100331,2016년 12월 14일 16시,수요일,인천광역시 서구 불로동,중상사고,0,1,0,0,차대사람 - 횡단중,보행자보호의무위반,건조,맑음,교차로 - 교차로부근,승용,남,60세,상해없음,보행자,여,8세,중상
2016121400100364,2016년 12월 14일 17시,수요일,인천광역시 부평구 십정동,경상사고,0,0,1,0,차대차 - 기타,안전운전불이행,건조,맑음,단일로 - 기타,승용,여,48세,상해없음,승용,여,61세,경상
2016121400100365,2016년 12월 14일 17시,수요일,인천광역시 남동구 고잔동,경상사고,0,0,1,0,차대차 - 추돌,안전운전불이행,건조,맑음,기타 - 기타,화물,남,45세,경상,화물,남,54세,상해없음
2016121400100366,2016년 12월 14일 17시,수요일,인천광역시 서구 연희동,경상사고,0,0,2,0,차대차 - 기타,안전운전불이행,건조,맑음,교차로 - 교차로부근,승용,남,50세,상해없음,승용,여,33세,경상
2016121400100367,2016년 12월 14일 17시,수요일,인천광역시 서구 석남동,경상사고,0,0,2,0,차대차 - 추돌,안전운전불이행,건조,맑음,단일로 - 기타,승합,남,49세,상해없음,승합,남,65세,경상
2016121400100413,2016년 12월 14일 18시,수요일,인천광역시 남구 주안동,중상사고,0,1,1,0,차대차 - 정면충돌,안전운전불이행,건조,맑음,교차로 - 교차로부근,승용,남,56세,상해없음,승합,남,40세,상해없음
2016121400100439,2016년 12월 14일 19시,수요일,인천광역시 부평구 청천동,경상사고,0,0,1,0,차대사람 - 횡단중,안전운전불이행,건조,맑음,단일로 - 기타,승용,남,59세,상해없음,보행자,남,61세,경상
2016121400100440,2016년 12월 14일 19시,수요일,인천광역시 부평구 부평동,경상사고,0,0,1,0,차대사람 - 기타,안전운전불이행,건조,맑음,단일로 - 기타,승용,남,37세,기타불명,보행자,여,15세,경상
2016121400100460,2016년 12월 14일 20시,수요일,인천광역시 남구 주안동,중상사고,0,1,1,1,차대차 - 측면직각충돌,안전운전불이행,건조,맑음,교차로 - 교차로부근,승용,여,43세,부상신고,승용,남,24세,중상
2016121400100461,2016년 12월 14일 20시,수요일,인천광역시 서구 연희동,중상사고,0,1,0,0,차대사람 - 횡단중,안전운전불이행,건조,맑음,단일로 - 기타,승용,남,53세,상해없음,보행자,여,73세,중상
2016121400100491,2016년 12월 14일 21시,수요일,인천광역시 남동구 고잔동,경상사고,0,0,1,0,차대차 - 기타,차로위반,건조,맑음,기타 - 기타,승용,남,62세,상해없음,승용,남,49세,상해없음
2016121400100511,2016년 12월 14일 22시,수요일,인천광역시 부평구 부평동,경상사고,0,0,1,0,차대차 - 기타,안전운전불이행,건조,맑음,단일로 - 기타,원동기,남,54세,상해없음,원동기,남,17세,경상
2016121500100009,2016년 12월 15일 00시,목요일,인천광역시 남구 주안동,경상사고,0,0,1,0,차대차 - 추돌,안전운전불이행,건조,기타,교차로 - 교차로부근,승용,남,23세,상해없음,승용,남,57세,경상
2016121500100010,2016년 12월 15일 00시,목요일,인천광역시 남구 용현동,사망사고,1,0,0,1,차대차 - 추돌,안전운전불이행,건조,맑음,단일로 - 기타,화물,남,41세,사망,건설기계,남,52세,부상신고
2016121500100035,2016년 12월 15일 02시,목요일,인천광역시 부평구 삼산동,경상사고,0,0,2,0,차대차 - 기타,안전거리미확보,건조,맑음,단일로 - 기타,승용,남,27세,상해없음,승용,남,39세,경상
2016121500100063,2016년 12월 15일 05시,목요일,인천광역시 남동구 구월동,중상사고,0,1,0,0,차대차 - 정면충돌,안전운전불이행,습기,맑음,단일로 - 기타,승용,남,34세,상해없음,승용,남,54세,중상
2016121500100064,2016년 12월 15일 05시,목요일,인천광역시 서구 신현동,경상사고,0,0,1,1,차대차 - 측면충돌,안전운전불이행,건조,맑음,교차로 - 교차로안,승용,여,52세,상해없음,승용,남,68세,부상신고
2016121500100076,2016년 12월 15일 06시,목요일,인천광역시 중구 신흥동3가,경상사고,0,0,1,0,차대차 - 추돌,안전운전불이행,건조,기타,교차로 - 교차로부근,화물,남,53세,상해없음,승용,남,54세,상해없음
2016121500100101,2016년 12월 15일 07시,목요일,인천광역시 연수구 연수동,경상사고,0,0,2,0,차대사람 - 길가장자리구역통행중,안전운전불이행,건조,맑음,단일로 - 기타,승용,남,29세,상해없음,보행자,남,34세,경상
2016121500100134,2016년 12월 15일 08시,목요일,인천광역시 부평구 갈산동,중상사고,0,1,2,0,차대차 - 추돌,안전거리미확보,건조,맑음,단일로 - 기타,승용,남,60세,경상,승용,남,44세,중상
2016121500100172,2016년 12월 15일 09시,목요일,인천광역시 중구 신흥동3가,중상사고,0,1,0,0,차대차 - 측면직각충돌,안전운전불이행,건조,맑음,단일로 - 기타,화물,남,45세,상해없음,화물,남,46세,중상
2016121500100213,2016년 12월 15일 10시,목요일,인천광역시 남동구 만수동,경상사고,0,0,3,0,차대차 - 측면직각충돌,신호위반,건조,맑음,교차로 - 교차로안,승용,여,52세,상해없음,승용,남,52세,경상
2016121500100272,2016년 12월 15일 12시,목요일,인천광역시 남동구 구월동,중상사고,0,1,0,0,차대사람 - 횡단중,안전운전불이행,건조,맑음,단일로 - 기타,이륜,남,18세,상해없음,보행자,남,78세,중상
2016121500100302,2016년 12월 15일 13시,목요일,인천광역시 남동구 장수동,경상사고,0,0,2,0,차대차 - 측면충돌,안전거리미확보,건조,맑음,단일로 - 기타,승용,여,56세,경상,화물,남,56세,경상
2016121500100303,2016년 12월 15일 13시,목요일,인천광역시 연수구 동춘동,경상사고,0,0,1,0,차대차 - 추돌,안전운전불이행,건조,맑음,단일로 - 기타,승합,남,59세,상해없음,승용,남,59세,경상
2016121500100363,2016년 12월 15일 15시,목요일,인천광역시 남구 주안동,중상사고,0,1,2,0,차대차 - 정면충돌,안전운전불이행,건조,맑음,교차로 - 교차로안,화물,남,49세,상해없음,화물,남,53세,중상
2016121500100389,2016년 12월 15일 16시,목요일,인천광역시 남동구 고잔동,경상사고,0,0,1,0,차대차 - 추돌,안전운전불이행,건조,맑음,단일로 - 기타,건설기계,남,54세,상해없음,승용,남,40세,경상
2016121500100390,2016년 12월 15일 16시,목요일,인천광역시 서구 석남동,중상사고,0,1,0,0,차대사람 - 기타,안전운전불이행,건조,맑음,단일로 - 기타,승용,남,56세,상해없음,보행자,여,85세,중상
2016121500100391,2016년 12월 15일 16시,목요일,인천광역시 연수구 송도동,경상사고,0,0,1,0,차대차 - 측면직각충돌,신호위반,건조,맑음,교차로 - 교차로안,승용,여,46세,상해없음,승용,남,52세,경상
2016121500100482,2016년 12월 15일 18시,목요일,인천광역시 서구 석남동,중상사고,0,3,0,0,차대차 - 추돌,중앙선침범,건조,맑음,단일로 - 교량,승용,남,59세,중상,화물,남,36세,중상
2016121500100483,2016년 12월 15일 18시,목요일,인천광역시 남동구 수산동,경상사고,0,0,2,0,차대차 - 측면직각충돌,안전거리미확보,건조,맑음,단일로 - 기타,화물,남,55세,상해없음,승용,남,35세,경상
2016121500100518,2016년 12월 15일 19시,목요일,인천광역시 남구 관교동,부상신고사고,0,0,0,1,차대차 - 추돌,안전운전불이행,건조,맑음,교차로 - 교차로부근,자전거,남,17세,부상신고,승합,남,36세,상해없음
2016121500100519,2016년 12월 15일 19시,목요일,인천광역시 남구 용현동,경상사고,0,0,1,0,차대차 - 기타,안전운전불이행,건조,맑음,교차로 - 교차로부근,승용,여,43세,상해없음,이륜,남,17세,경상
2016121500100520,2016년 12월 15일 19시,목요일,인천광역시 남구 용현동,중상사고,0,1,0,0,차대차 - 기타,중앙선침범,건조,맑음,기타 - 기타,승용,남,71세,상해없음,이륜,남,20세,중상
2016121500100521,2016년 12월 15일 19시,목요일,인천광역시 남동구 논현동,경상사고,0,0,1,0,차대사람 - 횡단중,보행자보호의무위반,건조,맑음,교차로 - 교차로부근,승용,여,38세,상해없음,보행자,남,47세,경상
2016121500100545,2016년 12월 15일 20시,목요일,인천광역시 남구 용현동,경상사고,0,0,1,0,차대차 - 정면충돌,안전운전불이행,건조,맑음,단일로 - 기타,승용,여,42세,상해없음,이륜,남,32세,경상
2016121500100575,2016년 12월 15일 21시,목요일,인천광역시 중구 운서동,경상사고,0,0,1,0,차대차 - 기타,안전운전불이행,건조,맑음,단일로 - 기타,승용,남,58세,상해없음,화물,남,47세,경상
2016121500100576,2016년 12월 15일 21시,목요일,인천광역시 부평구 부평동,중상사고,0,3,4,0,차대차 - 정면충돌,중앙선침범,건조,맑음,교차로 - 교차로안,승용,남,33세,상해없음,승용,남,29세,경상
2016121500100605,2016년 12월 15일 22시,목요일,인천광역시 남구 문학동,중상사고,0,1,3,0,차대차 - 추돌,안전운전불이행,건조,맑음,단일로 - 기타,승용,남,33세,상해없음,승용,여,27세,경상
2016121500100635,2016년 12월 15일 23시,목요일,인천광역시 계양구 병방동,경상사고,0,0,1,0,차대차 - 측면직각충돌,안전거리미확보,건조,맑음,단일로 - 기타,승용,남,56세,상해없음,승용,남,40세,경상
2016121600100088,2016년 12월 16일 06시,금요일,인천광역시 남구 주안동,부상신고사고,0,0,0,1,차대차 - 측면직각충돌,신호위반,건조,맑음,교차로 - 교차로부근,승용,남,32세,상해없음,이륜,남,18세,부상신고
2016121600100089,2016년 12월 16일 06시,금요일,인천광역시 부평구 청천동,경상사고,0,0,1,0,차대차 - 측면충돌,안전운전불이행,건조,맑음,기타 - 기타,승용,남,55세,상해없음,자전거,여,50세,경상
2016121600100116,2016년 12월 16일 07시,금요일,인천광역시 서구 검암동,경상사고,0,0,1,1,차대차 - 측면충돌,신호위반,건조,맑음,교차로 - 교차로안,화물,남,61세,상해없음,화물,남,39세,경상
2016121600100158,2016년 12월 16일 08시,금요일,인천광역시 중구 운북동,경상사고,0,0,2,0,차대차 - 정면충돌,신호위반,건조,맑음,교차로 - 교차로안,승용,남,38세,상해없음,승용,남,52세,경상
2016121600100159,2016년 12월 16일 08시,금요일,인천광역시 강화군 선원면,경상사고,0,0,1,0,차대차 - 정면충돌,중앙선침범,건조,맑음,단일로 - 기타,승합,여,58세,상해없음,승합,남,57세,경상
2016121600100218,2016년 12월 16일 10시,금요일,인천광역시 계양구 계산동,경상사고,0,0,1,0,차대사람 - 기타,안전운전불이행,건조,맑음,교차로 - 교차로안,승용,여,30세,상해없음,보행자,여,24세,경상
2016121600100270,2016년 12월 16일 12시,금요일,인천광역시 남구 숭의동,중상사고,0,1,0,0,차대사람 - 차도통행중,안전운전불이행,건조,맑음,단일로 - 기타,승용,여,36세,상해없음,보행자,여,63세,중상
2016121600100356,2016년 12월 16일 14시,금요일,인천광역시 남구 주안동,경상사고,0,0,1,0,차대차 - 측면직각충돌,안전거리미확보,건조,맑음,교차로 - 교차로부근,승용,남,47세,상해없음,승용,여,56세,경상
2016121600100357,2016년 12월 16일 14시,금요일,인천광역시 남동구 만수동,경상사고,0,0,1,0,차대사람 - 기타,안전운전불이행,건조,맑음,교차로 - 교차로부근,승용,여,64세,상해없음,보행자,남,14세,경상
2016121600100393,2016년 12월 16일 15시,금요일,인천광역시 남동구 장수동,경상사고,0,0,1,0,차대차 - 기타,차로위반,건조,맑음,기타 - 기타,승용,남,62세,상해없음,화물,남,47세,경상
2016121600100394,2016년 12월 16일 15시,금요일,인천광역시 계양구 작전동,경상사고,0,0,4,0,차대차 - 기타,차로위반,건조,맑음,단일로 - 기타,승용,여,42세,상해없음,승용,여,44세,경상