사고번호,사고일시,요일,시군구,사고내용,사망자수,중상자수,경상자수,부상신고자수,사고유형,법규위반,노면상태,기상상태,도로형태,가해운전자 차종,가해운전자 성별,가해운전자 연령,가해운전자 상해정도,피해운전자 차종,피해운전자 성별,피해운전자 연령,피해운전자 상해정도
2016122100100849,2016년 12월 21일 23시,수요일,인천광역시 남동구 구월동,경상사고,0,0,1,0,차대차 - 측면직각충돌,중앙선침범,습기,비,단일로 - 기타,승용,남,28세,상해없음,승용,남,26세,경상
2016122100100850,2016년 12월 21일 23시,수요일,인천광역시 연수구 옥련동,경상사고,0,0,1,0,차대사람 - 횡단중,보행자보호의무위반,습기,비,교차로 - 교차로안,승용,여,58세,상해없음,보행자,남,46세,경상
2016122200100050,2016년 12월 22일 00시,목요일,인천광역시 남구 용현동,중상사고,0,1,0,0,차대사람 - 횡단중,안전운전불이행,습기,비,교차로 - 교차로부근,승용,남,62세,상해없음,보행자,남,41세,중상
2016122200100079,2016년 12월 22일 01시,목요일,인천광역시 서구 석남동,중상사고,0,1,0,0,차대사람 - 차도통행중,안전운전불이행,습기,비,단일로 - 기타,기타불명,기타불명,기타불명,기타불명,보행자,남,48세,중상
2016122200100080,2016년 12월 22일 01시,목요일,인천광역시 계양구 갈현동,부상신고사고,0,0,0,1,차대사람 - 기타,안전운전불이행,건조,맑음,기타 - 기타,승용,남,44세,상해없음,보행자,남,19세,부상신고
2016122200100134,2016년 12월 22일 05시,목요일,인천광역시 부평구 갈산동,경상사고,0,0,1,0,차대차 - 추돌,안전운전불이행,건조,맑음,교차로 - 교차로부근,승용,여,31세,상해없음,승용,여,64세,경상
2016122200100184,2016년 12월 22일 07시,목요일,인천광역시 남동구 구월동,중상사고,0,1,0,0,차대사람 - 횡단중,보행자보호의무위반,습기,비,교차로 - 교차로부근,승용,남,24세,상해없음,보행자,여,38세,중상
2016122200100185,2016년 12월 22일 07시,목요일,인천광역시 연수구 청학동,중상사고,0,1,0,0,차대사람 - 횡단중,신호위반,건조,맑음,단일로 - 기타,승용,남,45세,상해없음,보행자,여,47세,중상
2016122200100186,2016년 12월 22일 07시,목요일,인천광역시 부평구 구산동,중상사고,0,1,0,0,차대사람 - 보도통행중,기타,건조,맑음,단일로 - 기타,화물,남,69세,상해없음,보행자,남,65세,중상
2016122200100231,2016년 12월 22일 08시,목요일,인천광역시 부평구 삼산동,경상사고,0,0,1,0,차대차 - 측면충돌,신호위반,건조,맑음,교차로 - 교차로안,승용,남,23세,상해없음,승용,남,38세,경상
2016122200100248,2016년 12월 22일 09시,목요일,인천광역시 남동구 만수동,경상사고,0,0,1,0,차대차 - 기타,교차로운행방법위반,건조,맑음,교차로 - 교차로안,승용,남,33세,상해없음,승용,여,50세,경상
2016122200100271,2016년 12월 22일 10시,목요일,인천광역시 남동구 만수동,중상사고,0,1,0,0,차대사람 - 횡단중,보행자보호의무위반,습기,비,단일로 - 횡단보도상,승용,여,53세,상해없음,보행자,여,68세,중상
2016122200100291,2016년 12월 22일 11시,목요일,인천광역시 계양구 효성동,부상신고사고,0,0,0,2,차대차 - 정면충돌,신호위반,습기,비,교차로 - 교차로안,승용,여,29세,상해없음,승용,여,52세,부상신고
2016122200100311,2016년 12월 22일 12시,목요일,인천광역시 연수구 동춘동,경상사고,0,0,1,0,차대차 - 추돌,안전운전불이행,습기,비,교차로 - 교차로부근,승용,여,51세,상해없음,승용,여,44세,경상
2016122200100393,2016년 12월 22일 15시,목요일,인천광역시 부평구 청천동,경상사고,0,0,1,0,차대사람 - 횡단중,안전운전불이행,건조,맑음,단일로 - 기타,승용,남,32세,상해없음,보행자,여,72세,경상
2016122200100421,2016년 12월 22일 16시,목요일,인천광역시 남구 주안동,중상사고,0,1,0,0,차대차 - 기타,안전운전불이행,건조,맑음,교차로 - 교차로부근,승용,남,59세,상해없음,승용,남,72세,중상
2016122200100525,2016년 12월 22일 18시,목요일,인천광역시 남구 도화동,중상사고,0,1,0,0,차대사람 - 횡단중,안전운전불이행,습기,흐림,교차로 - 교차로안,승용,남,44세,상해없음,보행자,여,42세,중상
2016122200100526,2016년 12월 22일 18시,목요일,인천광역시 남동구 남촌동,경상사고,0,0,2,0,차대차 - 추돌,안전거리미확보,건조,맑음,미분류 - 미분류,승용,남,27세,상해없음,승용,남,29세,경상
2016122200100527,2016년 12월 22일 18시,목요일,인천광역시 부평구 삼산동,경상사고,0,0,1,0,차대차 - 측면직각충돌,차로위반,습기,맑음,단일로 - 기타,승용,여,32세,상해없음,승용,여,41세,경상
2016122200100607,2016년 12월 22일 20시,목요일,인천광역시 남동구 구월동,경상사고,0,0,1,0,차대차 - 기타,안전운전불이행,건조,맑음,교차로 - 교차로부근,승용,남,26세,상해없음,승용,남,37세,경상
2016122200100640,2016년 12월 22일 21시,목요일,인천광역시 남구 학익동,경상사고,0,0,1,0,차대차 - 측면직각충돌,안전운전불이행,건조,맑음,교차로 - 교차로부근,승용,여,54세,상해없음,승용,남,29세,경상
2016122200100641,2016년 12월 22일 21시,목요일,인천광역시 남구 주안동,중상사고,0,1,0,0,차대사람 - 횡단중,안전운전불이행,건조,맑음,단일로 - 기타,화물,남,47세,상해없음,보행자,여,70세,중상
2016122200100642,2016년 12월 22일 21시,목요일,인천광역시 부평구 십정동,중상사고,0,1,1,0,차대차 - 측면직각충돌,신호위반,습기,흐림,교차로 - 교차로안,승용,여,52세,상해없음,승용,남,63세,경상
2016122200100643,2016년 12월 22일 21시,목요일,인천광역시 서구 당하동,경상사고,0,0,1,0,차대차 - 기타,안전운전불이행,건조,맑음,교차로 - 교차로부근,승용,남,50세,상해없음,승용,남,31세,경상
2016122200100697,2016년 12월 22일 23시,목요일,인천광역시 남동구 간석동,경상사고,0,0,1,0,차대차 - 측면충돌,안전운전불이행,건조,맑음,단일로 - 기타,승용,남,22세,상해없음,승용,남,28세,경상
2016122300100020,2016년 12월 23일 00시,금요일,인천광역시 연수구 연수동,경상사고,0,0,1,0,차대사람 - 횡단중,안전운전불이행,건조,맑음,단일로 - 횡단보도상,승용,남,43세,상해없음,보행자,남,37세,경상
2016122300100038,2016년 12월 23일 01시,금요일,인천광역시 남동구 논현동,경상사고,0,0,1,0,차대사람 - 횡단중,안전운전불이행,건조,맑음,단일로 - 기타,승용,남,29세,상해없음,보행자,남,24세,경상
2016122300100051,2016년 12월 23일 03시,금요일,인천광역시 서구 연희동,경상사고,0,0,5,0,차대차 - 기타,신호위반,건조,맑음,교차로 - 교차로부근,승용,남,19세,상해없음,승용,남,22세,경상
2016122300100052,2016년 12월 23일 03시,금요일,인천광역시 부평구 부평동,경상사고,0,0,1,0,차대차 - 측면직각충돌,안전운전불이행,습기,흐림,교차로 - 교차로부근,이륜,남,42세,상해없음,이륜,남,24세,경상
2016122300100070,2016년 12월 23일 05시,금요일,인천광역시 서구 석남동,경상사고,0,0,2,0,차대차 - 측면충돌,안전거리미확보,건조,맑음,단일로 - 교량,승용,여,40세,상해없음,승용,여,48세,경상
2016122300100083,2016년 12월 23일 06시,금요일,인천광역시 서구 신현동,중상사고,0,1,0,0,차대차 - 기타,신호위반,건조,맑음,단일로 - 기타,승용,남,26세,상해없음,승용,여,62세,중상
2016122300100106,2016년 12월 23일 07시,금요일,인천광역시 남동구 논현동,중상사고,0,1,0,0,차대사람 - 횡단중,보행자보호의무위반,건조,맑음,단일로 - 횡단보도상,승합,남,57세,상해없음,보행자,남,49세,중상
2016122300100107,2016년 12월 23일 07시,금요일,인천광역시 남동구 논현동,경상사고,0,0,1,0,차대차 - 정면충돌,신호위반,건조,맑음,교차로 - 교차로안,승용,남,29세,상해없음,화물,남,62세,경상
2016122300100108,2016년 12월 23일 07시,금요일,인천광역시 남동구 고잔동,중상사고,0,1,1,0,차대차 - 측면충돌,교차로운행방법위반,건조,맑음,단일로 - 기타,승용,남,56세,상해없음,이륜,남,22세,중상
2016122300100109,2016년 12월 23일 07시,금요일,인천광역시 계양구 귤현동,경상사고,0,0,2,0,차대차 - 추돌,안전운전불이행,건조,맑음,단일로 - 기타,특수,남,56세,상해없음,승용,남,63세,경상
2016122300100186,2016년 12월 23일 09시,금요일,인천광역시 동구 송림동,중상사고,0,1,0,0,차대사람 - 횡단중,보행자보호의무위반,건조,맑음,단일로 - 횡단보도상,화물,남,50세,기타불명,보행자,여,58세,중상
2016122300100206,2016년 12월 23일 10시,금요일,인천광역시 남구 주안동,경상사고,0,0,2,0,차대차 - 추돌,안전운전불이행,건조,맑음,교차로 - 교차로부근,승용,남,58세,상해없음,승용,남,62세,경상
2016122300100207,2016년 12월 23일 10시,금요일,인천광역시 남동구 구월동,경상사고,0,0,2,0,차대차 - 측면충돌,교차로운행방법위반,건조,맑음,교차로 - 교차로안,승용,여,48세,경상,승용,남,65세,경상
2016122300100268,2016년 12월 23일 12시,금요일,인천광역시 동구 송림동,사망사고,1,0,0,0,차대사람 - 기타,안전운전불이행,건조,맑음,단일로 - 기타,승용,여,51세,상해없음,보행자,여,74세,사망
2016122300100269,2016년 12월 23일 12시,금요일,인천광역시 부평구 부평동,중상사고,0,1,0,0,차대차 - 기타,안전운전불이행,건조,맑음,단일로 - 기타,기타불명,기타불명,기타불명,기타불명,이륜,남,60세,중상
2016122300100322,2016년 12월 23일 14시,금요일,인천광역시 계양구 병방동,중상사고,0,1,0,0,차대사람 - 횡단중,보행자보호의무위반,건조,맑음,교차로 - 교차로안,승용,여,49세,상해없음,보행자,남,8세,중상
2016122300100353,2016년 12월 23일 15시,금요일,인천광역시 중구 운서동,경상사고,0,0,1,0,차대차 - 측면직각충돌,신호위반,건조,맑음,교차로 - 교차로안,화물,남,59세,상해없음,승용,남,61세,경상
2016122300100354,2016년 12월 23일 15시,금요일,인천광역시 계양구 병방동,경상사고,0,0,1,0,차대차 - 추돌,안전운전불이행,건조,맑음,단일로 - 횡단보도부근,승용,남,40세,상해없음,승용,남,56세,경상
2016122300100355,2016년 12월 23일 15시,금요일,인천광역시 남동구 장수동,부상신고사고,0,0,0,3,차대차 - 추돌,차로위반,건조,맑음,단일로 - 기타,승용,기타불명,기타불명,기타불명,승용,여,47세,부상신고
2016122300100476,2016년 12월 23일 18시,금요일,인천광역시 중구 중산동,경상사고,0,0,1,0,차대차 - 추돌,안전운전불이행,건조,맑음,단일로 - 기타,승용,여,40세,상해없음,승용,여,34세,경상
2016122300100478,2016년 12월 23일 18시,금요일,인천광역시 남구 주안동,경상사고,0,0,1,0,차대차 - 추돌,안전거리미확보,건조,맑음,교차로 - 교차로부근,승용,남,23세,기타불명,승용,남,44세,상해없음
2016122300100479,2016년 12월 23일 18시,금요일,인천광역시 남동구 남촌동,경상사고,0,0,1,0,차대차 - 추돌,차로위반,건조,맑음,단일로 - 기타,승용,남,39세,상해없음,승용,남,44세,경상
2016122300100526,2016년 12월 23일 19시,금요일,인천광역시 계양구 박촌동,중상사고,0,1,0,0,차대차 - 정면충돌,신호위반,건조,맑음,교차로 - 교차로안,승용,남,52세,상해없음,승용,여,55세,중상
2016122300100527,2016년 12월 23일 19시,금요일,인천광역시 계양구 작전동,경상사고,0,0,1,0,차대차 - 측면직각충돌,차로위반,건조,맑음,교차로 - 교차로부근,승용,남,31세,상해없음,이륜,남,25세,경상
2016122300100528,2016년 12월 23일 19시,금요일,인천광역시 부평구 부평동,경상사고,0,0,1,0,차대사람 - 기타,안전운전불이행,건조,맑음,단일로 - 기타,승용,남,22세,상해없음,보행자,여,54세,경상
2016122300100529,2016년 12월 23일 19시,금요일,인천광역시 계양구 효성동,경상사고,0,0,3,0,차대차 - 추돌,과속,건조,맑음,단일로 - 기타,승용,남,21세,상해없음,승용,남,58세,경상
2016122300100571,2016년 12월 23일 20시,금요일,인천광역시 서구 심곡동,경상사고,0,0,1,0,차대사람 - 기타,안전운전불이행,건조,맑음,단일로 - 기타,승용,남,41세,상해없음,보행자,남,50세,경상
2016122300100609,2016년 12월 23일 21시,금요일,인천광역시 연수구 선학동,경상사고,0,0,3,0,차대차 - 기타,안전거리미확보,건조,맑음,단일로 - 기타,승용,남,69세,상해없음,승용,남,29세,상해없음
2016122300100652,2016년 12월 23일 22시,금요일,인천광역시 남동구 고잔동,부상신고사고,0,0,0,1,차대차 - 측면직각충돌,안전운전불이행,건조,맑음,교차로 - 교차로안,승용,남,45세,상해없음,승용,여,39세,부상신고
2016122300100653,2016년 12월 23일 22시,금요일,인천광역시 남동구 만수동,경상사고,0,0,3,0,차대차 - 추돌,안전운전불이행,건조,맑음,교차로 - 교차로부근,승용,남,67세,상해없음,승용,여,53세,기타불명
2016122300100654,2016년 12월 23일 22시,금요일,인천광역시 연수구 동춘동,경상사고,0,0,1,0,차대차 - 추돌,안전운전불이행,건조,맑음,단일로 - 기타,화물,남,72세,경상,승합,남,58세,상해없음
2016122300100655,2016년 12월 23일 22시,금요일,인천광역시 부평구 삼산동,경상사고,0,0,2,0,차대차 - 측면직각충돌,안전거리미확보,건조,맑음,단일로 - 기타,화물,남,56세,상해없음,승용,남,34세,경상
2016122300100686,2016년 12월 23일 23시,금요일,인천광역시 남동구 논현동,경상사고,0,0,1,0,차대차 - 기타,신호위반,건조,맑음,교차로 - 교차로안,승용,여,37세,상해없음,이륜,여,23세,경상
2016122400100018,2016년 12월 24일 00시,토요일,인천광역시 남구 문학동,경상사고,0,0,1,0,차량단독 - 기타,안전운전불이행,건조,맑음,단일로 - 기타,승용,남,53세,상해없음,,,,
2016122400100019,2016년 12월 24일 00시,토요일,인천광역시 남동구 간석동,중상사고,0,1,0,0,차대사람 - 횡단중,안전운전불이행,건조,맑음,단일로 - 기타,승용,남,55세,상해없음,보행자,여,62세,중상
2016122400100041,2016년 12월 24일 01시,토요일,인천광역시 부평구 십정동,경상사고,0,0,1,0,차대차 - 추돌,안전운전불이행,건조,맑음,교차로 - 교차로부근,승용,남,34세,상해없음,승용,남,68세,경상
2016122400100042,2016년 12월 24일 01시,토요일,인천광역시 부평구 부평동,중상사고,0,1,0,0,차대사람 - 기타,안전운전불이행,건조,맑음,단일로 - 기타,승용,남,24세,상해없음,보행자,남,74세,중상
2016122400100066,2016년 12월 24일 02시,토요일,인천광역시 남구 주안동,중상사고,0,1,0,0,차대사람 - 횡단중,보행자보호의무위반,건조,맑음,교차로 - 교차로안,기타불명,기타불명,기타불명,기타불명,보행자,남,51세,중상
2016122400100163,2016년 12월 24일 09시,토요일,인천광역시 부평구 부개동,경상사고,0,0,1,0,차대차 - 측면직각충돌,신호위반,건조,맑음,단일로 - 기타,승용,남,71세,상해없음,승용,남,40세,경상
2016122400100279,2016년 12월 24일 14시,토요일,인천광역시 남동구 서창동,경상사고,0,0,1,0,차대차 - 측면충돌,교차로운행방법위반,건조,맑음,교차로 - 교차로부근,승용,여,40세,상해없음,승용,남,56세,경상
2016122400100311,2016년 12월 24일 15시,토요일,인천광역시 남동구 구월동,경상사고,0,0,1,0,차대차 - 추돌,안전운전불이행,건조,맑음,단일로 - 기타,승용,남,56세,상해없음,승용,남,33세,상해없음
2016122400100377,2016년 12월 24일 17시,토요일,인천광역시 계양구 임학동,경상사고,0,0,2,0,차대차 - 추돌,안전운전불이행,건조,맑음,교차로 - 교차로부근,승용,여,41세,상해없음,승용,남,18세,경상
2016122400100428,2016년 12월 24일 18시,토요일,인천광역시 연수구 송도동,중상사고,0,1,0,0,차대차 - 기타,안전운전불이행,건조,맑음,교차로 - 교차로부근,승용,남,37세,상해없음,이륜,남,35세,중상
2016122400100502,2016년 12월 24일 20시,토요일,인천광역시 중구 을왕동,중상사고,0,2,0,0,차대차 - 추돌,안전운전불이행,건조,맑음,단일로 - 기타,승용,남,19세,상해없음,승용,여,31세,중상
2016122400100503,2016년 12월 24일 20시,토요일,인천광역시 계양구 효성동,부상신고사고,0,0,0,1,차대차 - 기타,안전운전불이행,건조,맑음,교차로 - 교차로안,화물,여,51세,상해없음,승용,남,31세,부상신고
2016122400100529,2016년 12월 24일 21시,토요일,인천광역시 연수구 연수동,중상사고,0,1,0,0,차대사람 - 횡단중,보행자보호의무위반,건조,맑음,단일로 - 횡단보도상,승용,남,46세,상해없음,보행자,여,25세,중상
2016122400100530,2016년 12월 24일 21시,토요일,인천광역시 부평구 부평동,경상사고,0,0,1,0,차대차 - 기타,기타,건조,맑음,단일로 - 기타,승용,남,26세,상해없음,원동기,남,22세,경상
2016122400100555,2016년 12월 24일 22시,토요일,인천광역시 계양구 상야동,경상사고,0,0,4,0,차대차 - 기타,교차로운행방법위반,건조,맑음,단일로 - 기타,승용,남,47세,상해없음,승합,남,49세,상해없음
2016122500100042,2016년 12월 25일 02시,일요일,인천광역시 연수구 연수동,경상사고,0,0,2,0,차대차 - 측면직각충돌,안전운전불이행,건조,맑음,교차로 - 교차로안,승용,여,55세,상해없음,승용,남,31세,경상
2016122500100069,2016년 12월 25일 05시,일요일,인천광역시 연수구 송도동,중상사고,0,2,3,0,차대차 - 추돌,안전운전불이행,결빙,맑음,단일로 - 기타,승용,남,31세,상해없음,승용,남,48세,경상
2016122500100115,2016년 12월 25일 09시,일요일,인천광역시 서구 가정동,중상사고,0,2,0,0,차대차 - 정면충돌,중앙선침범,건조,맑음,단일로 - 기타,승용,남,54세,상해없음,승용,남,51세,중상
2016122500100229,2016년 12월 25일 14시,일요일,인천광역시 남동구 만수동,경상사고,0,0,1,0,차대차 - 추돌,안전운전불이행,건조,맑음,교차로 - 교차로부근,승용,남,20세,상해없음,승용,남,53세,경상
2016122500100230,2016년 12월 25일 14시,일요일,인천광역시 부평구 부평동,경상사고,0,0,1,0,차대차 - 추돌,교차로운행방법위반,건조,맑음,교차로 - 교차로안,승합,남,52세,상해없음,승용,남,58세,경상
2016122500100270,2016년 12월 25일 16시,일요일,인천광역시 서구 당하동,경상사고,0,0,2,0,차대차 - 측면직각충돌,안전운전불이행,건조,맑음,교차로 - 교차로부근,승용,여,47세,상해없음,승용,여,43세,경상
2016122500100333,2016년 12월 25일 18시,일요일,인천광역시 부평구 산곡동,경상사고,0,0,1,0,차대차 - 추돌,안전운전불이행,건조,맑음,단일로 - 기타,승용,남,28세,상해없음,승용,여,42세,경상
2016122500100368,2016년 12월 25일 19시,일요일,인천광역시 서구 원창동,중상사고,0,3,2,0,차대차 - 측면직각충돌,신호위반,건조,맑음,교차로 - 교차로안,승용,남,69세,중상,승용,여,28세,중상
2016122500100433,2016년 12월 25일 22시,일요일,인천광역시 동구 송현동,중상사고,0,1,0,0,차대차 - 기타,안전운전불이행,건조,맑음,교차로 - 교차로부근,승용,남,35세,상해없음,승용,남,52세,중상
2016122500100434,2016년 12월 25일 22시,일요일,인천광역시 부평구 산곡동,경상사고,0,0,1,0,차대차 - 측면직각충돌,안전운전불이행,건조,맑음,교차로 - 교차로부근,승합,남,59세,상해없음,승용,남,30세,경상
2016122600100034,2016년 12월 26일 03시,월요일,인천광역시 연수구 연수동,중상사고,0,1,0,0,차대차 - 기타,안전운전불이행,건조,맑음,단일로 - 기타,이륜,남,17세,기타불명,이륜,남,17세,중상
2016122600100072,2016년 12월 26일 06시,월요일,인천광역시 서구 가좌동,경상사고,0,0,1,0,차대차 - 정면충돌,안전운전불이행,건조,맑음,교차로 - 교차로안,승합,남,46세,상해없음,승용,남,65세,경상
2016122600100090,2016년 12월 26일 07시,월요일,인천광역시 중구 운서동,중상사고,0,1,0,0,차대차 - 정면충돌,교차로운행방법위반,건조,맑음,교차로 - 교차로안,승용,남,57세,상해없음,승용,남,34세,중상
2016122600100150,2016년 12월 26일 09시,월요일,인천광역시 남동구 남촌동,중상사고,0,1,0,0,차량단독 - 기타,기타,건조,맑음,단일로 - 기타,승합,남,50세,상해없음,,,,
2016122600100222,2016년 12월 26일 12시,월요일,인천광역시 계양구 장기동,경상사고,0,0,1,0,차대사람 - 기타,안전운전불이행,건조,맑음,단일로 - 기타,승용,남,69세,상해없음,보행자,여,50세,경상
2016122600100223,2016년 12월 26일 12시,월요일,인천광역시 부평구 부평동,경상사고,0,0,1,0,차대차 - 측면직각충돌,안전운전불이행,건조,맑음,교차로 - 교차로부근,자전거,여,73세,경상,건설기계,남,51세,상해없음
2016122600100256,2016년 12월 26일 13시,월요일,인천광역시 계양구 갈현동,경상사고,0,0,2,0,차대차 - 추돌,안전거리미확보,건조,맑음,교차로 - 교차로부근,승용,남,61세,상해없음,승용,남,36세,경상
2016122600100257,2016년 12월 26일 13시,월요일,인천광역시 부평구 일신동,중상사고,0,1,0,0,차대차 - 정면충돌,중앙선침범,건조,맑음,단일로 - 기타,화물,남,47세,상해없음,승용,남,46세,중상
2016122600100317,2016년 12월 26일 15시,월요일,인천광역시 남동구 간석동,중상사고,0,3,0,0,차대차 - 기타,신호위반,건조,맑음,교차로 - 교차로안,승용,여,39세,상해없음,승용,남,60세,중상
2016122600100318,2016년 12월 26일 15시,월요일,인천광역시 서구 심곡동,중상사고,0,1,0,0,차대사람 - 길가장자리구역통행중,안전운전불이행,건조,맑음,단일로 - 기타,승용,여,53세,기타불명,보행자,여,17세,중상
2016122600100319,2016년 12월 26일 15시,월요일,인천광역시 계양구 효성동,경상사고,0,0,1,0,차대차 - 기타,안전운전불이행,건조,맑음,교차로 - 교차로부근,화물,남,53세,상해없음,승용,남,36세,경상
2016122600100458,2016년 12월 26일 18시,월요일,인천광역시 서구 당하동,경상사고,0,0,1,0,차대사람 - 횡단중,보행자보호의무위반,건조,맑음,교차로 - 교차로안,승용,남,45세,상해없음,보행자,남,9세,경상
2016122600100501,2016년 12월 26일 19시,월요일,인천광역시 서구 당하동,경상사고,0,0,3,0,차대차 - 기타,신호위반,건조,맑음,교차로 - 교차로안,승용,여,38세,상해없음,승용,여,54세,경상
2016122600100571,2016년 12월 26일 21시,월요일,인천광역시 계양구 작전동,경상사고,0,0,2,0,차대차 - 추돌,안전운전불이행,건조,맑음,단일로 - 기타,승용,남,50세,상해없음,승용,남,53세,경상
2016122600100602,2016년 12월 26일 22시,월요일,인천광역시 부평구 부개동,경상사고,0,0,2,0,차대차 - 정면충돌,중앙선침범,건조,맑음,교차로 - 교차로부근,승용,남,51세,상해없음,승용,여,25세,경상
2016122600100626,2016년 12월 26일 23시,월요일,인천광역시 남동구 만수동,경상사고,0,0,2,0,차대사람 - 횡단중,신호위반,건조,맑음,교차로 - 교차로안,이륜,남,47세,경상,보행자,여,19세,경상
2016122600100627,2016년 12월 26일 23시,월요일,인천광역시 남동구 만수동,경상사고,0,0,2,0,차대차 - 정면충돌,안전운전불이행,건조,맑음,교차로 - 교차로부근,승용,남,26세,상해없음,승용,남,47세,경상
2016122700100017,2016년 12월 27일 00시,화요일,인천광역시 부평구 청천동,경상사고,0,0,1,0,차대차 - 기타,안전운전불이행,건조,맑음,단일로 - 기타,승용,남,42세,상해없음,승용,여,38세,경상
2016122700100074,2016년 12월 27일 06시,화요일,인천광역시 남동구 만수동,중상사고,0,1,0,0,차대사람 - 횡단중,보행자보호의무위반,건조,맑음,단일로 - 횡단보도상,승용,여,65세,상해없음,보행자,남,31세,중상
2016122700100075,2016년 12월 27일 06시,화요일,인천광역시 부평구 부평동,중상사고,0,1,0,0,차대사람 - 기타,교차로운행방법위반,건조,맑음,교차로 - 교차로안,화물,남,39세,상해없음,보행자,여,63세,중상
2016122700100101,2016년 12월 27일 07시,화요일,인천광역시 남동구 만수동,경상사고,0,0,1,0,차대차 - 측면직각충돌,안전운전불이행,건조,맑음,교차로 - 교차로안,승용,남,31세,상해없음,승용,여,46세,경상
2016122700100102,2016년 12월 27일 07시,화요일,인천광역시 부평구 부평동,중상사고,0,1,0,0,차대사람 - 기타,안전운전불이행,건조,맑음,교차로 - 교차로부근,승용,남,36세,상해없음,보행자,여,49세,중상
2016122700100131,2016년 12월 27일 08시,화요일,인천광역시 남동구 간석동,경상사고,0,0,1,0,차대차 - 측면직각충돌,안전운전불이행,건조,맑음,교차로 - 교차로안,승용,남,32세,상해없음,자전거,남,14세,경상
2016122700100174,2016년 12월 27일 10시,화요일,인천광역시 부평구 청천동,중상사고,0,1,0,0,차대차 - 추돌,안전운전불이행,건조,맑음,교차로 - 교차로부근,화물,남,59세,상해없음,자전거,남,71세,중상
2016122700100175,2016년 12월 27일 10시,화요일,인천광역시 남동구 장수동,경상사고,0,0,2,0,차대차 - 측면직각충돌,차로위반,건조,맑음,단일로 - 교량,화물,남,26세,상해없음,승용,남,49세,경상
2016122700100176,2016년 12월 27일 10시,화요일,인천광역시 서구 연희동,경상사고,0,0,2,0,차대차 - 측면충돌,차로위반,건조,맑음,단일로 - 기타,승용,여,35세,경상,승용,남,38세,경상
2016122700100177,2016년 12월 27일 10시,화요일,인천광역시 서구 마전동,중상사고,0,1,0,0,차대사람 - 차도통행중,안전운전불이행,건조,맑음,단일로 - 기타,승용,여,54세,상해없음,보행자,남,25세,중상
2016122700100194,2016년 12월 27일 11시,화요일,인천광역시 중구 운남동,중상사고,0,1,0,0,차대차 - 측면직각충돌,신호위반,건조,맑음,교차로 - 교차로안,승용,남,53세,상해없음,승용,남,49세,중상
2016122700100224,2016년 12월 27일 12시,화요일,인천광역시 서구 가좌동,경상사고,0,0,1,0,차대차 - 측면직각충돌,안전운전불이행,건조,맑음,단일로 - 기타,건설기계,남,57세,상해없음,승용,남,28세,경상
2016122700100253,2016년 12월 27일 13시,화요일,인천광역시 남동구 간석동,경상사고,0,0,4,0,차대차 - 측면직각충돌,교차로운행방법위반,건조,맑음,교차로 - 교차로안,승용,남,68세,상해없음,승용,여,47세,상해없음
2016122700100331,2016년 12월 27일 15시,화요일,인천광역시 계양구 용종동,경상사고,0,0,1,0,차대차 - 추돌,안전운전불이행,건조,맑음,교차로 - 교차로부근,화물,남,64세,상해없음,화물,남,61세,경상
2016122700100363,2016년 12월 27일 16시,화요일,인천광역시 중구 중산동,중상사고,0,1,0,0,차대차 - 기타,신호위반,건조,맑음,단일로 - 횡단보도상,승용,여,50세,상해없음,자전거,여,40세,중상
2016122700100364,2016년 12월 27일 16시,화요일,인천광역시 남동구 남촌동,경상사고,0,0,1,0,차대차 - 추돌,안전거리미확보,건조,맑음,단일로 - 기타,승용,여,44세,상해없음,승용,남,36세,경상
2016122700100365,2016년 12월 27일 16시,화요일,인천광역시 계양구 작전동,경상사고,0,0,1,0,차대차 - 측면충돌,안전운전불이행,건조,맑음,교차로 - 교차로안,승용,여,25세,상해없음,승용,남,59세,경상
2016122700100397,2016년 12월 27일 17시,화요일,인천광역시 남동구 구월동,경상사고,0,0,1,0,차대차 - 측면직각충돌,안전거리미확보,건조,맑음,단일로 - 기타,승용,남,60세,상해없음,이륜,남,21세,경상
2016122700100398,2016년 12월 27일 17시,화요일,인천광역시 남동구 만수동,경상사고,0,0,1,0,차대차 - 측면직각충돌,교차로운행방법위반,건조,맑음,교차로 - 교차로안,화물,남,25세,상해없음,승용,남,41세,경상
2016122700100399,2016년 12월 27일 17시,화요일,인천광역시 서구 당하동,경상사고,0,0,4,0,차대차 - 기타,안전운전불이행,건조,맑음,단일로 - 기타,화물,남,18세,상해없음,승용,여,61세,경상
2016122700100400,2016년 12월 27일 17시,화요일,인천광역시 서구 연희동,경상사고,0,0,2,0,차대차 - 기타,직진우회전진행방해,건조,맑음,교차로 - 교차로안,승용,남,20세,상해없음,승용,남,37세,경상
2016122700100401,2016년 12월 27일 17시,화요일,인천광역시 남동구 장수동,경상사고,0,0,1,0,차대차 - 기타,안전운전불이행,건조,맑음,단일로 - 기타,승용,여,57세,상해없음,승용,남,60세,경상
2016122700100482,2016년 12월 27일 19시,화요일,인천광역시 부평구 구산동,경상사고,0,0,1,0,차대차 - 측면직각충돌,교차로운행방법위반,건조,맑음,교차로 - 교차로안,승용,여,33세,상해없음,승용,남,24세,경상